label,x0,y0,z0,x1,y1,z1,x2,y2,z2,x3,y3,z3,x4,y4,z4,x5,y5,z5,x6,y6,z6,x7,y7,z7,x8,y8,z8,x9,y9,z9,x10,y10,z10,x11,y11,z11,x12,y12,z12,x13,y13,z13,x14,y14,z14,x15,y15,z15,x16,y16,z16,x17,y17,z17,x18,y18,z18,x19,y19,z19
A,0.702237606048584,0.6459707021713257,-4.277427763099695e-07,0.6483520865440369,0.6274169683456421,-0.017343835905194283,0.607079803943634,0.559369683265686,-0.02206585370004177,0.5879179835319519,0.4851081371307373,-0.0282989963889122,0.5857643485069275,0.4326990842819214,-0.027641495689749718,0.6142622232437134,0.4808267056941986,0.012662124820053577,0.606168806552887,0.4163018465042114,-0.00805300660431385,0.6166964173316956,0.4634028971195221,-0.017418034374713898,0.6223952770233154,0.4983726739883423,-0.018670884892344475,0.6429989337921143,0.46813642978668213,0.013868894428014755,0.6337598562240601,0.4067983627319336,-0.005927069578319788,0.6427903175354004,0.46472206711769104,-0.008815398439764977,0.6460791230201721,0.49101054668426514,-0.0038934105541557074,0.6724153161048889,0.464057981967926,0.009141028858721256,0.665951669216156,0.3986714482307434,-0.010956238023936749,0.6702564358711243,0.4482623338699341,-0.004545493051409721,0.6719812750816345,0.48104098439216614,0.0069956229999661446,0.7029269933700562,0.46631890535354614,0.0022760224528610706,0.6956192255020142,0.411533921957016,-0.008958103135228157,0.6950900554656982,0.4373939633369446,-0.004143890459090471,0.6972017884254456,0.4658795893192291,0.004358798265457153
A,0.704472541809082,0.659028172492981,-4.2568478875182336e-07,0.6496168971061707,0.6299296021461487,-0.02142784558236599,0.6079283952713013,0.5645647048950195,-0.029627926647663116,0.5864561796188354,0.4901157319545746,-0.03878249600529671,0.5860118269920349,0.43368643522262573,-0.04115445539355278,0.6155120730400085,0.4819835424423218,0.010662275366485119,0.6076539158821106,0.41801777482032776,-0.009962624870240688,0.6188730597496033,0.4623638093471527,-0.022352835163474083,0.6253937482833862,0.5018249750137329,-0.02651527337729931,0.6456708312034607,0.4696918725967407,0.013230687007308006,0.6362858414649963,0.4065624475479126,-0.006675707176327705,0.6444160342216492,0.462175577878952,-0.014470284804701805,0.6470779180526733,0.49598759412765503,-0.013972392305731773,0.6744686365127563,0.46706622838974,0.009876621887087822,0.6674308776855469,0.3984955847263336,-0.009099789895117283,0.6712877154350281,0.4413270056247711,-0.006600796245038509,0.6728504300117493,0.4796306788921356,0.001415853388607502,0.703896701335907,0.47318196296691895,0.003952371887862682,0.6969265937805176,0.41386547684669495,-0.006571684032678604,0.6963011026382446,0.4316845238208771,-0.0035215404350310564,0.6972339153289795,0.4608805775642395,0.002978600561618805
A,0.7065584063529968,0.6557621359825134,-4.545675551526074e-07,0.6511648893356323,0.6337636709213257,-0.02063628099858761,0.607032060623169,0.5665935277938843,-0.027118030935525894,0.5858815908432007,0.49074989557266235,-0.03489070385694504,0.5869502425193787,0.43624281883239746,-0.035546667873859406,0.6149295568466187,0.4829118549823761,0.011938805691897869,0.6065109372138977,0.4178237020969391,-0.008364471606910229,0.6179526448249817,0.4646117389202118,-0.018282491713762283,0.6236096024513245,0.4951048195362091,-0.020701006054878235,0.6452965140342712,0.4702926576137543,0.014061817899346352,0.6358413100242615,0.4088836908340454,-0.006141846999526024,0.6449558734893799,0.46674126386642456,-0.01099516823887825,0.6470038890838623,0.49148252606391907,-0.007952742278575897,0.6753739714622498,0.46627673506736755,0.010057996958494186,0.668706476688385,0.3980841040611267,-0.010259988717734814,0.6740253567695618,0.4468723237514496,-0.004864848684519529,0.6747228503227234,0.480399489402771,0.005750489886850119,0.705482006072998,0.4697081744670868,0.0035251849330961704,0.6999314427375793,0.4108462929725647,-0.007349707651883364,0.6999236345291138,0.4329198896884918,-0.0027096376288682222,0.7008472084999084,0.4605013430118561,0.005371803417801857
A,0.7069098949432373,0.6603716611862183,-4.652177665320778e-07,0.6517091393470764,0.6345945596694946,-0.02085544727742672,0.6086911559104919,0.5672956109046936,-0.02802428789436817,0.5883150696754456,0.491196870803833,-0.036478638648986816,0.5899678468704224,0.4353538155555725,-0.03795541822910309,0.6152498126029968,0.4830465614795685,0.012558558955788612,0.6068044900894165,0.41807740926742554,-0.00931017380207777,0.6177709102630615,0.4651995003223419,-0.021182944998145103,0.6238396167755127,0.49727699160575867,-0.024811262264847755,0.6458795070648193,0.47057944536209106,0.014414245262742043,0.635844886302948,0.40725404024124146,-0.006708061788231134,0.6454116702079773,0.4669501483440399,-0.012400475330650806,0.6472991108894348,0.49358636140823364,-0.009838121011853218,0.6760230660438538,0.4671979248523712,0.009967696852982044,0.6678476929664612,0.40009647607803345,-0.011037352494895458,0.6737886667251587,0.45087945461273193,-0.005638553760945797,0.674530029296875,0.48487311601638794,0.005009535700082779,0.7065150737762451,0.4713071286678314,0.002971762092784047,0.6983108520507812,0.4131472110748291,-0.008015230298042297,0.6990485191345215,0.4378756880760193,-0.002800094662234187,0.7003812789916992,0.46581703424453735,0.005617441143840551
A,0.7071737051010132,0.6595844030380249,-4.3242150127298373e-07,0.6523433327674866,0.6338526010513306,-0.02308175526559353,0.6106690764427185,0.5659400224685669,-0.03137902542948723,0.5892011523246765,0.4897155463695526,-0.040503475815057755,0.5877131819725037,0.4327924847602844,-0.04255523532629013,0.6172553896903992,0.48254749178886414,0.009254010394215584,0.6085455417633057,0.4176928400993347,-0.013066580519080162,0.6202906370162964,0.4635763168334961,-0.024810289964079857,0.6268406510353088,0.49984750151634216,-0.027955245226621628,0.6475681066513062,0.4696539044380188,0.012543375603854656,0.6375159025192261,0.4070625901222229,-0.009172576479613781,0.6472543478012085,0.4657037556171417,-0.015383757650852203,0.6502610445022583,0.49595609307289124,-0.01298611517995596,0.6772143244743347,0.4663165509700775,0.009517422877252102,0.6692347526550293,0.39834004640579224,-0.012108190916478634,0.6748434901237488,0.4459449052810669,-0.008374706842005253,0.6771997213363647,0.48272547125816345,0.0014133976073935628,0.7073386311531067,0.47090163826942444,0.003856624709442258,0.6994120478630066,0.4129519462585449,-0.008725561201572418,0.6998593807220459,0.43262892961502075,-0.005738294683396816,0.7018043994903564,0.4603537321090698,0.0014422384556382895
A,0.7058377265930176,0.6571475267410278,-4.173900265413977e-07,0.6533028483390808,0.6326714158058167,-0.022910749539732933,0.6102538704872131,0.5660994052886963,-0.031222693622112274,0.5881965756416321,0.49192315340042114,-0.04056549817323685,0.5892122983932495,0.43599843978881836,-0.0425681509077549,0.6184845566749573,0.4813213646411896,0.010899022221565247,0.6101595759391785,0.41818878054618835,-0.01289343647658825,0.6210347414016724,0.46583253145217896,-0.02511567436158657,0.6274283528327942,0.4979698956012726,-0.028185706585645676,0.6475378274917603,0.46949976682662964,0.013729074969887733,0.6396017074584961,0.40881720185279846,-0.00899150874465704,0.6477848887443542,0.4683835804462433,-0.01419162843376398,0.6498337388038635,0.49331656098365784,-0.010507646948099136,0.6770851612091064,0.4662196636199951,0.00984750222414732,0.6717880368232727,0.39991456270217896,-0.012393854558467865,0.675971508026123,0.4515928626060486,-0.006307308562099934,0.6769657731056213,0.48422715067863464,0.0054881335236132145,0.7067300081253052,0.46993115544319153,0.0032198575790971518,0.7019920349121094,0.41297560930252075,-0.00833829678595066,0.7006500363349915,0.438369482755661,-0.0029655660036951303,0.7018630504608154,0.4656198024749756,0.006091974209994078
A,0.7068626284599304,0.6600448489189148,-3.895505358286755e-07,0.6525657773017883,0.6363565325737,-0.023318637162446976,0.608723521232605,0.5669176578521729,-0.03148004040122032,0.5878839492797852,0.4904060959815979,-0.040311213582754135,0.590607225894928,0.4346662759780884,-0.04196746647357941,0.6170914769172668,0.4873304069042206,0.009525354951620102,0.6096271276473999,0.42077919840812683,-0.01254307385534048,0.6223075985908508,0.46388497948646545,-0.024264559149742126,0.6281221508979797,0.49838119745254517,-0.027484409511089325,0.6469449996948242,0.47377997636795044,0.01282320823520422,0.6388458609580994,0.4095202684402466,-0.008422598242759705,0.6492879986763,0.4642797112464905,-0.014969569630920887,0.6504811644554138,0.49329546093940735,-0.012983880937099457,0.6765234470367432,0.47001373767852783,0.009787715040147305,0.6714386940002441,0.40001997351646423,-0.01093476451933384,0.6777505874633789,0.4467213749885559,-0.007317188195884228,0.6777817606925964,0.4820621609687805,0.0019571962766349316,0.706450879573822,0.4739339351654053,0.0040674456395208836,0.7015056014060974,0.41625678539276123,-0.007597917690873146,0.7022504210472107,0.43739888072013855,-0.0044280108995735645,0.7025168538093567,0.46444839239120483,0.0024997268337756395
A,0.7056185007095337,0.6575713157653809,-4.100188562006224e-07,0.6505700349807739,0.6342450976371765,-0.021362708881497383,0.6079109311103821,0.5647634863853455,-0.02806445024907589,0.587591290473938,0.4884224236011505,-0.035882093012332916,0.5883053541183472,0.4328959584236145,-0.036568764597177505,0.6176623106002808,0.4833815395832062,0.012351457960903645,0.6104811429977417,0.4159417450428009,-0.009120519272983074,0.6214190721511841,0.46392613649368286,-0.020135877653956413,0.6262979507446289,0.49653977155685425,-0.023050948977470398,0.646600604057312,0.47064459323883057,0.014606022275984287,0.6383719444274902,0.4071137011051178,-0.007028824649751186,0.6478973627090454,0.4662841558456421,-0.012422267347574234,0.6489529013633728,0.49325495958328247,-0.009148329496383667,0.6758706569671631,0.46738046407699585,0.010468770749866962,0.6701023578643799,0.3988502621650696,-0.010447376407682896,0.675457239151001,0.44998469948768616,-0.005004882346838713,0.6750854253768921,0.4833548963069916,0.005826798267662525,0.7053406238555908,0.4712510108947754,0.003772034076973796,0.6988683342933655,0.41598814725875854,-0.006893261801451445,0.6984825730323792,0.44302091002464294,-0.0019511053105816245,0.6989805102348328,0.47078993916511536,0.00624990975484252
A,0.7073463797569275,0.6578470468521118,-4.3646556946441706e-07,0.6512147188186646,0.6350579857826233,-0.021112728863954544,0.6089532971382141,0.5647711753845215,-0.027933860197663307,0.5883011817932129,0.4894155263900757,-0.035751353949308395,0.5866507291793823,0.4337082505226135,-0.036291249096393585,0.6185240149497986,0.4831921458244324,0.009738972410559654,0.6102391481399536,0.4170183837413788,-0.011319611221551895,0.6203280091285706,0.46562883257865906,-0.02114180475473404,0.6255391240119934,0.49854806065559387,-0.023258529603481293,0.6476472616195679,0.47163620591163635,0.011975898407399654,0.6383715271949768,0.40892380475997925,-0.009562586434185505,0.6469659805297852,0.46738097071647644,-0.014897909015417099,0.6488860845565796,0.494352251291275,-0.011822188273072243,0.677019476890564,0.4688357710838318,0.008170783519744873,0.6695323586463928,0.39922428131103516,-0.012923522852361202,0.675068736076355,0.4490174949169159,-0.008087714202702045,0.6765646934509277,0.4832165241241455,0.0022266311571002007,0.7068101763725281,0.4729067385196686,0.0019258391112089157,0.6990560293197632,0.4169175624847412,-0.009880607947707176,0.6995181441307068,0.4390224516391754,-0.006237803027033806,0.7013030052185059,0.46519938111305237,0.0012150111142545938
A,0.7069247961044312,0.6604858636856079,-4.464530434233893e-07,0.6511428952217102,0.6343716382980347,-0.021897226572036743,0.6083799600601196,0.5674172639846802,-0.02905968204140663,0.5856947302818298,0.49304792284965515,-0.037272099405527115,0.5853479504585266,0.4367944598197937,-0.03845508024096489,0.6140121221542358,0.4830487072467804,0.012280677445232868,0.6055079698562622,0.416981041431427,-0.008212669752538204,0.6183202862739563,0.46224555373191833,-0.020070742815732956,0.6247090101242065,0.5016582012176514,-0.023579349741339684,0.6444003582000732,0.46952128410339355,0.015368202701210976,0.6347658634185791,0.4060637652873993,-0.0051846192218363285,0.6452213525772095,0.4650408625602722,-0.013300063088536263,0.6478543877601624,0.5000379681587219,-0.012359723448753357,0.673880398273468,0.4657857418060303,0.012431592680513859,0.6662099957466125,0.3991822302341461,-0.007694525644183159,0.6723833084106445,0.4455416798591614,-0.005742595996707678,0.674248993396759,0.485246479511261,0.0027428457979112864,0.7036589980125427,0.4701154828071594,0.006939344108104706,0.6960938572883606,0.4116407632827759,-0.004501911345869303,0.6975332498550415,0.42870616912841797,-0.002104846527799964,0.6993460059165955,0.45664966106414795,0.00454667815938592
A,0.7069128751754761,0.6529036164283752,-4.0310342797056364e-07,0.6500622630119324,0.6313376426696777,-0.020509276539087296,0.6071531176567078,0.5623626708984375,-0.025972571223974228,0.5876114964485168,0.48689180612564087,-0.03237372264266014,0.5877997279167175,0.4328989088535309,-0.031093308702111244,0.6178210377693176,0.4800315201282501,0.015086788684129715,0.609088659286499,0.41660863161087036,-0.005398320499807596,0.6195473074913025,0.46331119537353516,-0.015169193968176842,0.6249921321868896,0.4974019229412079,-0.01679626852273941,0.6468585133552551,0.4673409163951874,0.01785999909043312,0.6373753547668457,0.4072531461715698,-0.0026996280066668987,0.6462894082069397,0.4662582278251648,-0.006765917409211397,0.6494900584220886,0.4928038716316223,-0.0021917824633419514,0.6759525537490845,0.46453559398651123,0.014126678928732872,0.6698086261749268,0.39990121126174927,-0.006207553204149008,0.6742641925811768,0.4488948583602905,-0.00042029761243611574,0.6764249801635742,0.4814625680446625,0.010938869789242744,0.7062776684761047,0.4689335823059082,0.007858389988541603,0.7003166079521179,0.4170958697795868,-0.0027452530339360237,0.6992025375366211,0.4405892491340637,0.0017397748306393623,0.7008780241012573,0.4663952589035034,0.010033303871750832
A,0.7066783308982849,0.6543653011322021,-3.785146702739439e-07,0.6508463621139526,0.6318439841270447,-0.02295839414000511,0.6074715852737427,0.5648199915885925,-0.0303806122392416,0.587041974067688,0.4890766143798828,-0.03843079134821892,0.5867913365364075,0.433023601770401,-0.03900246322154999,0.6177412867546082,0.479218065738678,0.013069474138319492,0.6092711687088013,0.41889238357543945,-0.007299915421754122,0.6198950409889221,0.46270737051963806,-0.017107650637626648,0.6253740787506104,0.4945259988307953,-0.01898294873535633,0.6457176804542542,0.4660477340221405,0.016757693141698837,0.6365529894828796,0.40776026248931885,-0.00414044875651598,0.6454567909240723,0.46517303586006165,-0.00894930586218834,0.6477518081665039,0.49086883664131165,-0.005001108627766371,0.6740791201591492,0.4622860550880432,0.013888304121792316,0.6670867204666138,0.3994367718696594,-0.007122037932276726,0.6724055409431458,0.4464891850948334,-0.0026481931563466787,0.6739209294319153,0.4790528118610382,0.00788948591798544,0.7034054398536682,0.46506422758102417,0.008393633179366589,0.6958157420158386,0.4116614758968353,-0.0029393399599939585,0.6961662173271179,0.43369609117507935,0.0008545988239347935,0.6984239816665649,0.4597052037715912,0.008771570399403572
A,0.7071486711502075,0.6573671698570251,-4.2030146119031997e-07,0.6509652137756348,0.6343794465065002,-0.0208449587225914,0.6075489521026611,0.5643537044525146,-0.026875633746385574,0.5870503187179565,0.4885275065898895,-0.0341421477496624,0.5870556831359863,0.4337461292743683,-0.03401781618595123,0.6166104674339294,0.47892993688583374,0.014818285591900349,0.6081992387771606,0.41719645261764526,-0.006634753197431564,0.6196673512458801,0.46529620885849,-0.017441600561141968,0.6259411573410034,0.49585315585136414,-0.020053759217262268,0.6447193026542664,0.46605172753334045,0.01694180816411972,0.6360315680503845,0.4075894355773926,-0.005006095860153437,0.6461047530174255,0.46834874153137207,-0.009628434665501118,0.648836076259613,0.4932295083999634,-0.00527559919282794,0.6737372279167175,0.4626912772655487,0.01245617214590311,0.6667934060096741,0.4004901051521301,-0.009217687882483006,0.6730334162712097,0.4516623914241791,-0.0033749453723430634,0.6748380064964294,0.48280563950538635,0.00830860622227192,0.7037074565887451,0.4661007523536682,0.005414220038801432,0.6963316798210144,0.41211462020874023,-0.0052873813547194,0.6963518261909485,0.43856897950172424,0.00024502043379470706,0.6987103819847107,0.46528100967407227,0.009333292953670025
A,0.70717453956604,0.6520997285842896,-3.7863622992517776e-07,0.6508885025978088,0.6290335655212402,-0.021790334954857826,0.6078717708587646,0.5632970333099365,-0.028453370556235313,0.587224006652832,0.48795396089553833,-0.03602147102355957,0.5873562097549438,0.43344640731811523,-0.035819221287965775,0.6180923581123352,0.47744300961494446,0.017430810257792473,0.6079976558685303,0.4172029495239258,-0.003449374809861183,0.6182478070259094,0.46257007122039795,-0.014291887171566486,0.6243990659713745,0.49365395307540894,-0.016610562801361084,0.6456867456436157,0.46429872512817383,0.021058764308691025,0.6355146169662476,0.4063287079334259,0.00025959196500480175,0.6440836191177368,0.46537381410598755,-0.004187826067209244,0.6475456357002258,0.4896849989891052,0.0004345795314293355,0.6737779378890991,0.4605097472667694,0.0177918691188097,0.6670581698417664,0.3988381028175354,-0.002674360992386937,0.6713985800743103,0.4471460282802582,0.0028065296355634928,0.6742120981216431,0.47883933782577515,0.014311445876955986,0.7038342356681824,0.46357399225234985,0.011807039380073547,0.6979745030403137,0.4127209484577179,0.0017826225375756621,0.6962724924087524,0.435619592666626,0.00644172728061676,0.6981968283653259,0.4607977569103241,0.01506834290921688
A,0.7029157876968384,0.6453373432159424,-4.1459699673396244e-07,0.6483039855957031,0.6243711709976196,-0.018707698211073875,0.606425404548645,0.5587430000305176,-0.02492719143629074,0.5863197445869446,0.4858222007751465,-0.03279073163866997,0.5866931676864624,0.43198832869529724,-0.033444199711084366,0.6185920834541321,0.47510263323783875,0.014634612016379833,0.6086484789848328,0.4139396846294403,-0.007552113849669695,0.6176849007606506,0.46235689520835876,-0.01798117160797119,0.624529242515564,0.49399054050445557,-0.019769251346588135,0.6462342143058777,0.4633590579032898,0.01594620756804943,0.6364675164222717,0.4061238765716553,-0.00545120844617486,0.6434450149536133,0.46599534153938293,-0.00845690444111824,0.6482593417167664,0.4882197380065918,-0.0030119018629193306,0.6754975914955139,0.45978599786758423,0.010747762396931648,0.6684161424636841,0.3985421061515808,-0.010180000215768814,0.6713152527809143,0.45029473304748535,-0.0026631352957338095,0.6748448014259338,0.4790772795677185,0.009988858364522457,0.7055073380470276,0.462563157081604,0.0031208000145852566,0.6996911764144897,0.41128426790237427,-0.0067321439273655415,0.6965404748916626,0.43922439217567444,-0.0002621173916850239,0.6989295482635498,0.4652179777622223,0.009399265982210636
A,0.7054998874664307,0.6461133360862732,-4.362583752026694e-07,0.6492018103599548,0.6249451637268066,-0.015453196130692959,0.6074504852294922,0.5561288595199585,-0.019533533602952957,0.5869513750076294,0.4846104085445404,-0.025584213435649872,0.5859421491622925,0.43154627084732056,-0.024729689583182335,0.6179786324501038,0.4752804934978485,0.016026699915528297,0.6101351976394653,0.4111592769622803,-0.004435417708009481,0.6196718215942383,0.4586201012134552,-0.014355974271893501,0.625941812992096,0.4926353394985199,-0.016010237857699394,0.6457871198654175,0.46370595693588257,0.016256121918559074,0.6380357146263123,0.4031014144420624,-0.0035816137678921223,0.6451573371887207,0.46127936244010925,-0.007497280370444059,0.6490239500999451,0.488287091255188,-0.0030941986478865147,0.6750873327255249,0.46039214730262756,0.010591700673103333,0.6694128513336182,0.3951413333415985,-0.008091701194643974,0.6725563406944275,0.4448769688606262,-0.0017865763511508703,0.6750950217247009,0.47757989168167114,0.009604825638234615,0.7049993872642517,0.4635527729988098,0.0027700772043317556,0.6989379525184631,0.40944787859916687,-0.005767803639173508,0.696086049079895,0.43446511030197144,9.56768126343377e-05,0.6979706883430481,0.4618894159793854,0.008984653279185295
A,0.7065514326095581,0.6495381593704224,-4.1835414776869584e-07,0.6524128913879395,0.628503143787384,-0.01993265189230442,0.6096687316894531,0.5609573125839233,-0.026358872652053833,0.5881489515304565,0.4853249490261078,-0.0339798666536808,0.5867854952812195,0.43063151836395264,-0.034325890243053436,0.6176239848136902,0.47842344641685486,0.012759112752974033,0.6084099411964417,0.41445523500442505,-0.008632590994238853,0.6192930340766907,0.46040859818458557,-0.018600894138216972,0.6268227696418762,0.49323803186416626,-0.020288150757551193,0.645796000957489,0.46583208441734314,0.014995734207332134,0.6363500952720642,0.4054751694202423,-0.005731568671762943,0.6451462507247925,0.4627935588359833,-0.009314091876149178,0.6495316624641418,0.4881550371646881,-0.004594110418111086,0.6747429370880127,0.46189555525779724,0.010856619104743004,0.6676223278045654,0.3971627950668335,-0.009520676918327808,0.67201828956604,0.4455101490020752,-0.0034697330556809902,0.67482590675354,0.477357417345047,0.008077877573668957,0.7046142220497131,0.4648377299308777,0.00425754813477397,0.697425365447998,0.4095776677131653,-0.006140542682260275,0.6956914663314819,0.4330889582633972,-0.001263390644453466,0.6975069046020508,0.4604407250881195,0.00725735304877162
A,0.7057279348373413,0.6450634002685547,-4.403171658395877e-07,0.6508991718292236,0.6256878972053528,-0.01753987930715084,0.6086640954017639,0.5578473210334778,-0.0225145872682333,0.5870442986488342,0.48393580317497253,-0.028706053271889687,0.587016224861145,0.43140190839767456,-0.02750406600534916,0.6171863675117493,0.47486960887908936,0.013521798886358738,0.6100783348083496,0.4119308590888977,-0.007282331120222807,0.6197639107704163,0.46111202239990234,-0.016002660617232323,0.6253202557563782,0.49219417572021484,-0.016835518181324005,0.6447929739952087,0.4623527228832245,0.015194852836430073,0.637235164642334,0.40474238991737366,-0.004545321688055992,0.6454203724861145,0.4648723006248474,-0.006215589586645365,0.6483209729194641,0.48548364639282227,-0.00035646886681206524,0.6740772724151611,0.4581674635410309,0.01075749285519123,0.6681212186813354,0.39632439613342285,-0.008494016714394093,0.6722630262374878,0.44908010959625244,-0.00019328600319568068,0.6741961240768433,0.4765617847442627,0.012445778585970402,0.7042943239212036,0.4605867266654968,0.0040848394855856895,0.6972103118896484,0.40968820452690125,-0.004520800895988941,0.6953829526901245,0.4388083219528198,0.0024450842756778,0.6974558234214783,0.4638030529022217,0.012108000926673412
A,0.7070999145507812,0.6470230221748352,-3.792967220306309e-07,0.6517922282218933,0.6250720620155334,-0.02253754250705242,0.6088298559188843,0.5598487854003906,-0.029889991506934166,0.5881814956665039,0.48559513688087463,-0.03794136270880699,0.5874969959259033,0.4300386905670166,-0.03854767605662346,0.6185609102249146,0.47599536180496216,0.013204247690737247,0.6092279553413391,0.4139062166213989,-0.008503038436174393,0.61948561668396,0.459397554397583,-0.01925837993621826,0.6260482668876648,0.489439994096756,-0.021673517301678658,0.6465008854866028,0.4631882905960083,0.01667044870555401,0.6374410390853882,0.40498635172843933,-0.0050394730642437935,0.6454052329063416,0.46273088455200195,-0.009902006015181541,0.6484797596931458,0.4856535792350769,-0.006042235065251589,0.675150454044342,0.4586917459964752,0.013428925536572933,0.6688844561576843,0.3957274854183197,-0.007931103929877281,0.6733205914497375,0.4455368220806122,-0.0024794398341327906,0.6756582856178284,0.47618934512138367,0.008685660548508167,0.7045947909355164,0.4607695937156677,0.0074987453408539295,0.6987394690513611,0.41024136543273926,-0.003579390700906515,0.6975192427635193,0.43622085452079773,0.0009669160936027765,0.6995792984962463,0.4622090756893158,0.00930237676948309
A,0.7058258056640625,0.6485956907272339,-3.8203000940484344e-07,0.6511891484260559,0.6272404193878174,-0.020949795842170715,0.608884334564209,0.5595148205757141,-0.027352357283234596,0.5886591076850891,0.48538604378700256,-0.034771066159009933,0.5881394147872925,0.43112942576408386,-0.035253703594207764,0.6185199022293091,0.47873982787132263,0.013485090807080269,0.6108836531639099,0.41583624482154846,-0.007305180188268423,0.6207813620567322,0.45830419659614563,-0.018237221986055374,0.6277878880500793,0.4908357262611389,-0.02093839831650257,0.6466776132583618,0.4668356478214264,0.0162931140512228,0.6387839913368225,0.40647539496421814,-0.004210284911096096,0.6460941433906555,0.46109452843666077,-0.009450484998524189,0.6495930552482605,0.48807093501091003,-0.006245191674679518,0.6750631928443909,0.4634617269039154,0.012694019824266434,0.6692878007888794,0.39848729968070984,-0.007543305400758982,0.6725350022315979,0.4458097517490387,-0.003060312010347843,0.674768328666687,0.4797622263431549,0.007128460798412561,0.7045640349388123,0.4667431712150574,0.006521747913211584,0.6988260746002197,0.41241076588630676,-0.004251666832715273,0.6961153745651245,0.4361952245235443,-0.000330729060806334,0.6971638202667236,0.46474921703338623,0.007227226160466671
A,0.7043738961219788,0.6475993394851685,-4.1121444382952177e-07,0.6510480642318726,0.6244025230407715,-0.021397186443209648,0.608725905418396,0.5591999292373657,-0.02871023491024971,0.5885284543037415,0.48633959889411926,-0.037234555929899216,0.5887134671211243,0.43072012066841125,-0.03893033415079117,0.6192262768745422,0.47630077600479126,0.01329401321709156,0.6098282337188721,0.4152127504348755,-0.009089047089219093,0.6198055744171143,0.46024638414382935,-0.021453343331813812,0.6278470158576965,0.4934626817703247,-0.0249842070043087,0.6473471522331238,0.4645318388938904,0.015580862760543823,0.6380437016487122,0.40564706921577454,-0.006281573791056871,0.6453626751899719,0.4628739058971405,-0.012118245474994183,0.6499581336975098,0.4903911352157593,-0.008988531306385994,0.6760121583938599,0.4609763026237488,0.01126725785434246,0.6686004400253296,0.3977230191230774,-0.010415710508823395,0.6720302104949951,0.44716471433639526,-0.00555397616699338,0.6758047342300415,0.48123419284820557,0.005352357868105173,0.7059471011161804,0.46448278427124023,0.004293420817703009,0.6990584135055542,0.40948307514190674,-0.0077072796411812305,0.696773111820221,0.4342603385448456,-0.003355889581143856,0.6993908882141113,0.46235787868499756,0.004946529865264893
A,0.7066323161125183,0.6510945558547974,-4.3254800630165846e-07,0.6510097980499268,0.6224769353866577,-0.018115054816007614,0.6087707281112671,0.5557572841644287,-0.023965783417224884,0.5880034565925598,0.4829423129558563,-0.03184514120221138,0.5892821550369263,0.4306854009628296,-0.032991111278533936,0.6159860491752625,0.47371959686279297,0.015852367505431175,0.6086406707763672,0.4109070897102356,-0.005201312247663736,0.6197049617767334,0.4575742483139038,-0.016888098791241646,0.6260888576507568,0.4885846972465515,-0.02033195272088051,0.6455079913139343,0.46218129992485046,0.01650901511311531,0.6372555494308472,0.4029116630554199,-0.004119801800698042,0.6463420391082764,0.459988534450531,-0.009957363829016685,0.648646354675293,0.48510366678237915,-0.007343280129134655,0.6754006743431091,0.4598008394241333,0.010977976024150848,0.6689605116844177,0.39573532342910767,-0.009530856274068356,0.674068808555603,0.44481730461120605,-0.0045854030176997185,0.6747453808784485,0.47760701179504395,0.00601473031565547,0.705295979976654,0.46470195055007935,0.003120470093563199,0.699006974697113,0.4064326882362366,-0.006833743769675493,0.6981545686721802,0.42983803153038025,-0.0010853041894733906,0.6990174651145935,0.457542359828949,0.007801911327987909
A,0.7073420286178589,0.645575225353241,-3.8403246094276255e-07,0.6547887325286865,0.6224592924118042,-0.024827880784869194,0.6115036010742188,0.5567260980606079,-0.03381723910570145,0.5900312066078186,0.4819500148296356,-0.04334418848156929,0.5893802046775818,0.4254012405872345,-0.045489173382520676,0.6206738948822021,0.47357654571533203,0.010282942093908787,0.6120690107345581,0.4099898636341095,-0.013273471035063267,0.6223328709602356,0.4565165936946869,-0.02586614526808262,0.6298956274986267,0.49036934971809387,-0.029346376657485962,0.649304211139679,0.4617573320865631,0.014025312848389149,0.6403563618659973,0.4002552330493927,-0.009356044232845306,0.6477833390235901,0.4584716260433197,-0.015622548758983612,0.6511463522911072,0.48700249195098877,-0.012441636063158512,0.677743673324585,0.4586389660835266,0.010871239006519318,0.6714879274368286,0.39165449142456055,-0.01173537876456976,0.6750110387802124,0.44152069091796875,-0.007236361037939787,0.6769917011260986,0.4767557680606842,0.003628760576248169,0.7069596648216248,0.46260491013526917,0.00479185301810503,0.7014214992523193,0.4062919616699219,-0.007955886423587799,0.6997465491294861,0.43045592308044434,-0.004431162029504776,0.7010112404823303,0.4590184688568115,0.0034197941422462463
A,0.7076416611671448,0.6486184597015381,-3.993112898115214e-07,0.6550344824790955,0.6237486600875854,-0.023627592250704765,0.612689733505249,0.5556976795196533,-0.03162848576903343,0.5909688472747803,0.4819916784763336,-0.04047565162181854,0.5912424325942993,0.4269966781139374,-0.04228632524609566,0.6217004656791687,0.4765777587890625,0.010813036933541298,0.6130991578102112,0.4112524390220642,-0.012298880144953728,0.6234118342399597,0.45552170276641846,-0.025469724088907242,0.6302589178085327,0.49219226837158203,-0.029378274455666542,0.6508342027664185,0.46396535634994507,0.014180043712258339,0.6420531868934631,0.40048500895500183,-0.008446138352155685,0.6495077610015869,0.45578184723854065,-0.01618317700922489,0.6525712013244629,0.48713308572769165,-0.01440065074712038,0.6794412732124329,0.460652232170105,0.010925455018877983,0.6732050776481628,0.39230042695999146,-0.010909323580563068,0.6771100759506226,0.4384549558162689,-0.008437390439212322,0.6791532635688782,0.4754056930541992,0.0007696640095673501,0.7085158228874207,0.4647412896156311,0.004905768670141697,0.701728105545044,0.4073406457901001,-0.007739150431007147,0.7008689045906067,0.4269685745239258,-0.0054853856563568115,0.7028329968452454,0.45502808690071106,0.0012896941043436527
A,0.7104906439781189,0.6446014642715454,-4.101872264072881e-07,0.6561962962150574,0.6207090616226196,-0.022156596183776855,0.6132497191429138,0.5536772608757019,-0.0289184357970953,0.5918727517127991,0.4806968867778778,-0.03663940727710724,0.5928629636764526,0.426591157913208,-0.036941077560186386,0.6222345232963562,0.4742649793624878,0.013706021010875702,0.6147994995117188,0.4098212718963623,-0.009497779421508312,0.6243025660514832,0.4590458869934082,-0.0218955185264349,0.6300683617591858,0.4915652871131897,-0.025246281176805496,0.6509607434272766,0.46222400665283203,0.016462229192256927,0.6433436870574951,0.4000988006591797,-0.006679200101643801,0.6511681079864502,0.4603378474712372,-0.012678047642111778,0.6536921262741089,0.4869806170463562,-0.009167464450001717,0.6797167658805847,0.45882830023765564,0.012425210326910019,0.6740577816963196,0.39317137002944946,-0.010079951956868172,0.6782242059707642,0.44542551040649414,-0.0049783107824623585,0.6797349452972412,0.47898149490356445,0.006495535373687744,0.7091249823570251,0.46217745542526245,0.005732190795242786,0.70321124792099,0.4084097743034363,-0.0060136704705655575,0.7023000717163086,0.43431735038757324,-0.0014784184750169516,0.7041601538658142,0.4611441493034363,0.007070482708513737
A,0.709672212600708,0.6463136672973633,-3.811418309851433e-07,0.6556901931762695,0.6191346645355225,-0.0228861216455698,0.6142452359199524,0.5528782606124878,-0.03059622272849083,0.5939176082611084,0.4798528552055359,-0.03944013640284538,0.5934497714042664,0.42509743571281433,-0.04099839925765991,0.6230851411819458,0.47226008772850037,0.013642702251672745,0.6136112213134766,0.41144323348999023,-0.009754272177815437,0.624480128288269,0.4548827111721039,-0.02253034897148609,0.6318175196647644,0.4863182306289673,-0.02586452104151249,0.6511958241462708,0.46090462803840637,0.016678769141435623,0.6421303749084473,0.4006677269935608,-0.006432563532143831,0.6504783630371094,0.4588172137737274,-0.012673240154981613,0.6542006731033325,0.48502787947654724,-0.00921819731593132,0.6795734763145447,0.4581020176410675,0.012861956842243671,0.6731640696525574,0.39324626326560974,-0.010074465535581112,0.6771485805511475,0.44229233264923096,-0.005487235728651285,0.6799695491790771,0.47697174549102783,0.006024092901498079,0.7090336084365845,0.46237581968307495,0.0062679145485162735,0.7034361362457275,0.4052601754665375,-0.005874850321561098,0.7017759084701538,0.42381569743156433,-0.001818262622691691,0.703702449798584,0.4485742151737213,0.006700124125927687
A,0.7115969657897949,0.6479083299636841,-4.0717122828937136e-07,0.6563565731048584,0.6210752725601196,-0.02019650861620903,0.6134722828865051,0.5521594882011414,-0.026016967371106148,0.5936488509178162,0.4758523106575012,-0.03344091773033142,0.5937379002571106,0.4214265048503876,-0.033812183886766434,0.6226558685302734,0.4709669351577759,0.018452484160661697,0.6139801144599915,0.4084312319755554,-0.003416751977056265,0.6237291693687439,0.45553284883499146,-0.01575338840484619,0.631235659122467,0.4846581816673279,-0.019519774243235588,0.6504546403884888,0.45879825949668884,0.020334264263510704,0.6411916613578796,0.3990366458892822,-0.0015581874176859856,0.6489289402961731,0.4571373462677002,-0.007183230947703123,0.6525095105171204,0.48071035742759705,-0.003602424403652549,0.6789557337760925,0.45575278997421265,0.01533055305480957,0.671751856803894,0.392700731754303,-0.006038582418113947,0.6759029030799866,0.44293463230133057,-0.0008926339214667678,0.6780070662498474,0.47385546565055847,0.010259942151606083,0.708925724029541,0.4593808054924011,0.007716934662312269,0.7015286087989807,0.405887633562088,-0.002303092973306775,0.699489414691925,0.43374454975128174,0.0031047698576003313,0.7014174461364746,0.46164005994796753,0.01184938382357359
A,0.7093038558959961,0.640152096748352,-3.8479751651721017e-07,0.6565482020378113,0.6145837306976318,-0.02441101148724556,0.6141232848167419,0.5508855581283569,-0.033773668110370636,0.5934692025184631,0.47773510217666626,-0.04384247958660126,0.5945634245872498,0.4215323328971863,-0.046827420592308044,0.6256944537162781,0.470593124628067,0.009725007228553295,0.6175663471221924,0.40621712803840637,-0.014396172016859055,0.626061201095581,0.45047032833099365,-0.02800232358276844,0.6322963237762451,0.4875863492488861,-0.031971950083971024,0.653976559638977,0.45904436707496643,0.013353198766708374,0.6452571749687195,0.39539968967437744,-0.010182026773691177,0.6509548425674438,0.451629102230072,-0.017733734101057053,0.6544160842895508,0.48267412185668945,-0.015599706210196018,0.6820979118347168,0.45592498779296875,0.010222667828202248,0.6759564280509949,0.3873252272605896,-0.012426878325641155,0.6777017116546631,0.43373075127601624,-0.009760241024196148,0.6802544593811035,0.47081834077835083,-0.00018775268108583987,0.7110795974731445,0.4600708782672882,0.004275220446288586,0.7044016718864441,0.4034731984138489,-0.00881638377904892,0.7013224959373474,0.4251236915588379,-0.006592527497559786,0.7031542062759399,0.45484936237335205,0.0002862854744307697
A,0.7105450630187988,0.6366161108016968,-4.6607183890046144e-07,0.6571051478385925,0.6145222783088684,-0.01936510019004345,0.6160463690757751,0.5512927770614624,-0.02602223865687847,0.5945716500282288,0.47720417380332947,-0.033326469361782074,0.5956751704216003,0.42418307065963745,-0.033880144357681274,0.623609721660614,0.46885326504707336,0.011698096990585327,0.6174320578575134,0.4103725254535675,-0.007164792623370886,0.6252521276473999,0.4569970965385437,-0.016174452379345894,0.6302639842033386,0.491146981716156,-0.017987744882702827,0.6535288095474243,0.4560778737068176,0.014427851885557175,0.6452234387397766,0.39700350165367126,-0.004294921178370714,0.65146803855896,0.4587422013282776,-0.007227861322462559,0.6544305682182312,0.4872516691684723,-0.002524744952097535,0.6834263205528259,0.45230185985565186,0.01139442902058363,0.6766535043716431,0.38968104124069214,-0.006703677587211132,0.6796885132789612,0.44041571021080017,-8.327876275870949e-05,0.6813581585884094,0.4736887812614441,0.01103069819509983,0.7140262722969055,0.45697349309921265,0.006055079400539398,0.7066709399223328,0.4041449725627899,-0.002888183807954192,0.704795241355896,0.4311314523220062,0.0027481778524816036,0.7054581046104431,0.4592578113079071,0.011254984885454178
A,0.7152870893478394,0.6464643478393555,-4.0668268752597214e-07,0.660882830619812,0.622541606426239,-0.02125122770667076,0.6173866987228394,0.5581798553466797,-0.02897517755627632,0.5956243276596069,0.48570284247398376,-0.03762993589043617,0.5960469245910645,0.4303165674209595,-0.03926583752036095,0.6262272000312805,0.4741789698600769,0.011452481150627136,0.6164745688438416,0.411226749420166,-0.011089825071394444,0.6277440786361694,0.4552607834339142,-0.02318159118294716,0.6357129216194153,0.4906356930732727,-0.026247309520840645,0.6546659469604492,0.4624011516571045,0.014030586928129196,0.6452241539955139,0.4026971757411957,-0.007812951691448689,0.6539860963821411,0.45998120307922363,-0.013942919671535492,0.6580656170845032,0.4887065291404724,-0.011171389371156693,0.6834762692451477,0.4589000940322876,0.01028638519346714,0.67657470703125,0.39393845200538635,-0.011320531368255615,0.6813825368881226,0.44320225715637207,-0.0067396811209619045,0.6846352815628052,0.47888052463531494,0.0038719801232218742,0.713377833366394,0.4631105363368988,0.004013862460851669,0.7068182229995728,0.40731289982795715,-0.008246982470154762,0.7057628035545349,0.43169641494750977,-0.004056971985846758,0.7081005573272705,0.46044835448265076,0.004195233341306448
A,0.7135850787162781,0.6467545032501221,-4.087727916157746e-07,0.6601462364196777,0.6256709098815918,-0.019941218197345734,0.617372989654541,0.5575709342956543,-0.026559818536043167,0.596907377243042,0.482755184173584,-0.03442992642521858,0.596125066280365,0.42814621329307556,-0.035444095730781555,0.6273302435874939,0.4751847982406616,0.010939057916402817,0.6185058951377869,0.40897125005722046,-0.009734822437167168,0.6266761422157288,0.454133540391922,-0.01907963491976261,0.6339166164398193,0.4848232567310333,-0.020605819299817085,0.655738353729248,0.46494826674461365,0.013088530860841274,0.6469485759735107,0.4018033444881439,-0.006802259478718042,0.6533642411231995,0.4570510983467102,-0.01001145038753748,0.65771484375,0.481965035200119,-0.005268928129225969,0.6847163438796997,0.46270981431007385,0.009068846702575684,0.678203284740448,0.3945583999156952,-0.010751806199550629,0.6814095377922058,0.4425516128540039,-0.005027868784964085,0.6841169595718384,0.4750262200832367,0.006079764571040869,0.7145469188690186,0.46648648381233215,0.0026083930861204863,0.7082924246788025,0.40884095430374146,-0.008138974197208881,0.7059788107872009,0.4307483732700348,-0.0038943050894886255,0.7071326375007629,0.4577302038669586,0.004114456474781036
A,0.7125675082206726,0.6492236256599426,-4.29717914585126e-07,0.6575944423675537,0.6255005598068237,-0.01974647305905819,0.6168763041496277,0.5580279231071472,-0.025926358997821808,0.5974735617637634,0.4832436442375183,-0.033114925026893616,0.5964362621307373,0.42881566286087036,-0.03352547436952591,0.6246503591537476,0.47664564847946167,0.012423413805663586,0.616878867149353,0.4127466380596161,-0.008185440674424171,0.6260143518447876,0.4585821032524109,-0.018879806622862816,0.6320856809616089,0.49262163043022156,-0.021406883373856544,0.6541325449943542,0.46455928683280945,0.014704188331961632,0.6453306674957275,0.4022557735443115,-0.005258369259536266,0.6526919603347778,0.45860034227371216,-0.009932130575180054,0.6561115980148315,0.4868757724761963,-0.006242339499294758,0.6836669445037842,0.4612940847873688,0.01090455986559391,0.6769220232963562,0.3964379131793976,-0.008828877471387386,0.6800194978713989,0.44339001178741455,-0.004024086054414511,0.6820549964904785,0.47716760635375977,0.006462655495852232,0.7142251133918762,0.4648493826389313,0.0046778833493590355,0.7067604064941406,0.40884968638420105,-0.0058734179474413395,0.7049386501312256,0.432217538356781,-0.0014945475850254297,0.7060777544975281,0.4607261121273041,0.0066028619185090065
A,0.7108144760131836,0.6448148488998413,-4.2533170585556945e-07,0.658088207244873,0.624223530292511,-0.019895905628800392,0.617963969707489,0.5570501089096069,-0.026660041883587837,0.5981391668319702,0.4840632975101471,-0.03432789817452431,0.5973890423774719,0.43055540323257446,-0.035192474722862244,0.6263269186019897,0.474435031414032,0.008595246821641922,0.6179021000862122,0.4132586121559143,-0.012132614850997925,0.6270526051521301,0.46055978536605835,-0.021324167028069496,0.6335341930389404,0.4934743642807007,-0.022777603939175606,0.6549216508865356,0.46320879459381104,0.010625507682561874,0.6461642980575562,0.40400800108909607,-0.009676359593868256,0.6536515355110168,0.46197035908699036,-0.012349351309239864,0.6573113203048706,0.48780176043510437,-0.007078040856868029,0.6844643354415894,0.46037280559539795,0.00673337746411562,0.6781813502311707,0.396882027387619,-0.01341286301612854,0.6817019581794739,0.44530099630355835,-0.006878133397549391,0.6839471459388733,0.4765098989009857,0.004804215393960476,0.7147241234779358,0.46417978405952454,0.0004733803798444569,0.7083899974822998,0.4098004400730133,-0.01047265250235796,0.7059179544448853,0.4346941113471985,-0.005280839279294014,0.7064910531044006,0.4617384076118469,0.003507752902805805
A,0.7121970057487488,0.6474699378013611,-4.1324162225464534e-07,0.660643994808197,0.6207484602928162,-0.025306040421128273,0.6185352206230164,0.557267427444458,-0.03488939255475998,0.5978929996490479,0.4825774133205414,-0.044714976102113724,0.5991714000701904,0.42619621753692627,-0.04709497094154358,0.6256208419799805,0.47319528460502625,0.007545586209744215,0.6181682348251343,0.4117271900177002,-0.015793737024068832,0.6289674043655396,0.46052202582359314,-0.02791273593902588,0.6344150900840759,0.493526428937912,-0.0312558114528656,0.6547932624816895,0.4607093930244446,0.011710645630955696,0.6461130380630493,0.40239274501800537,-0.010887091979384422,0.6548656821250916,0.4618411660194397,-0.016692450270056725,0.6566823720932007,0.4873993694782257,-0.01390690915286541,0.6839137673377991,0.4570150077342987,0.009246421046555042,0.677743136882782,0.3931065499782562,-0.01322279591113329,0.6829398274421692,0.44427263736724854,-0.008136513642966747,0.6836311221122742,0.47734642028808594,0.002707331907004118,0.7127861976623535,0.46093037724494934,0.00393689563497901,0.7072481513023376,0.40583401918411255,-0.008860642090439796,0.707632303237915,0.4309083819389343,-0.004662643652409315,0.7088508009910583,0.4583258628845215,0.00358111085370183
A,0.7113332748413086,0.643207311630249,-4.536318272130302e-07,0.6593896150588989,0.6211777925491333,-0.021695299074053764,0.6177459955215454,0.5566887259483337,-0.029000291600823402,0.5966323018074036,0.48224306106567383,-0.03685683757066727,0.5981465578079224,0.42681965231895447,-0.03754532337188721,0.6243025064468384,0.47506773471832275,0.010396748781204224,0.6162729263305664,0.4110915958881378,-0.011484266258776188,0.6271772384643555,0.4570399224758148,-0.022569721564650536,0.6330640912055969,0.4925709664821625,-0.02521957829594612,0.653596818447113,0.46257883310317993,0.013604268431663513,0.6439273357391357,0.40094801783561707,-0.0069547793827950954,0.6531442999839783,0.4610559046268463,-0.010948862880468369,0.6559536457061768,0.4893702566623688,-0.006904731970280409,0.6824553608894348,0.4584842920303345,0.010489855892956257,0.6761763095855713,0.3937287926673889,-0.010071985423564911,0.6810480952262878,0.4435817003250122,-0.003691697958856821,0.6826047897338867,0.47717568278312683,0.007843874394893646,0.7127034664154053,0.4622000455856323,0.004780798684805632,0.7074720859527588,0.40695685148239136,-0.006668610963970423,0.7073167562484741,0.43166443705558777,-0.001749088754877448,0.7078219652175903,0.45894867181777954,0.006755045149475336
A,0.7092707753181458,0.6427606344223022,-4.541733744645171e-07,0.6574540138244629,0.6245170831680298,-0.021194756031036377,0.6144185066223145,0.5586413145065308,-0.02815093845129013,0.5938937067985535,0.48253464698791504,-0.03574853762984276,0.5976639986038208,0.4270743727684021,-0.03652600944042206,0.621595561504364,0.4757765233516693,0.01026980672031641,0.6133419871330261,0.41129863262176514,-0.010410372167825699,0.6238406300544739,0.45561283826828003,-0.021319011226296425,0.6303724050521851,0.4922747313976288,-0.024222970008850098,0.6513882875442505,0.4634576737880707,0.013233194127678871,0.6412744522094727,0.40053850412368774,-0.006449975538998842,0.6493059992790222,0.4577009379863739,-0.011117503046989441,0.6526864767074585,0.48842597007751465,-0.0077218241058290005,0.6808106303215027,0.459716260433197,0.010129425674676895,0.6741825938224792,0.39426523447036743,-0.01000259444117546,0.6774191856384277,0.441333532333374,-0.005000707693397999,0.6792019605636597,0.4764905869960785,0.00550384446978569,0.7119457721710205,0.46329495310783386,0.004528929479420185,0.7058387398719788,0.4076788127422333,-0.00740312272682786,0.7042388916015625,0.43129244446754456,-0.0036455471999943256,0.704677164554596,0.46005234122276306,0.0039983815513551235
A,0.7096527814865112,0.6456299424171448,-4.1197412770088704e-07,0.6547044515609741,0.6223924160003662,-0.01659545488655567,0.6132205724716187,0.5553921461105347,-0.021347898989915848,0.5934629440307617,0.4816754460334778,-0.02793118916451931,0.5945796966552734,0.4290792942047119,-0.02765803411602974,0.6239234209060669,0.4750356078147888,0.01687462441623211,0.6163581609725952,0.4109039902687073,-0.0025914388243108988,0.6242334246635437,0.4557959735393524,-0.011876735836267471,0.6311707496643066,0.48827293515205383,-0.013405457139015198,0.6524149179458618,0.4640152156352997,0.01780717819929123,0.6445136666297913,0.4028471112251282,-0.0010635146172717214,0.6499965190887451,0.4576328694820404,-0.004401761572808027,0.654293954372406,0.48238348960876465,0.00018088248907588422,0.6813334226608276,0.46168074011802673,0.012613283470273018,0.6757184267044067,0.3963214159011841,-0.0059830667451024055,0.6772348284721375,0.44285333156585693,-0.00015616831660736352,0.6795374155044556,0.4743516445159912,0.010836212895810604,0.7116304039955139,0.46602240204811096,0.005177816841751337,0.7060853838920593,0.4105681777000427,-0.0037910230457782745,0.702203094959259,0.43480372428894043,0.0013982803793624043,0.7032697200775146,0.463176429271698,0.009771322831511497
A,0.7077823877334595,0.6474421620368958,-4.11586171367162e-07,0.6532062292098999,0.6230114698410034,-0.018766220659017563,0.6128772497177124,0.5544674396514893,-0.024604614824056625,0.5943077802658081,0.48097923398017883,-0.032157670706510544,0.5936244130134583,0.42695486545562744,-0.03249956667423248,0.6256716847419739,0.473066508769989,0.01620534248650074,0.6170808672904968,0.4118993878364563,-0.005314910784363747,0.6260684728622437,0.45758339762687683,-0.016247181221842766,0.6328286528587341,0.48982399702072144,-0.018607640638947487,0.65365070104599,0.46290698647499084,0.017597975209355354,0.6448023915290833,0.40418174862861633,-0.003173170378431678,0.6509531736373901,0.46221473813056946,-0.00717219989746809,0.654452919960022,0.48670750856399536,-0.002802303060889244,0.6821455359458923,0.46137720346450806,0.012454105541110039,0.6763927340507507,0.39668670296669006,-0.007790786679834127,0.6787755489349365,0.44584259390830994,-0.001006857492029667,0.6813271641731262,0.4781785011291504,0.010899299755692482,0.7120140194892883,0.46663036942481995,0.0047632912173867226,0.7077337503433228,0.41173887252807617,-0.005046887323260307,0.7042983174324036,0.43462327122688293,0.0006342469714581966,0.7053974866867065,0.46032869815826416,0.009528216905891895
A,0.708232045173645,0.6437307596206665,-4.4135691723568016e-07,0.6538189053535461,0.624435305595398,-0.017881490290164948,0.612834095954895,0.5546613931655884,-0.0229833722114563,0.5938437581062317,0.48036453127861023,-0.02948169782757759,0.5924746990203857,0.4276909828186035,-0.028857260942459106,0.6247994899749756,0.47467145323753357,0.012891579419374466,0.6175094842910767,0.40902623534202576,-0.008217962458729744,0.6260596513748169,0.45786958932876587,-0.017873065546154976,0.6323824524879456,0.4901452362537384,-0.01944781467318535,0.6530380249023438,0.4640355408191681,0.014033048413693905,0.6459029316902161,0.4025708734989166,-0.005721417721360922,0.6517429947853088,0.46215203404426575,-0.008158399723470211,0.6548044681549072,0.4858633875846863,-0.003078049747273326,0.6818861961364746,0.46139025688171387,0.009001357480883598,0.6777315735816956,0.3943770229816437,-0.01037534698843956,0.6796956658363342,0.44609642028808594,-0.0023794451262801886,0.6815388202667236,0.47704941034317017,0.009921363554894924,0.7117872834205627,0.4653162360191345,0.0015949339140206575,0.7088766098022461,0.4096372723579407,-0.007677431683987379,0.705153226852417,0.4368801414966583,-0.0011758188484236598,0.7053474187850952,0.46384647488594055,0.00796840712428093
A,0.7041390538215637,0.6397868394851685,-4.275054266145162e-07,0.6495653390884399,0.6196973323822021,-0.016263021156191826,0.6107663512229919,0.5515977740287781,-0.02049277164041996,0.5935232639312744,0.4782998263835907,-0.026512403041124344,0.5944066047668457,0.42640241980552673,-0.025613700971007347,0.6231145858764648,0.47179490327835083,0.016855740919709206,0.6151952147483826,0.40761834383010864,-0.004266117233783007,0.6219049096107483,0.4555588364601135,-0.015154656954109669,0.6277360320091248,0.489621102809906,-0.01746949926018715,0.6517286896705627,0.4607943892478943,0.017758693546056747,0.6438360810279846,0.40090638399124146,-0.002318799030035734,0.6481621861457825,0.4597277045249939,-0.00593253318220377,0.652259349822998,0.48503291606903076,-0.0012504885671660304,0.6809278130531311,0.458464115858078,0.012477723881602287,0.6765816807746887,0.39440980553627014,-0.0066334521397948265,0.6760572791099548,0.4446619153022766,0.0005131058278493583,0.678773045539856,0.4755546748638153,0.012411881238222122,0.7119055986404419,0.46280625462532043,0.004921770188957453,0.7080524563789368,0.41214922070503235,-0.0037010284140706062,0.7023565769195557,0.44009923934936523,0.0025271386839449406,0.7032390832901001,0.4669618010520935,0.011563033796846867
A,0.7043020129203796,0.6491597294807434,-4.256648367118032e-07,0.6511271595954895,0.6222135424613953,-0.018823139369487762,0.6107512712478638,0.5534023642539978,-0.025024842470884323,0.5916770696640015,0.4787527918815613,-0.03300179913640022,0.5926270484924316,0.4245889186859131,-0.034422773867845535,0.621752142906189,0.47310662269592285,0.015614205971360207,0.6145225763320923,0.4103078842163086,-0.005790223367512226,0.623316764831543,0.45392221212387085,-0.018431508913636208,0.6295307874679565,0.48799145221710205,-0.022485576570034027,0.6510491967201233,0.4617784917354584,0.016813304275274277,0.6423010230064392,0.4021822214126587,-0.003553233342245221,0.6480724811553955,0.4566946029663086,-0.00976469274610281,0.6510434746742249,0.48443299531936646,-0.007587271276861429,0.6805933713912964,0.4594424068927765,0.011676430702209473,0.6749181747436523,0.3941183090209961,-0.00859392061829567,0.676595151424408,0.440274715423584,-0.004175645764917135,0.6779704093933105,0.47418373823165894,0.005804811138659716,0.7107595205307007,0.46446067094802856,0.0040799155831336975,0.7062655687332153,0.408774733543396,-0.006743080448359251,0.7025370597839355,0.43234962224960327,-0.0021682181395590305,0.7025901079177856,0.46101248264312744,0.005787172820419073
A,0.7048051357269287,0.6526409387588501,-4.959638317814097e-07,0.6485602855682373,0.621338427066803,-0.016152815893292427,0.607951283454895,0.5554957389831543,-0.02198113687336445,0.5893213748931885,0.47996124625205994,-0.030194604769349098,0.5928990840911865,0.4243188500404358,-0.03206387534737587,0.617988109588623,0.4716688096523285,0.019212797284126282,0.6092278957366943,0.40989190340042114,-0.002222385723143816,0.6163899898529053,0.45775753259658813,-0.015136359259486198,0.6225330233573914,0.49159616231918335,-0.019453519955277443,0.6477577686309814,0.46111994981765747,0.019183535128831863,0.6378095149993896,0.4001295566558838,-0.0014000462833791971,0.6428033113479614,0.46136289834976196,-0.007157101295888424,0.6458868384361267,0.48959657549858093,-0.004394942428916693,0.6785510182380676,0.45940104126930237,0.012924915179610252,0.671358585357666,0.3937191963195801,-0.007159866858273745,0.6720301508903503,0.4459535479545593,-0.0010170830646529794,0.6733254194259644,0.4809480309486389,0.010255416855216026,0.7106039524078369,0.4656045436859131,0.004385555628687143,0.7039726972579956,0.4084891676902771,-0.004895313177257776,0.6993973851203918,0.4370473623275757,0.0018376203952357173,0.6996345520019531,0.4665665030479431,0.011212058365345001
A,0.7016184329986572,0.646198034286499,-4.401106821205758e-07,0.6480293273925781,0.6201549768447876,-0.018055466935038567,0.6081528663635254,0.5524600744247437,-0.024264371022582054,0.5895248651504517,0.48062071204185486,-0.03261201083660126,0.5901846289634705,0.42699572443962097,-0.034251272678375244,0.6223574876785278,0.4707646071910858,0.01660272106528282,0.6132239103317261,0.4089811444282532,-0.006661348044872284,0.6204095482826233,0.4563758969306946,-0.019709642976522446,0.628294050693512,0.48736000061035156,-0.023687737062573433,0.650343656539917,0.4610760509967804,0.016889680176973343,0.6412345767021179,0.4010911285877228,-0.00588855380192399,0.6450099349021912,0.46011626720428467,-0.011004778556525707,0.6494127511978149,0.4855632781982422,-0.007025111932307482,0.6796207427978516,0.45913630723953247,0.01049591414630413,0.6736733913421631,0.39254075288772583,-0.011108845472335815,0.6730444431304932,0.443821519613266,-0.003990792203694582,0.6757494211196899,0.47658848762512207,0.008548048324882984,0.7105234265327454,0.4643545150756836,0.0015024632448330522,0.7061153054237366,0.4083748459815979,-0.008779967203736305,0.6993609070777893,0.4361323416233063,-0.002230793470516801,0.6997079253196716,0.4642196595668793,0.007357584312558174
A,0.701271653175354,0.6525695323944092,-4.6453354229925026e-07,0.6461560726165771,0.6218616962432861,-0.01702732965350151,0.60675448179245,0.5530555248260498,-0.0231657475233078,0.5883261561393738,0.4789782166481018,-0.03176406770944595,0.5907163619995117,0.4252583384513855,-0.03386828675866127,0.6189353466033936,0.4737301170825958,0.017584817484021187,0.611325204372406,0.4109334945678711,-0.004010478500276804,0.6181665062904358,0.4564678370952606,-0.016408374533057213,0.6232216954231262,0.4892769157886505,-0.020259493961930275,0.6483440399169922,0.46355628967285156,0.01762588694691658,0.6393031477928162,0.4027862846851349,-0.0033456110395491123,0.6437841653823853,0.4602329134941101,-0.009151453152298927,0.6461383104324341,0.4863783121109009,-0.006430227309465408,0.6785203218460083,0.4616185426712036,0.011393566615879536,0.6720383167266846,0.39420390129089355,-0.008626295253634453,0.6729868054389954,0.44267696142196655,-0.002841665642336011,0.673886775970459,0.4766042232513428,0.00808926671743393,0.7094731330871582,0.4670525789260864,0.0027078164275735617,0.7052220106124878,0.40965938568115234,-0.006847877986729145,0.7009093761444092,0.4331457316875458,-0.0010536876507103443,0.7004998922348022,0.4604167938232422,0.0076027982868254185
A,0.70045006275177,0.6527577042579651,-4.785439955412585e-07,0.6456345319747925,0.6236861944198608,-0.017175134271383286,0.6061959266662598,0.5554869174957275,-0.023243164643645287,0.5877276659011841,0.48109716176986694,-0.0314314141869545,0.5881893634796143,0.4266689419746399,-0.0329139269888401,0.6183556914329529,0.4721043109893799,0.015281818807125092,0.6101335287094116,0.40906524658203125,-0.005936140660196543,0.6164334416389465,0.45753535628318787,-0.016972385346889496,0.6219426393508911,0.4884316027164459,-0.020021365955471992,0.647576630115509,0.4624183773994446,0.015543603338301182,0.6383965611457825,0.4026898145675659,-0.00456531485542655,0.6419247388839722,0.46207395195961,-0.008061129599809647,0.6446016430854797,0.4853938817977905,-0.003984260838478804,0.6779385209083557,0.4613818824291229,0.0095878466963768,0.6720830202102661,0.39454948902130127,-0.010183028876781464,0.6717899441719055,0.4452328383922577,-0.0025151162408292294,0.6726313829421997,0.47678279876708984,0.009540338069200516,0.708737313747406,0.46802493929862976,0.001193728414364159,0.7047845125198364,0.4103745222091675,-0.008397011086344719,0.6991620659828186,0.4364504814147949,-0.0016404049238190055,0.6983691453933716,0.46383628249168396,0.007768427487462759
A,0.6988270878791809,0.6482975482940674,-4.223638541134278e-07,0.6449679732322693,0.6203216910362244,-0.01713188923895359,0.6065424084663391,0.5518800020217896,-0.023155422881245613,0.5876616835594177,0.47892364859580994,-0.031260017305612564,0.5883060693740845,0.42471837997436523,-0.0330013632774353,0.6183890700340271,0.4709383249282837,0.01581629551947117,0.6112179160118103,0.4094877243041992,-0.004556203726679087,0.6187586784362793,0.45316940546035767,-0.01573679782450199,0.6249918937683105,0.4867619574069977,-0.018835896626114845,0.6473260521888733,0.46087971329689026,0.01631852239370346,0.6390931606292725,0.40245965123176575,-0.003120442619547248,0.6433310508728027,0.4570654332637787,-0.0077048661187291145,0.6464682817459106,0.48330751061439514,-0.004488982260227203,0.6773128509521484,0.45955130457878113,0.010723182931542397,0.6721901297569275,0.39435532689094543,-0.008182932622730732,0.6720086932182312,0.4407348930835724,-0.002073585754260421,0.6733466982841492,0.47341954708099365,0.008688178844749928,0.7082169055938721,0.4656737446784973,0.0027516763657331467,0.7040135860443115,0.4093301296234131,-0.006406647153198719,0.6978023648262024,0.4341373145580292,-0.0003498641890473664,0.6970937252044678,0.4627203941345215,0.008339609950780869
A,0.6985170841217041,0.6482426524162292,-4.2955048229487147e-07,0.6445189714431763,0.6190332174301147,-0.015543769113719463,0.6064666509628296,0.5521226525306702,-0.020912649109959602,0.5886146426200867,0.4805814027786255,-0.02897910587489605,0.5896646976470947,0.4270879626274109,-0.03076021932065487,0.6183266639709473,0.46979644894599915,0.01968514733016491,0.6106349229812622,0.41024476289749146,-0.002305171685293317,0.6182447671890259,0.4556833505630493,-0.014735348522663116,0.6256385445594788,0.4849555194377899,-0.018420811742544174,0.6468322277069092,0.46009355783462524,0.018963389098644257,0.6390497088432312,0.4031803011894226,-0.001965912291780114,0.6431511640548706,0.46002164483070374,-0.0065454961732029915,0.6467353701591492,0.48210960626602173,-0.0027212880086153746,0.6764317154884338,0.45844435691833496,0.011791197583079338,0.6711930632591248,0.3959859609603882,-0.008304663933813572,0.6710312962532043,0.44573792815208435,-0.0008571082726120949,0.6733317375183105,0.4753803610801697,0.01132165640592575,0.7074689269065857,0.4640873372554779,0.0022305019665509462,0.7030104398727417,0.4095216989517212,-0.006437189877033234,0.6966519951820374,0.43838149309158325,0.0013159174704924226,0.6971070766448975,0.46600911021232605,0.011379333212971687
A,0.6999997496604919,0.6502254605293274,-4.884229838353349e-07,0.6431769728660583,0.6199771165847778,-0.014685224741697311,0.6042870879173279,0.5527560710906982,-0.01969512365758419,0.5871815085411072,0.4793093800544739,-0.027333956211805344,0.5886486172676086,0.4253143072128296,-0.02852063998579979,0.6181329488754272,0.47115790843963623,0.01922423578798771,0.6095141172409058,0.4082546830177307,-0.0021168761886656284,0.6163297891616821,0.4552479088306427,-0.014228742569684982,0.6224098801612854,0.48961538076400757,-0.017684027552604675,0.6473482847213745,0.4619002640247345,0.01881239004433155,0.6378234028816223,0.40200331807136536,-0.0012048069620504975,0.6422057151794434,0.46242058277130127,-0.00571381114423275,0.6454660892486572,0.48913294076919556,-0.0021522156894207,0.6771442294120789,0.46075695753097534,0.012272818014025688,0.6704614162445068,0.3947708010673523,-0.006981111131608486,0.6709946990013123,0.44549524784088135,0.00013175973435863853,0.6731827259063721,0.4800776541233063,0.011890384368598461,0.7084547281265259,0.4672080874443054,0.0034511596895754337,0.7028101682662964,0.41088831424713135,-0.005356982816010714,0.698088526725769,0.4364967942237854,0.0013854792341589928,0.6989434361457825,0.46425333619117737,0.010715632699429989
A,0.6990114450454712,0.6486243009567261,-4.3413629668975773e-07,0.6439457535743713,0.6197071075439453,-0.016338471323251724,0.6053552031517029,0.5509580969810486,-0.021760981529951096,0.5874997973442078,0.4779535233974457,-0.029583564028143883,0.5880589485168457,0.4251078963279724,-0.030854376032948494,0.6186511516571045,0.46992775797843933,0.018732307478785515,0.610798716545105,0.410868763923645,-0.0028489558026194572,0.6177502870559692,0.4572318494319916,-0.014635870233178139,0.6250201463699341,0.4865500032901764,-0.018040895462036133,0.647136390209198,0.4604492783546448,0.018685325980186462,0.6388748288154602,0.4041494131088257,-0.0017799594206735492,0.6427001953125,0.4620450735092163,-0.005395692307502031,0.6467202305793762,0.48360008001327515,-0.0010320342844352126,0.6767244338989258,0.45921090245246887,0.012129133567214012,0.67132169008255,0.3965890407562256,-0.007685429882258177,0.6711618900299072,0.44628480076789856,0.0002657077566254884,0.6736111044883728,0.4756627380847931,0.012656904757022858,0.7079146504402161,0.4651963710784912,0.0030987183563411236,0.7035712003707886,0.41222408413887024,-0.005420126020908356,0.6975183486938477,0.4397933781147003,0.002084876410663128,0.6980615258216858,0.46613752841949463,0.011889542452991009
A,0.7004702687263489,0.6485185027122498,-4.519637855082692e-07,0.6462725400924683,0.6245800256729126,-0.017137615010142326,0.6063497066497803,0.5553245544433594,-0.02264421246945858,0.5880151987075806,0.48085200786590576,-0.030229004099965096,0.5874022841453552,0.42689085006713867,-0.031174827367067337,0.6184971332550049,0.4732583463191986,0.01626676693558693,0.6109704375267029,0.4105478525161743,-0.005531494505703449,0.6177852749824524,0.45956951379776,-0.01710633747279644,0.624731719493866,0.49089688062667847,-0.020217448472976685,0.6465383172035217,0.46321800351142883,0.016616400331258774,0.6387406587600708,0.404939740896225,-0.003713351907208562,0.642673671245575,0.4640970826148987,-0.006786559242755175,0.6467004418373108,0.4874246418476105,-0.002076262142509222,0.6760304570198059,0.4611017107963562,0.010471338406205177,0.6715729236602783,0.39645129442214966,-0.00949079543352127,0.6706786751747131,0.4481658935546875,-0.0015376326628029346,0.6724806427955627,0.47904568910598755,0.010886581614613533,0.7067998051643372,0.4659072458744049,0.0018250694265589118,0.7034047842025757,0.4111557602882385,-0.007451420649886131,0.6958974599838257,0.44067421555519104,-0.0004509364371187985,0.6950401663780212,0.46937185525894165,0.009040622040629387
A,0.6969113945960999,0.6486080288887024,-4.2936525801451353e-07,0.6440560817718506,0.6236181259155273,-0.017693258821964264,0.60540771484375,0.5540374517440796,-0.023159287869930267,0.5881567001342773,0.4800039529800415,-0.030808068811893463,0.5883153676986694,0.42698943614959717,-0.03183983266353607,0.6183443665504456,0.4718225598335266,0.017680911347270012,0.6117819547653198,0.41019755601882935,-0.004160849843174219,0.618597149848938,0.45822131633758545,-0.016411472111940384,0.625097930431366,0.4887238144874573,-0.020094385370612144,0.6462123394012451,0.46224862337112427,0.018162574619054794,0.6391563415527344,0.4037095606327057,-0.0026590244378894567,0.6429373621940613,0.4621206223964691,-0.00677478639408946,0.6457929015159607,0.4859435558319092,-0.002603649627417326,0.6753382086753845,0.46104732155799866,0.012037456966936588,0.6715583801269531,0.39692166447639465,-0.008456317707896233,0.6705249547958374,0.4482811689376831,-0.0012761971447616816,0.6710880994796753,0.4794190227985382,0.010841443203389645,0.7058306932449341,0.46696043014526367,0.003390656551346183,0.7036798000335693,0.41142401099205017,-0.006177077069878578,0.6962500810623169,0.4404112696647644,0.000594348122831434,0.6941418647766113,0.46938803791999817,0.010030737146735191
A,0.6963734030723572,0.6525500416755676,-4.532514878974325e-07,0.6433125734329224,0.6232252717018127,-0.0167985986918211,0.6048069596290588,0.5537422895431519,-0.022765304893255234,0.5875185132026672,0.47995030879974365,-0.03121010772883892,0.5881679058074951,0.4260629713535309,-0.03337155282497406,0.6191911101341248,0.47403931617736816,0.017053836956620216,0.6121035218238831,0.41143038868904114,-0.005083278752863407,0.6177948713302612,0.4590561091899872,-0.017150215804576874,0.6239454746246338,0.4895274341106415,-0.020658060908317566,0.6477141976356506,0.46537643671035767,0.01679987460374832,0.6401762962341309,0.40615612268447876,-0.004212082829326391,0.6431020498275757,0.46434709429740906,-0.008339734748005867,0.646003007888794,0.4879986345767975,-0.004270769655704498,0.6772844195365906,0.46474313735961914,0.010088794864714146,0.672514796257019,0.39913511276245117,-0.010291211307048798,0.6714652180671692,0.45053577423095703,-0.002612970769405365,0.67228764295578,0.4816634953022003,0.009714591316878796,0.7077124714851379,0.47131800651550293,0.0009362011915072799,0.7042126059532166,0.4138606786727905,-0.00828853715211153,0.6976194977760315,0.44275858998298645,-0.0009342673001810908,0.696709930896759,0.4710472822189331,0.008789571933448315
A,0.697939395904541,0.6536538004875183,-4.681907341819169e-07,0.642687201499939,0.6216164827346802,-0.014893239364027977,0.6032342910766602,0.552819550037384,-0.019636576995253563,0.5859423279762268,0.4795433282852173,-0.026928212493658066,0.5876994132995605,0.42743268609046936,-0.027838440611958504,0.6172885894775391,0.4716925323009491,0.019624022766947746,0.6108988523483276,0.4101076126098633,-0.0012130681425333023,0.6171348690986633,0.4604836702346802,-0.012379511259496212,0.6229838728904724,0.4896969497203827,-0.015502465888857841,0.6465097665786743,0.4632083773612976,0.018873317167162895,0.6400805115699768,0.4059363007545471,-0.0009018500568345189,0.6437522172927856,0.46581029891967773,-0.004403169732540846,0.6460648775100708,0.4875280261039734,-0.00017171891522593796,0.676780641078949,0.46311965584754944,0.011830472387373447,0.6732921600341797,0.39997273683547974,-0.007528394926339388,0.6730448603630066,0.45272690057754517,0.0005965215968899429,0.6728537678718567,0.48230722546577454,0.012936744838953018,0.7076814770698547,0.4705429971218109,0.002514817751944065,0.7046257853507996,0.4145779013633728,-0.005868358537554741,0.698198139667511,0.44661301374435425,0.0023311027325689793,0.6967466473579407,0.4747689366340637,0.012541305273771286
A,0.6987367868423462,0.6551737785339355,-4.834657261199027e-07,0.6432960629463196,0.6225675344467163,-0.017549267038702965,0.6034994721412659,0.5539729595184326,-0.023940393701195717,0.5864121913909912,0.47851720452308655,-0.03241674229502678,0.5881155133247375,0.4242502450942993,-0.03399639576673508,0.6176827549934387,0.46999233961105347,0.01794162578880787,0.6103838086128235,0.40914276242256165,-0.005118870176374912,0.6171451807022095,0.46159568428993225,-0.017246685922145844,0.6229750514030457,0.4905111491680145,-0.020654592663049698,0.6468659043312073,0.46168607473373413,0.018109846860170364,0.6388908624649048,0.40544772148132324,-0.003969262354075909,0.6432221531867981,0.4683580696582794,-0.007950476370751858,0.6452012062072754,0.4887693226337433,-0.003574600676074624,0.6772414445877075,0.46130964159965515,0.01157559547573328,0.6718151569366455,0.3996899127960205,-0.009712917730212212,0.6726207733154297,0.45529595017433167,-0.0010390712413936853,0.6727900505065918,0.4838199019432068,0.012064003385603428,0.708342432975769,0.4684296250343323,0.002535647712647915,0.7036998271942139,0.4143493175506592,-0.0067992014810442924,0.6986598968505859,0.448079913854599,0.0015753342304378748,0.698458731174469,0.47458794713020325,0.012204494327306747
A,0.6988354325294495,0.6563678979873657,-4.451002837413398e-07,0.6446791291236877,0.6224489808082581,-0.016537265852093697,0.6050813794136047,0.5522571206092834,-0.021833274513483047,0.5879337787628174,0.47839921712875366,-0.029450204223394394,0.5893338322639465,0.4256449341773987,-0.03038456104695797,0.6185399889945984,0.46951770782470703,0.019117357209324837,0.6114101409912109,0.4113228917121887,-0.002610936062410474,0.6181110739707947,0.46190983057022095,-0.013583092018961906,0.6248965859413147,0.4883609116077423,-0.016383972018957138,0.6474979519844055,0.4615078866481781,0.018663696944713593,0.6404443979263306,0.40669170022010803,-0.0029982749838382006,0.6440417170524597,0.46595317125320435,-0.006616850849241018,0.6467926502227783,0.484979510307312,-0.0018798364326357841,0.677808940410614,0.4617762863636017,0.011596552096307278,0.6735876798629761,0.4032498896121979,-0.00968437921255827,0.6736185550689697,0.4552727937698364,-0.0019041505875065923,0.6738770604133606,0.48131468892097473,0.010785531252622604,0.709125280380249,0.4686724841594696,0.002200489630922675,0.7061408758163452,0.41451266407966614,-0.006589697673916817,0.7001223564147949,0.44703245162963867,0.0018859163392335176,0.698737382888794,0.474310964345932,0.012595100328326225
A,0.6993569135665894,0.6521111726760864,-4.858952138420136e-07,0.6438702940940857,0.6209204792976379,-0.015147672966122627,0.6043441295623779,0.5498218536376953,-0.019406437873840332,0.5871285200119019,0.47558829188346863,-0.025835225358605385,0.5887022018432617,0.4243772029876709,-0.025552472099661827,0.6191109418869019,0.4711676239967346,0.017219921573996544,0.6132405996322632,0.4091247618198395,-0.0037616316694766283,0.6200805902481079,0.4619640111923218,-0.013511603698134422,0.6256770491600037,0.4902372360229492,-0.01568346470594406,0.6486204266548157,0.4624852240085602,0.01653202623128891,0.6424511671066284,0.4062638580799103,-0.004026954993605614,0.6466184258460999,0.4678246080875397,-0.006643707863986492,0.6487767100334167,0.48690566420555115,-0.0017242756439372897,0.6795832514762878,0.4618298411369324,0.009662157855927944,0.6760562658309937,0.40073832869529724,-0.01059422641992569,0.6768614649772644,0.45610693097114563,-0.0013964074896648526,0.6773255467414856,0.4820977747440338,0.011651705950498581,0.7112981677055359,0.4683971405029297,0.0005965219461359084,0.7079624533653259,0.41559046506881714,-0.008076352067291737,0.703037440776825,0.4506663680076599,0.0007579349330626428,0.7029547095298767,0.4763992130756378,0.011385812424123287
A,0.7010338306427002,0.6558482646942139,-4.710190353307553e-07,0.6474335789680481,0.6239268779754639,-0.018704548478126526,0.6069397330284119,0.5532570481300354,-0.025102414190769196,0.5895865559577942,0.477933406829834,-0.033378928899765015,0.592873215675354,0.4249158203601837,-0.034527383744716644,0.62213134765625,0.46999692916870117,0.017327411100268364,0.6157306432723999,0.409734845161438,-0.006437945645302534,0.6214690804481506,0.4635283350944519,-0.01855328679084778,0.627724289894104,0.4904825985431671,-0.02202608995139599,0.6509420871734619,0.46189647912979126,0.01770160160958767,0.6441763043403625,0.4061303734779358,-0.005625822115689516,0.6479359865188599,0.4693349301815033,-0.009125515818595886,0.6512519717216492,0.48667216300964355,-0.003949546720832586,0.681145191192627,0.4617755711078644,0.011085755191743374,0.6770656108856201,0.4016721248626709,-0.011669776402413845,0.6775753498077393,0.4579705595970154,-0.0023428958375006914,0.6791669130325317,0.4823460876941681,0.011624638922512531,0.7126168012619019,0.46892979741096497,0.0018647409742698073,0.7083942890167236,0.4159730076789856,-0.007946961559355259,0.7030772566795349,0.4515995383262634,0.0010289167985320091,0.7037819623947144,0.47673800587654114,0.012217497453093529
A,0.7009157538414001,0.6533560156822205,-4.867673055741761e-07,0.6449767351150513,0.6214653253555298,-0.016463229432702065,0.6058424115180969,0.548621416091919,-0.02097472734749317,0.5889660120010376,0.4738951623439789,-0.027330590412020683,0.5927502512931824,0.42326655983924866,-0.026632454246282578,0.6205214262008667,0.46612417697906494,0.01671741157770157,0.6158085465431213,0.40679502487182617,-0.0036118270363658667,0.6216917634010315,0.46148234605789185,-0.012665322050452232,0.626970112323761,0.48560917377471924,-0.014663979411125183,0.6507348418235779,0.4585322141647339,0.016956515610218048,0.6451030373573303,0.40548229217529297,-0.00309725827537477,0.6485708355903625,0.4678763747215271,-0.004740236327052116,0.6503057479858398,0.4836059510707855,0.0007813675911165774,0.6824744939804077,0.4594314396381378,0.0109140919521451,0.6791524887084961,0.4019984006881714,-0.008937951177358627,0.6793420910835266,0.45786887407302856,0.0008172857342287898,0.6787385940551758,0.48169273138046265,0.01422967854887247,0.7142044901847839,0.4673748314380646,0.0025669201277196407,0.7121666669845581,0.41467514634132385,-0.005125964526087046,0.7068474888801575,0.44865986704826355,0.004338409285992384,0.7057716250419617,0.4730519950389862,0.015425239689648151
A,0.6999532580375671,0.6530135273933411,-4.650641756143159e-07,0.6472026705741882,0.6220780611038208,-0.01894811913371086,0.6082079410552979,0.5504205226898193,-0.025451384484767914,0.5912178158760071,0.47455093264579773,-0.03359047695994377,0.5949884653091431,0.4227674603462219,-0.03444504737854004,0.6245163083076477,0.4704442620277405,0.014462019316852093,0.6191349625587463,0.4096001088619232,-0.008436962030827999,0.6255250573158264,0.4616442322731018,-0.019362522289156914,0.630316972732544,0.4847674071788788,-0.022331079468131065,0.6531966328620911,0.4628671109676361,0.015109422616660595,0.6472383141517639,0.4072692096233368,-0.0070716566406190395,0.6511030793190002,0.4696093499660492,-0.009573429822921753,0.6516190767288208,0.4844541847705841,-0.004326496738940477,0.6837482452392578,0.4627028703689575,0.009089676663279533,0.6810292601585388,0.4017404317855835,-0.012490111403167248,0.6815174221992493,0.4573066830635071,-0.0023016715422272682,0.6804581880569458,0.48068705201148987,0.011761813424527645,0.7148098945617676,0.46935731172561646,0.0004803876217920333,0.7144880294799805,0.4143727123737335,-0.008373383432626724,0.7093905806541443,0.4472126066684723,0.0010828572558239102,0.7075871229171753,0.4711098074913025,0.012301088310778141
A,0.7028058767318726,0.6537198424339294,-4.891422804575996e-07,0.6489608287811279,0.6210340857505798,-0.018577922135591507,0.6095526218414307,0.5496135354042053,-0.024432657286524773,0.5920987129211426,0.4741497337818146,-0.0319816954433918,0.5945332050323486,0.4216778576374054,-0.032122641801834106,0.6241835951805115,0.4661121368408203,0.0171496644616127,0.6182247996330261,0.40688830614089966,-0.005891514476388693,0.6239558458328247,0.46357718110084534,-0.01720687560737133,0.6297042369842529,0.48820462822914124,-0.020388754084706306,0.6531444191932678,0.45905259251594543,0.017870288342237473,0.6466089487075806,0.4057154655456543,-0.005060346331447363,0.6500790119171143,0.4712497889995575,-0.00799348670989275,0.6521971225738525,0.48676949739456177,-0.0025792366359382868,0.6839566230773926,0.4595387578010559,0.011721858754754066,0.680338442325592,0.40101149678230286,-0.010705411434173584,0.6804502010345459,0.4595550000667572,-0.000953659531660378,0.6808171272277832,0.4833170473575592,0.013237452134490013,0.7156620621681213,0.46690163016319275,0.003041626885533333,0.7124108672142029,0.41466498374938965,-0.006397005636245012,0.7067927718162537,0.451089084148407,0.0028956362511962652,0.7067365050315857,0.4753715693950653,0.014354969374835491
A,0.7034198045730591,0.6559872627258301,-4.5137443294152035e-07,0.648619532585144,0.6185247898101807,-0.019898105412721634,0.6089542508125305,0.5488753914833069,-0.02635825425386429,0.5911699533462524,0.4741379916667938,-0.034231457859277725,0.5951679348945618,0.4209721088409424,-0.034243904054164886,0.6257684230804443,0.46353042125701904,0.02060808800160885,0.6205026507377625,0.40728598833084106,-0.003995151724666357,0.6253705620765686,0.4640565514564514,-0.01712285727262497,0.6310819983482361,0.4861825704574585,-0.021271828562021255,0.6547120809555054,0.4575657844543457,0.022499889135360718,0.6488913893699646,0.4061909317970276,-0.002545569557696581,0.6512764096260071,0.47284290194511414,-0.007372783962637186,0.6530910134315491,0.48509126901626587,-0.0027069183997809887,0.6851109862327576,0.45838463306427,0.017068728804588318,0.6817090511322021,0.40348994731903076,-0.0063004083931446075,0.6811824440956116,0.46289604902267456,0.003178308717906475,0.6820024847984314,0.48307105898857117,0.017522737383842468,0.7167497277259827,0.4653128981590271,0.008934891782701015,0.7138308882713318,0.41792112588882446,0.0006786962621845305,0.7075272798538208,0.45595693588256836,0.010739724151790142,0.7081027030944824,0.4770621657371521,0.022765524685382843
A,0.7030196785926819,0.6568167209625244,-4.875143417848449e-07,0.6492303609848022,0.6226997971534729,-0.020553866401314735,0.6084667444229126,0.5519309043884277,-0.02768571488559246,0.589893102645874,0.47549009323120117,-0.0361626036465168,0.5944221019744873,0.422472208738327,-0.036950498819351196,0.6229282021522522,0.4651181399822235,0.017418546602129936,0.6171277761459351,0.40757715702056885,-0.0073424759320914745,0.6229681968688965,0.46441689133644104,-0.020368974655866623,0.6281837821006775,0.4871980547904968,-0.024586880579590797,0.6526113152503967,0.45871496200561523,0.018931541591882706,0.6457250118255615,0.40631598234176636,-0.005342325661331415,0.6492320895195007,0.473433256149292,-0.009087227284908295,0.6507366299629211,0.4860779941082001,-0.003968232776969671,0.6840051412582397,0.4595787823200226,0.013195877894759178,0.680175244808197,0.4036935865879059,-0.010340436361730099,0.6803619861602783,0.46301984786987305,-0.000318486854666844,0.6806311011314392,0.4834997355937958,0.014291922561824322,0.7161529660224915,0.466998815536499,0.004708126652985811,0.7133052349090576,0.4175134301185608,-0.004467552527785301,0.7072883248329163,0.45454806089401245,0.005609212908893824,0.7070896029472351,0.4760212302207947,0.017640354111790657
A,0.7051712274551392,0.6556829214096069,-4.7361999122585985e-07,0.6494395136833191,0.6217536926269531,-0.01862143538892269,0.6090826988220215,0.5521714687347412,-0.0246801245957613,0.5916823148727417,0.4767057001590729,-0.03249438852071762,0.594775915145874,0.4240286946296692,-0.032706137746572495,0.6245096921920776,0.46879562735557556,0.019410472363233566,0.6181455254554749,0.40871334075927734,-0.004214211367070675,0.6246854066848755,0.4638073742389679,-0.016256144270300865,0.6301779747009277,0.4894196093082428,-0.01961718499660492,0.653840184211731,0.4618575870990753,0.02045302838087082,0.64669269323349,0.40772008895874023,-0.0026826218236237764,0.6511235237121582,0.4730640947818756,-0.006218029651790857,0.6529461741447449,0.4881402850151062,-0.0010901748901233077,0.6845839619636536,0.4621717035770416,0.014392885379493237,0.6804641485214233,0.40336841344833374,-0.0076780058443546295,0.6814860701560974,0.4609568417072296,0.002233352744951844,0.6819643974304199,0.48412272334098816,0.01652158796787262,0.7163662314414978,0.46926403045654297,0.005671100690960884,0.7129981517791748,0.41818901896476746,-0.002844125498086214,0.7081717252731323,0.45350074768066406,0.006800513714551926,0.7085333466529846,0.47616806626319885,0.018398942425847054
A,0.702579915523529,0.6567078232765198,-4.68426549105061e-07,0.6478883624076843,0.6226937770843506,-0.01930483616888523,0.608576774597168,0.5517090559005737,-0.025522371754050255,0.5916218161582947,0.4769642651081085,-0.033223722130060196,0.5949867963790894,0.42452216148376465,-0.03328072279691696,0.6256310939788818,0.46756890416145325,0.01741865463554859,0.6202194690704346,0.40897274017333984,-0.006450843531638384,0.6248435974121094,0.46444809436798096,-0.01826510764658451,0.6306416988372803,0.4868655800819397,-0.021736880764365196,0.6544396877288818,0.4616410732269287,0.018572280183434486,0.6484697461128235,0.40858790278434753,-0.005392689723521471,0.6504921913146973,0.47327885031700134,-0.008585389703512192,0.6527624726295471,0.48572269082069397,-0.0031812814995646477,0.68465656042099,0.4626675546169281,0.012653909623622894,0.6816049218177795,0.4055459499359131,-0.010006486438214779,0.6808997988700867,0.4626689851284027,0.0002168648352380842,0.682000458240509,0.4828331172466278,0.014686129055917263,0.716262698173523,0.47017472982406616,0.004032122902572155,0.7135199308395386,0.4203859269618988,-0.0044862511567771435,0.7069315910339355,0.45598945021629333,0.005419119261205196,0.7069164514541626,0.47725117206573486,0.01711970567703247
A,0.703397274017334,0.6552398800849915,-4.5696987172050285e-07,0.6497620940208435,0.6239240169525146,-0.020344389602541924,0.609234631061554,0.5526828765869141,-0.027417799457907677,0.5914442539215088,0.4766305685043335,-0.03571324795484543,0.5962565541267395,0.4246613085269928,-0.03633078932762146,0.6254611015319824,0.4691072106361389,0.014520448632538319,0.6194118857383728,0.41104599833488464,-0.008560439571738243,0.6252583265304565,0.4659940004348755,-0.018918627873063087,0.6313121318817139,0.4861566722393036,-0.021648678928613663,0.654452919960022,0.46233904361724854,0.01604430004954338,0.6477118134498596,0.40999966859817505,-0.006763342302292585,0.6507056355476379,0.47450339794158936,-0.00817866064608097,0.6533554792404175,0.48439356684684753,-0.001908630016259849,0.6850194334983826,0.46299055218696594,0.010574523359537125,0.6817324757575989,0.40674111247062683,-0.011481055989861488,0.6819227337837219,0.46363866329193115,-0.00029726861976087093,0.6833887100219727,0.48176345229148865,0.014454382471740246,0.7163613438606262,0.47022414207458496,0.002344815991818905,0.713234543800354,0.42139002680778503,-0.0061833495274186134,0.707904577255249,0.45658236742019653,0.003828322049230337,0.7083993554115295,0.47705453634262085,0.015439414419233799
A,0.7030744552612305,0.6553024649620056,-4.594662925683224e-07,0.649451732635498,0.6233289837837219,-0.01949974335730076,0.6095746159553528,0.5509873628616333,-0.025632644072175026,0.5922572016716003,0.4756944179534912,-0.033243659883737564,0.5958672761917114,0.42357775568962097,-0.03328689560294151,0.6259533762931824,0.46996286511421204,0.016458792611956596,0.6197642087936401,0.4109180271625519,-0.006590168457478285,0.6262348294258118,0.4652882218360901,-0.017344847321510315,0.6323065757751465,0.4880148470401764,-0.020112767815589905,0.6548502445220947,0.4630947709083557,0.017557840794324875,0.6481336951255798,0.4097782373428345,-0.005498156417161226,0.6517365574836731,0.4733508825302124,-0.007922196760773659,0.6543401479721069,0.4858117699623108,-0.0021787246223539114,0.685120701789856,0.4636358618736267,0.011638197116553783,0.6817362904548645,0.4068897068500519,-0.01046008337289095,0.6820892095565796,0.4627686142921448,-0.0002420562959741801,0.6834337115287781,0.48230254650115967,0.014009927399456501,0.7166594862937927,0.47056499123573303,0.0030303141102194786,0.713365375995636,0.42066794633865356,-0.005383102223277092,0.7079868316650391,0.4550554156303406,0.0042547425255179405,0.7084156274795532,0.47630858421325684,0.015617632307112217
A,0.7052407264709473,0.656663179397583,-4.7442532036257035e-07,0.6527206301689148,0.6267552375793457,-0.019282294437289238,0.6128344535827637,0.5553272366523743,-0.0262245312333107,0.5942734479904175,0.47869181632995605,-0.03442396968603134,0.5960863828659058,0.42552316188812256,-0.03528124839067459,0.6245499849319458,0.47395774722099304,0.011877836659550667,0.6207247972488403,0.41090700030326843,-0.010594035498797894,0.6278775930404663,0.4656863808631897,-0.020800309255719185,0.6315732598304749,0.49395427107810974,-0.02307673543691635,0.6543261408805847,0.4661221504211426,0.013236748985946178,0.6495383381843567,0.41069087386131287,-0.007758696097880602,0.6547300815582275,0.4737101197242737,-0.009827015921473503,0.6542214751243591,0.4913536310195923,-0.004722398240119219,0.6856173276901245,0.4662891924381256,0.008194651454687119,0.683867871761322,0.40565723180770874,-0.0120954355224967,0.6854904294013977,0.46164798736572266,-0.0022290563210844994,0.6831885576248169,0.48718589544296265,0.011071410030126572,0.7169044613838196,0.4730272591114044,0.0006687892018817365,0.7150644063949585,0.420086145401001,-0.007929622195661068,0.7116163372993469,0.4531346559524536,0.0009061601012945175,0.7101345062255859,0.47711843252182007,0.011512940749526024
A,0.7070169448852539,0.6562560200691223,-4.381074916182115e-07,0.6520741581916809,0.6233514547348022,-0.020658276975154877,0.6127924919128418,0.5517750978469849,-0.02753661572933197,0.5941787958145142,0.4763418138027191,-0.035172346979379654,0.59828782081604,0.4236975908279419,-0.03495930880308151,0.628286600112915,0.4683356285095215,0.013596604578197002,0.6246127486228943,0.4113325774669647,-0.00832531601190567,0.6321073770523071,0.46736276149749756,-0.018584605306386948,0.6356340050697327,0.4882916808128357,-0.021593185141682625,0.6569100618362427,0.45981365442276,0.015949558466672897,0.6530596613883972,0.4091570973396301,-0.004903621040284634,0.6585394144058228,0.4747554063796997,-0.0066245063208043575,0.6572049260139465,0.4852479100227356,-0.0015284523833543062,0.6871649026870728,0.4603866636753082,0.011663139797747135,0.6859185099601746,0.40485629439353943,-0.008823133073747158,0.6889021992683411,0.4630333185195923,0.002123118843883276,0.6871142983436584,0.48263540863990784,0.01590852066874504,0.7174434065818787,0.4677415192127228,0.0047209057956933975,0.7170227766036987,0.4215797781944275,-0.0031395491678267717,0.7141279578208923,0.45721977949142456,0.006863185670226812,0.7127892971038818,0.4772520661354065,0.018077975139021873
A,0.7072837352752686,0.6569052338600159,-4.6049726165620086e-07,0.6520984172821045,0.6250854730606079,-0.018058758229017258,0.6131882071495056,0.5525202751159668,-0.023779209703207016,0.5958586931228638,0.47573450207710266,-0.03091510757803917,0.6002718806266785,0.42376184463500977,-0.030509574338793755,0.6299563050270081,0.47041431069374084,0.015617513097822666,0.6260467767715454,0.41177645325660706,-0.005741340108215809,0.6327000260353088,0.46702301502227783,-0.015295367687940598,0.6374431252479553,0.4894830286502838,-0.017727110534906387,0.6589398384094238,0.4626029133796692,0.01657450757920742,0.6542977690696716,0.4101567268371582,-0.0038976254872977734,0.658247709274292,0.4733698070049286,-0.0052603380754590034,0.6590785980224609,0.4845603406429291,0.00011723838542820886,0.689484179019928,0.46338507533073425,0.011027312837541103,0.6877225041389465,0.40668153762817383,-0.009189431555569172,0.6888803839683533,0.4633850157260895,0.0017404675018042326,0.6885778307914734,0.482440322637558,0.015497163869440556,0.7203750610351562,0.470880389213562,0.0030028182081878185,0.7193858623504639,0.42254915833473206,-0.0044140988029539585,0.7149434685707092,0.45838800072669983,0.0058324504643678665,0.7145255208015442,0.4795997440814972,0.01708385907113552
A,0.7094928622245789,0.6539149880409241,-4.730406431008305e-07,0.6554819345474243,0.6226769685745239,-0.017694786190986633,0.6156784892082214,0.5522125363349915,-0.022830281406641006,0.5976353287696838,0.478126585483551,-0.029039332643151283,0.6024688482284546,0.42684632539749146,-0.027491848915815353,0.631075918674469,0.46599170565605164,0.01645999401807785,0.6272336840629578,0.41076990962028503,-0.005723837297409773,0.6329321265220642,0.46852168440818787,-0.016789577901363373,0.6375560760498047,0.48647308349609375,-0.020427074283361435,0.6600017547607422,0.46059638261795044,0.017596054822206497,0.6559008955955505,0.4118764102458954,-0.0037041944451630116,0.6594069600105286,0.4781557321548462,-0.005991225130856037,0.6606069803237915,0.4857238233089447,-0.001030061743222177,0.6912074089050293,0.46206581592559814,0.012224948033690453,0.6898818016052246,0.4080757796764374,-0.008662649430334568,0.6903048157691956,0.46835318207740784,0.0022333189845085144,0.6902463436126709,0.4852534532546997,0.01633503846824169,0.7227526307106018,0.4694698452949524,0.0044343192130327225,0.7236131429672241,0.42255112528800964,-0.003081370610743761,0.71797114610672,0.46178367733955383,0.007658510003238916,0.7168423533439636,0.48156628012657166,0.019557809457182884
A,0.7091664671897888,0.658038854598999,-4.346732396243169e-07,0.6580349802970886,0.6282762289047241,-0.02066883072257042,0.6176630258560181,0.5558783411979675,-0.02768908441066742,0.6003223061561584,0.47826626896858215,-0.03555959090590477,0.6060614585876465,0.4273108243942261,-0.03547126054763794,0.6326218247413635,0.4702966511249542,0.011731384322047234,0.6306343078613281,0.4096672534942627,-0.011234198696911335,0.6354507803916931,0.46914559602737427,-0.020277973264455795,0.6390251517295837,0.4888908565044403,-0.02231452986598015,0.6622714996337891,0.46488985419273376,0.013346284627914429,0.6605203747749329,0.4120882749557495,-0.009062954224646091,0.6624467372894287,0.48067349195480347,-0.008957605808973312,0.6620723009109497,0.48798415064811707,-0.002079728292301297,0.6936618685722351,0.4679811894893646,0.00811778474599123,0.6954892873764038,0.41179436445236206,-0.01428354810923338,0.694624662399292,0.47337836027145386,-0.0016028983518481255,0.692602813243866,0.4887370467185974,0.013779286295175552,0.724780797958374,0.47726812958717346,0.000246426701778546,0.7271649837493896,0.43158847093582153,-0.008815271779894829,0.7213078141212463,0.4713559150695801,0.001941788592375815,0.7184393405914307,0.4901295006275177,0.013841437175869942
A,0.7105581760406494,0.6567295789718628,-4.319844606470724e-07,0.6585184335708618,0.628024697303772,-0.02174275554716587,0.6190239191055298,0.5549783110618591,-0.02926749363541603,0.6019301414489746,0.47764188051223755,-0.036801084876060486,0.6071364879608154,0.42653337121009827,-0.036185313016176224,0.6325725317001343,0.46956509351730347,0.007818365469574928,0.6325670480728149,0.41084855794906616,-0.014132367447018623,0.639058530330658,0.46987631916999817,-0.02210189960896969,0.6410579681396484,0.48872870206832886,-0.023636339232325554,0.6626363396644592,0.4636657238006592,0.010420361533761024,0.6622819304466248,0.4130149185657501,-0.00976325199007988,0.6657779216766357,0.48226961493492126,-0.008490473963320255,0.6633099913597107,0.48702162504196167,-0.0016553174937143922,0.6946045756340027,0.4667300283908844,0.0065688323229551315,0.6971065998077393,0.4135497808456421,-0.014257101342082024,0.6981154680252075,0.47678276896476746,-0.0004992866888642311,0.695092499256134,0.49002978205680847,0.014681507833302021,0.7253581881523132,0.47573018074035645,7.574537448817864e-05,0.7278407216072083,0.4351608455181122,-0.008230884559452534,0.7241880297660828,0.47604647278785706,0.0032907158602029085,0.7216310501098633,0.49230289459228516,0.015308480709791183
A,0.7103931307792664,0.6574168801307678,-4.2698263769125333e-07,0.6583366394042969,0.6279324293136597,-0.02123425528407097,0.6184897422790527,0.5545996427536011,-0.027845872566103935,0.602552592754364,0.47673851251602173,-0.03460976853966713,0.6069288849830627,0.4263036251068115,-0.03313054144382477,0.6344349384307861,0.468727171421051,0.01062040776014328,0.6336194276809692,0.41112056374549866,-0.011139373295009136,0.6388518214225769,0.47013556957244873,-0.01899239793419838,0.6422826051712036,0.48809927701950073,-0.020332135260105133,0.6648201942443848,0.4641520380973816,0.013081706129014492,0.6634886860847473,0.4130127727985382,-0.007252010051161051,0.665971577167511,0.4820551872253418,-0.005495892837643623,0.6664186716079712,0.4867681562900543,0.0021851174533367157,0.6962070465087891,0.4683953821659088,0.008794883266091347,0.6981741189956665,0.4145071506500244,-0.011957610957324505,0.6979931592941284,0.47680190205574036,0.0019625748973339796,0.6974066495895386,0.4897402226924896,0.017585288733243942,0.7269308567047119,0.47867026925086975,0.0017763822106644511,0.7291626930236816,0.43831968307495117,-0.006104155909270048,0.723388671875,0.47830837965011597,0.005435376428067684,0.7214219570159912,0.49395912885665894,0.017599541693925858
A,0.7104040384292603,0.6588225960731506,-4.261735284671886e-07,0.6556504964828491,0.6244263648986816,-0.01993171125650406,0.6165360808372498,0.5509477853775024,-0.026333266869187355,0.6010113954544067,0.47466012835502625,-0.033062636852264404,0.6077158451080322,0.42434239387512207,-0.03143830597400665,0.6332173347473145,0.46857133507728577,0.011978089809417725,0.6339055299758911,0.4122079908847809,-0.009807394817471504,0.639677107334137,0.47054120898246765,-0.018478238955140114,0.6412942409515381,0.48745858669281006,-0.02067168988287449,0.6632704734802246,0.46411097049713135,0.013948993757367134,0.6629663705825806,0.4146749675273895,-0.006135558243840933,0.6658291220664978,0.4831327199935913,-0.005521682091057301,0.6640116572380066,0.48569777607917786,0.0006639335188083351,0.6951586604118347,0.4689940810203552,0.009404346346855164,0.6978744864463806,0.4158901274204254,-0.010805584490299225,0.6983780264854431,0.47868698835372925,0.0033578204456716776,0.6962600350379944,0.4908434748649597,0.018530501052737236,0.7260116934776306,0.4797970950603485,0.002166810678318143,0.729114294052124,0.44324222207069397,-0.005136833991855383,0.7240180969238281,0.4833715260028839,0.006737479008734226,0.721741795539856,0.49720701575279236,0.01871190406382084
A,0.710770845413208,0.6594563722610474,-4.1161069930240046e-07,0.6566945910453796,0.6240357160568237,-0.019877832382917404,0.6168625950813293,0.5526162981987,-0.026480667293071747,0.6014261841773987,0.4764595627784729,-0.03363233804702759,0.6068698167800903,0.42695051431655884,-0.03257027268409729,0.6349479556083679,0.46860530972480774,0.014293225482106209,0.6334731578826904,0.41233938932418823,-0.008170947432518005,0.6384000778198242,0.470282644033432,-0.017775345593690872,0.6417760848999023,0.4890688955783844,-0.020181069150567055,0.6652917265892029,0.4653032422065735,0.016185546293854713,0.6632226705551147,0.41488808393478394,-0.00452926941215992,0.6646984815597534,0.4828117787837982,-0.004268683958798647,0.6649014353752136,0.48760899901390076,0.0023196698166429996,0.696491003036499,0.4715067148208618,0.011248968541622162,0.6980092525482178,0.4183694124221802,-0.009363535791635513,0.6965072751045227,0.47940653562545776,0.004254740197211504,0.6958768367767334,0.49317967891693115,0.019673790782690048,0.7275509834289551,0.4842340052127838,0.0035962634719908237,0.7284931540489197,0.4449673891067505,-0.0036161146126687527,0.7214750647544861,0.4839242696762085,0.008316618390381336,0.7201247215270996,0.4993768036365509,0.02071555331349373
A,0.710007905960083,0.6573349237442017,-4.0275418200508284e-07,0.6558188199996948,0.6234839558601379,-0.019502801820635796,0.616718590259552,0.5521930456161499,-0.025949331000447273,0.601499080657959,0.4770209491252899,-0.032927025109529495,0.6060698628425598,0.42697808146476746,-0.03194447234272957,0.6338123083114624,0.47093096375465393,0.012680736370384693,0.6342712640762329,0.41395118832588196,-0.009281506761908531,0.6377276182174683,0.4694562554359436,-0.01837289333343506,0.6398184895515442,0.4898923635482788,-0.020262541249394417,0.6647983193397522,0.4681319296360016,0.014664774760603905,0.6646997332572937,0.41596853733062744,-0.005743939895182848,0.6644777059555054,0.4821624457836151,-0.005403671879321337,0.663916826248169,0.48994091153144836,0.0013239081017673016,0.6964428424835205,0.4743064343929291,0.01014394499361515,0.6993754506111145,0.4201850891113281,-0.009698539040982723,0.6966100931167603,0.4793212115764618,0.003605642355978489,0.6954165697097778,0.49562373757362366,0.018812984228134155,0.7275274991989136,0.48665735125541687,0.0030090187210589647,0.7298442721366882,0.4477528929710388,-0.003515260759741068,0.7231489419937134,0.4834253787994385,0.007992986589670181,0.7218506932258606,0.49909308552742004,0.019989490509033203
A,0.7102617621421814,0.6548637747764587,-4.13584587022342e-07,0.6547397375106812,0.6247900128364563,-0.018884364515542984,0.6155779957771301,0.5505959987640381,-0.0233200341463089,0.6010985970497131,0.47666433453559875,-0.028049131855368614,0.6065340042114258,0.42698296904563904,-0.02472854033112526,0.6331266164779663,0.47079503536224365,0.013166388496756554,0.6335027813911438,0.41187453269958496,-0.00920142326503992,0.6380910873413086,0.4724807143211365,-0.018605448305606842,0.63946932554245,0.49486789107322693,-0.02084607444703579,0.6645330786705017,0.4683865010738373,0.014474296942353249,0.6645127534866333,0.41576719284057617,-0.007305274251848459,0.6650934219360352,0.48604169487953186,-0.008317884057760239,0.6641255617141724,0.49370628595352173,-0.0020982143469154835,0.6962129473686218,0.4765949547290802,0.009378600865602493,0.6988754868507385,0.4240346848964691,-0.012689638882875443,0.6967338919639587,0.48804789781570435,0.00010523178934818134,0.6962139010429382,0.5006236433982849,0.015452846884727478,0.7275693416595459,0.4910666346549988,0.0018932749517261982,0.7291955947875977,0.456855446100235,-0.006821580231189728,0.7226203083992004,0.49810031056404114,0.0044476487673819065,0.7222462296485901,0.5103374719619751,0.0165433157235384
A,0.7105039358139038,0.6556440591812134,-4.2692667534538487e-07,0.6545879244804382,0.6242992281913757,-0.02089058607816696,0.6158503293991089,0.5504804849624634,-0.02724945917725563,0.6019150018692017,0.47650885581970215,-0.03360556438565254,0.607404351234436,0.4266167879104614,-0.03183828294277191,0.6352878212928772,0.4694344103336334,0.010121842846274376,0.634689211845398,0.41231217980384827,-0.013727887533605099,0.6377924084663391,0.4737223982810974,-0.023191966116428375,0.6407997012138367,0.49414414167404175,-0.02543460950255394,0.6671491861343384,0.46807900071144104,0.011710163205862045,0.6648463606834412,0.4173356890678406,-0.011106463149189949,0.6629878282546997,0.4876058101654053,-0.010441383346915245,0.6649208068847656,0.493010550737381,-0.0028083166107535362,0.6988285779953003,0.4773397445678711,0.006490903440862894,0.6983093023300171,0.42677053809165955,-0.016489118337631226,0.6939539313316345,0.4910339117050171,-0.002025942550972104,0.6971630454063416,0.5019453167915344,0.014685487374663353,0.7298016548156738,0.4933773875236511,-0.001385194482281804,0.7266561388969421,0.46186450123786926,-0.010683794505894184,0.7196502089500427,0.502580463886261,0.0010732341324910522,0.7229863405227661,0.5141082406044006,0.013805125840008259
A,0.7101185321807861,0.6458480358123779,-4.2063629734911956e-07,0.6552869081497192,0.6233618259429932,-0.020757468417286873,0.6155799627304077,0.5500859618186951,-0.026255957782268524,0.6015843152999878,0.4780197739601135,-0.03099469281733036,0.6068778038024902,0.4296332597732544,-0.028019407764077187,0.6331768035888672,0.4710080623626709,0.005560071673244238,0.6347852349281311,0.41282567381858826,-0.017013132572174072,0.6377056837081909,0.4739236533641815,-0.024408547207713127,0.6383472084999084,0.49896377325057983,-0.025103626772761345,0.6658468246459961,0.46921494603157043,0.00706073921173811,0.6658735275268555,0.4166443645954132,-0.015301826409995556,0.6645235419273376,0.48657527565956116,-0.01445299107581377,0.6646922826766968,0.49693840742111206,-0.006382267456501722,0.698214054107666,0.47857049107551575,0.0023684483021497726,0.6998343467712402,0.43168795108795166,-0.020649442449212074,0.6958667635917664,0.49575886130332947,-0.00746901286765933,0.6971949338912964,0.5059317946434021,0.00832845363765955,0.7302260398864746,0.49456560611724854,-0.0046117487363517284,0.7285116314888,0.46776971220970154,-0.015365742146968842,0.7225164175033569,0.5098667740821838,-0.0048713842406868935,0.7244234085083008,0.5197790265083313,0.006949016824364662
A,0.7106131911277771,0.6508887410163879,-4.149426331423456e-07,0.657340407371521,0.6259268522262573,-0.021319903433322906,0.6165696978569031,0.5518267154693604,-0.027246391400694847,0.6016497611999512,0.47734880447387695,-0.03263802081346512,0.6077744960784912,0.4282272160053253,-0.029964519664645195,0.633703351020813,0.47057440876960754,0.006858406122773886,0.633976936340332,0.41167667508125305,-0.01593043841421604,0.6374689340591431,0.4728492200374603,-0.023403247818350792,0.6382906436920166,0.4949949383735657,-0.024195494130253792,0.6660434603691101,0.4697435796260834,0.008553963154554367,0.6656287908554077,0.4174608290195465,-0.013791240751743317,0.6641196012496948,0.48753172159194946,-0.01270777266472578,0.6632382869720459,0.4944736957550049,-0.004712304566055536,0.697869062423706,0.47947484254837036,0.003816471202298999,0.6992572546005249,0.43190017342567444,-0.019689681008458138,0.6952139735221863,0.4965306520462036,-0.006109192967414856,0.6956921815872192,0.5063320994377136,0.010099578648805618,0.7291722297668457,0.49551644921302795,-0.003296410432085395,0.7278285622596741,0.4664061367511749,-0.013900569640100002,0.7218643426895142,0.5080845355987549,-0.0029575154185295105,0.7233728170394897,0.5187205672264099,0.009278463199734688
A,0.7117241621017456,0.6498466730117798,-4.0427687508781673e-07,0.6572252511978149,0.6249242424964905,-0.021080786362290382,0.616834282875061,0.551805853843689,-0.026457523927092552,0.6012362241744995,0.4784405827522278,-0.03126225993037224,0.6069991588592529,0.42863303422927856,-0.028202084824442863,0.6339409351348877,0.4718198776245117,0.009200996719300747,0.634274959564209,0.4127328097820282,-0.014225088991224766,0.6375951766967773,0.4719681441783905,-0.022851629182696342,0.6385819911956787,0.49526408314704895,-0.024013254791498184,0.6660944819450378,0.4707645773887634,0.011398768052458763,0.6658492088317871,0.4177583158016205,-0.011019717901945114,0.6644272804260254,0.48707783222198486,-0.010818559676408768,0.6640067100524902,0.4946949779987335,-0.0031108299735933542,0.698015570640564,0.4801574945449829,0.007020065560936928,0.6994732618331909,0.4318859279155731,-0.01666928641498089,0.6948729753494263,0.49623793363571167,-0.0038433726876974106,0.6954799294471741,0.5062916278839111,0.012228358536958694,0.729577898979187,0.4955090284347534,0.00032694285619072616,0.7284663915634155,0.4655291438102722,-0.010114780627191067,0.7212307453155518,0.5080432891845703,0.0008452531765215099,0.7222374081611633,0.5191117525100708,0.013260496780276299
A,0.7131425738334656,0.6519768238067627,-3.965338919442729e-07,0.6575255990028381,0.6239893436431885,-0.021412910893559456,0.6159167885780334,0.5515966415405273,-0.027282148599624634,0.5999689102172852,0.47810399532318115,-0.032482683658599854,0.6061397790908813,0.42895936965942383,-0.029609421268105507,0.6331536769866943,0.4689423441886902,0.009168802760541439,0.6339457035064697,0.41298168897628784,-0.014703747816383839,0.6370836496353149,0.47407767176628113,-0.024225376546382904,0.6386955380439758,0.4922899901866913,-0.026589376851916313,0.6653006672859192,0.46851271390914917,0.011043168604373932,0.6659755110740662,0.4171210527420044,-0.012667222879827023,0.6636962890625,0.48812177777290344,-0.013351154513657093,0.6628272533416748,0.4933435320854187,-0.006316508166491985,0.6973534226417542,0.47756943106651306,0.006306628230959177,0.6994144916534424,0.43099239468574524,-0.018033470958471298,0.694679319858551,0.4967295825481415,-0.005361937452107668,0.6949682831764221,0.5053156018257141,0.01061349455267191,0.7287341356277466,0.49222010374069214,-0.0008275631698779762,0.7280874252319336,0.4647688865661621,-0.010985171422362328,0.721520185470581,0.5077138543128967,7.863262726459652e-05,0.7230837941169739,0.5170739889144897,0.012456756085157394
A,0.7106876969337463,0.6566460132598877,-4.1114870441560925e-07,0.6561039090156555,0.6238877773284912,-0.022299647331237793,0.6155204772949219,0.5518595576286316,-0.030078304931521416,0.599983811378479,0.4768565595149994,-0.037507064640522,0.6061767935752869,0.4281368851661682,-0.03677210956811905,0.6350827813148499,0.46562033891677856,0.007860509678721428,0.6342252492904663,0.41385960578918457,-0.01536284014582634,0.6370776295661926,0.4753888249397278,-0.02311468869447708,0.6405078768730164,0.490929514169693,-0.024395331740379333,0.6668550968170166,0.46489399671554565,0.00986419152468443,0.6644991636276245,0.4181857407093048,-0.012455482967197895,0.6623210906982422,0.4904133379459381,-0.009382111951708794,0.6649840474128723,0.4918658435344696,-8.574208914069459e-05,0.6986782550811768,0.474312424659729,0.004893455188721418,0.6980562806129456,0.42851269245147705,-0.018971139565110207,0.6934540271759033,0.49637576937675476,-0.003448817180469632,0.6961992979049683,0.5051169991493225,0.014137479476630688,0.7292315363883972,0.49075737595558167,-0.002805903321132064,0.7268581390380859,0.46418896317481995,-0.012845850549638271,0.7194309234619141,0.5075040459632874,-0.0009845467284321785,0.7217375040054321,0.5170310735702515,0.011861417442560196
A,0.7127195596694946,0.6530303955078125,-4.097141186321096e-07,0.6567339897155762,0.62372887134552,-0.020570825785398483,0.6148662567138672,0.5501786470413208,-0.025948040187358856,0.5995603203773499,0.47508659958839417,-0.03094826079905033,0.606600821018219,0.42728668451309204,-0.02757990173995495,0.6327610611915588,0.4687347412109375,0.010501209646463394,0.6326952576637268,0.41230255365371704,-0.012524419464170933,0.6359808444976807,0.47354555130004883,-0.021102119237184525,0.6382264494895935,0.492686003446579,-0.022868864238262177,0.6646043658256531,0.4665382504463196,0.012114172801375389,0.6632415056228638,0.414694607257843,-0.011091696098446846,0.6616628766059875,0.48593011498451233,-0.010537871159613132,0.6626143455505371,0.4923839867115021,-0.0025943219661712646,0.6963741779327393,0.474884033203125,0.00703198928385973,0.6966878175735474,0.42676278948783875,-0.01646900363266468,0.6926036477088928,0.49201342463493347,-0.0028472263365983963,0.6943717002868652,0.5022163391113281,0.013628235086798668,0.7279304265975952,0.4897177219390869,-0.0005535159143619239,0.7255457639694214,0.4618707299232483,-0.009962269105017185,0.7188529968261719,0.503331184387207,0.0011528433533385396,0.7210671305656433,0.512833833694458,0.01342102698981762
A,0.7113395929336548,0.652328372001648,-4.13050429415307e-07,0.6553585529327393,0.6235448122024536,-0.022239383310079575,0.6152797937393188,0.550451397895813,-0.02911793440580368,0.6002859473228455,0.4756762683391571,-0.03573082014918327,0.6057226657867432,0.4252359867095947,-0.03425568714737892,0.6336492300033569,0.46825867891311646,0.008759776130318642,0.6341230869293213,0.41084855794906616,-0.014775187708437443,0.6373639702796936,0.47146740555763245,-0.023498447611927986,0.6382339596748352,0.4898398220539093,-0.02529175393283367,0.6647472381591797,0.46679121255874634,0.010725636966526508,0.6636099219322205,0.4159506559371948,-0.01201637089252472,0.6623768210411072,0.4868534207344055,-0.011200732551515102,0.6618831157684326,0.4900290071964264,-0.0034322449937462807,0.6962407231330872,0.4753337800502777,0.005851040594279766,0.6959204077720642,0.4261266589164734,-0.01788187399506569,0.6927005648612976,0.4921565353870392,-0.00374180031940341,0.6935875415802002,0.5008524656295776,0.012889784760773182,0.7266635894775391,0.48996174335479736,-0.0016696053789928555,0.7244768142700195,0.4598976671695709,-0.011504258960485458,0.7188795208930969,0.5019429326057434,5.432527541415766e-05,0.7211169600486755,0.5121142864227295,0.012626457959413528
A,0.7107207775115967,0.6496096253395081,-4.46053775249311e-07,0.6546096205711365,0.6258227229118347,-0.020643064752221107,0.6132172346115112,0.5488702058792114,-0.026024898514151573,0.5979728698730469,0.4734017550945282,-0.031022781506180763,0.604236364364624,0.42435526847839355,-0.028151074424386024,0.6312322616577148,0.4685644507408142,0.007077398709952831,0.6320772767066956,0.40960055589675903,-0.014829307794570923,0.6370893716812134,0.4716185927391052,-0.021554183214902878,0.6379151344299316,0.4918248653411865,-0.022205831483006477,0.6627849340438843,0.4663354158401489,0.008338037878274918,0.6627627611160278,0.41537514328956604,-0.013220923021435738,0.6631098985671997,0.4867250919342041,-0.011523605324327946,0.6617981195449829,0.49160006642341614,-0.0033066945616155863,0.6946738958358765,0.4746192991733551,0.003234569914638996,0.6950576901435852,0.42666396498680115,-0.020145799964666367,0.6928332448005676,0.49370747804641724,-0.005981573835015297,0.6930105090141296,0.5025031566619873,0.010534663684666157,0.7259378433227539,0.48849889636039734,-0.0041995602659881115,0.7233584523200989,0.45842063426971436,-0.014215441420674324,0.7183396816253662,0.5031676888465881,-0.0023977148812264204,0.7200085520744324,0.5144162774085999,0.010262010619044304
A,0.71103835105896,0.6524684429168701,-4.24600074211412e-07,0.6552607417106628,0.6256133317947388,-0.020233286544680595,0.6137276291847229,0.5518892407417297,-0.02684098482131958,0.5973700881004333,0.47701212763786316,-0.03331887349486351,0.6049252152442932,0.42770737409591675,-0.03187480941414833,0.6310860514640808,0.47215521335601807,0.0063443719409406185,0.6316008567810059,0.411064475774765,-0.016476469114422798,0.6353273987770081,0.4724283218383789,-0.024020766839385033,0.636435329914093,0.49522244930267334,-0.024914279580116272,0.6623068451881409,0.46940144896507263,0.007391631603240967,0.6617928147315979,0.4156245291233063,-0.014758453704416752,0.6615141034126282,0.4859153628349304,-0.013643071055412292,0.6615018844604492,0.4936879873275757,-0.005893082357943058,0.6943720579147339,0.4768543839454651,0.0022265627048909664,0.6945466995239258,0.4255129098892212,-0.020523086190223694,0.6923203468322754,0.4908260703086853,-0.006321616005152464,0.6930837035179138,0.502589762210846,0.009997294284403324,0.7254782319068909,0.4906980097293854,-0.005298973526805639,0.7233055830001831,0.45811405777931213,-0.01472935825586319,0.7183489799499512,0.5002320408821106,-0.0029543666169047356,0.7199037075042725,0.5125346183776855,0.009576292708516121
A,0.7102141380310059,0.653415858745575,-4.147909464791155e-07,0.6561616659164429,0.6241043210029602,-0.020174626260995865,0.6148072481155396,0.5529352426528931,-0.02674684301018715,0.5975668430328369,0.4799589216709137,-0.033521272242069244,0.6012396216392517,0.42938709259033203,-0.032629139721393585,0.6309325098991394,0.47214534878730774,0.009939808398485184,0.6299173831939697,0.41401758790016174,-0.01357610709965229,0.6368190050125122,0.4717559814453125,-0.023116549476981163,0.6378684043884277,0.494937539100647,-0.025088267400860786,0.6620426177978516,0.46971991658210754,0.011016261763870716,0.6607080101966858,0.418530136346817,-0.010964606888592243,0.663582980632782,0.4880574941635132,-0.011336784809827805,0.6612952351570129,0.49576324224472046,-0.004615549463778734,0.6939041018486023,0.47712254524230957,0.00561565812677145,0.6935416460037231,0.427365243434906,-0.017641669139266014,0.6937047243118286,0.4926479756832123,-0.004234412685036659,0.6929452419281006,0.5052962303161621,0.011868231929838657,0.7248815894126892,0.4910368025302887,-0.0021288571879267693,0.7225000262260437,0.45792585611343384,-0.011850292794406414,0.7186844348907471,0.5005773305892944,0.00025170858134515584,0.7197648882865906,0.5137367248535156,0.013291953131556511
A,0.7125685811042786,0.651346743106842,-4.174323180450301e-07,0.6564104557037354,0.6274892091751099,-0.018304361030459404,0.6133980751037598,0.5553590059280396,-0.023226561024785042,0.5955286026000977,0.482712984085083,-0.028244229033589363,0.6019569039344788,0.434992253780365,-0.025548459962010384,0.628751277923584,0.47770440578460693,0.008730706758797169,0.6290429830551147,0.4159197211265564,-0.013345831073820591,0.632485568523407,0.47478410601615906,-0.021109052002429962,0.6330742835998535,0.4984324872493744,-0.021993517875671387,0.6600289344787598,0.47303345799446106,0.009567600674927235,0.6593554019927979,0.41670653223991394,-0.011812416836619377,0.6592301726341248,0.48549574613571167,-0.011265219189226627,0.6589533686637878,0.4963352680206299,-0.0037026326172053814,0.6924610137939453,0.47810837626457214,0.004401049111038446,0.6926037073135376,0.4260347783565521,-0.016267292201519012,0.6903193593025208,0.4892788231372833,-0.0029858301859349012,0.6901485919952393,0.5027253031730652,0.012524586170911789,0.7241263389587402,0.4891805946826935,-0.003031730419024825,0.7225448489189148,0.45548179745674133,-0.010488362051546574,0.7171201705932617,0.4956722557544708,0.0009945592610165477,0.7174429893493652,0.5082098245620728,0.013068568892776966
A,0.7121255397796631,0.6536343097686768,-4.234077550790971e-07,0.6554678678512573,0.6272885799407959,-0.020082075148820877,0.6131530404090881,0.5564588308334351,-0.02631307579576969,0.5955994129180908,0.48191341757774353,-0.03263755142688751,0.6008018255233765,0.4311959147453308,-0.03130730614066124,0.6293808817863464,0.4771130084991455,0.00826227106153965,0.6290609836578369,0.4135153889656067,-0.015060734935104847,0.6355514526367188,0.4728807210922241,-0.023973898962140083,0.6358412504196167,0.49898216128349304,-0.025247162207961082,0.6602102518081665,0.47377344965934753,0.009827678091824055,0.6592122912406921,0.4184664785861969,-0.012172318063676357,0.6618585586547852,0.4878953695297241,-0.01309968065470457,0.6594641208648682,0.4976998567581177,-0.00681482907384634,0.691774308681488,0.47936612367630005,0.005207563750445843,0.6917800903320312,0.4259490668773651,-0.017480874434113503,0.6915140151977539,0.4902924597263336,-0.004980946891009808,0.6897990703582764,0.5044441819190979,0.01041379664093256,0.7221300601959229,0.4907740354537964,-0.0016685659065842628,0.7215242981910706,0.45351332426071167,-0.010844429954886436,0.7173476219177246,0.49542054533958435,0.0007873098365962505,0.7168479561805725,0.5108752250671387,0.01338412519544363
A,0.7136942148208618,0.6595193147659302,-4.321147741848108e-07,0.6566097140312195,0.6306493282318115,-0.022303873673081398,0.613523542881012,0.5586408972740173,-0.02967885136604309,0.5950841307640076,0.4826533794403076,-0.036774810403585434,0.6011159420013428,0.4321134686470032,-0.03547777608036995,0.629639208316803,0.4741488993167877,0.008339155465364456,0.628603994846344,0.4178091287612915,-0.01592942327260971,0.634526252746582,0.4781239628791809,-0.025307804346084595,0.6361254453659058,0.4937553107738495,-0.02760130539536476,0.660344660282135,0.4698442220687866,0.010737430304288864,0.6584351658821106,0.42081910371780396,-0.012379895895719528,0.6600673794746399,0.49272990226745605,-0.011660042218863964,0.6584053039550781,0.4937317967414856,-0.004215286113321781,0.6925365328788757,0.4748068153858185,0.006323148962110281,0.6913762092590332,0.4263083338737488,-0.01717005856335163,0.691044807434082,0.4934908449649811,-0.0025442526675760746,0.6910542845726013,0.5019040107727051,0.014213637448847294,0.7234355807304382,0.485573947429657,-0.0008142791339196265,0.7206564545631409,0.45558565855026245,-0.009769230149686337,0.7168432474136353,0.4986315965652466,0.0024505993351340294,0.7187581658363342,0.5090764760971069,0.015379486605525017
A,0.7136942148208618,0.6595193147659302,-4.321147741848108e-07,0.6566097140312195,0.6306493282318115,-0.022303873673081398,0.613523542881012,0.5586408972740173,-0.02967885136604309,0.5950841307640076,0.4826533794403076,-0.036774810403585434,0.6011159420013428,0.4321134686470032,-0.03547777608036995,0.629639208316803,0.4741488993167877,0.008339155465364456,0.628603994846344,0.4178091287612915,-0.01592942327260971,0.634526252746582,0.4781239628791809,-0.025307804346084595,0.6361254453659058,0.4937553107738495,-0.02760130539536476,0.660344660282135,0.4698442220687866,0.010737430304288864,0.6584351658821106,0.42081910371780396,-0.012379895895719528,0.6600673794746399,0.49272990226745605,-0.011660042218863964,0.6584053039550781,0.4937317967414856,-0.004215286113321781,0.6925365328788757,0.4748068153858185,0.006323148962110281,0.6913762092590332,0.4263083338737488,-0.01717005856335163,0.691044807434082,0.4934908449649811,-0.0025442526675760746,0.6910542845726013,0.5019040107727051,0.014213637448847294,0.7234355807304382,0.485573947429657,-0.0008142791339196265,0.7206564545631409,0.45558565855026245,-0.009769230149686337,0.7168432474136353,0.4986315965652466,0.0024505993351340294,0.7187581658363342,0.5090764760971069,0.015379486605525017
A,0.7122205495834351,0.6556559205055237,-4.26370206696447e-07,0.6554442048072815,0.6289148330688477,-0.019994521513581276,0.6124545335769653,0.5574436187744141,-0.024938587099313736,0.5946060419082642,0.4834383726119995,-0.030130179598927498,0.599461555480957,0.43284574151039124,-0.027458762750029564,0.6283023357391357,0.4801332950592041,0.012191872112452984,0.6264500617980957,0.4171239137649536,-0.010033287107944489,0.6327980756759644,0.47656071186065674,-0.019338374957442284,0.6336807012557983,0.4989676773548126,-0.02146131359040737,0.6589174270629883,0.47492554783821106,0.014163964428007603,0.6566468477249146,0.4190501570701599,-0.006886453367769718,0.6601933240890503,0.488042414188385,-0.007796494290232658,0.6583706736564636,0.49708083271980286,-0.0017091147601604462,0.6905530691146851,0.47957757115364075,0.009694349020719528,0.6898096203804016,0.42360764741897583,-0.011439040303230286,0.690405547618866,0.4869253933429718,0.0013467742828652263,0.689424991607666,0.5018577575683594,0.016583966091275215,0.7221257090568542,0.48987725377082825,0.002762085059657693,0.7203412055969238,0.44946256279945374,-0.005143192131072283,0.7160895466804504,0.4900003969669342,0.006525497883558273,0.7160530686378479,0.505355179309845,0.018868964165449142
A,0.7161309123039246,0.6618047952651978,-4.139995439800259e-07,0.6585227847099304,0.6314515471458435,-0.023532632738351822,0.6136030554771423,0.560845136642456,-0.031116290017962456,0.5943844318389893,0.4835924208164215,-0.03849440813064575,0.6008113622665405,0.4328378736972809,-0.03748166561126709,0.6293227672576904,0.47729772329330444,0.01054100040346384,0.6262363791465759,0.419369101524353,-0.012743335217237473,0.6348440647125244,0.47884050011634827,-0.022155912593007088,0.6374037861824036,0.49488580226898193,-0.024458182975649834,0.6593640446662903,0.4720974266529083,0.013812634162604809,0.6569555401802063,0.419683039188385,-0.009562842547893524,0.6619833707809448,0.4912159740924835,-0.01030995324254036,0.6600385904312134,0.4953465461730957,-0.0035364751238375902,0.6909378170967102,0.47571665048599243,0.010173400864005089,0.6894307732582092,0.42294132709503174,-0.013828950934112072,0.6919230222702026,0.48946699500083923,-0.0005263498751446605,0.6905936598777771,0.5021140575408936,0.015904448926448822,0.7214028239250183,0.48452839255332947,0.0037585212849080563,0.7202354073524475,0.4474758505821228,-0.005341656040400267,0.7171696424484253,0.4902067184448242,0.006625307258218527,0.71694016456604,0.5050827860832214,0.019647179171442986
A,0.7131363153457642,0.6594516038894653,-4.2251195964126964e-07,0.658216655254364,0.6309040784835815,-0.022673893719911575,0.6136457920074463,0.5615846514701843,-0.03035910241305828,0.5938528180122375,0.48443785309791565,-0.03796124830842018,0.5990260243415833,0.4332234859466553,-0.03730473294854164,0.6283256411552429,0.4768657088279724,0.009690835140645504,0.6254456639289856,0.42056408524513245,-0.013360142707824707,0.6337234377861023,0.4783543646335602,-0.02335490472614765,0.6364138126373291,0.49428173899650574,-0.02633921056985855,0.6581226587295532,0.4706856608390808,0.012507080100476742,0.6550777554512024,0.420404314994812,-0.010034408420324326,0.6601889729499817,0.48859456181526184,-0.011293155141174793,0.6582204103469849,0.4928973913192749,-0.0056382762268185616,0.6894610524177551,0.4729015827178955,0.00869773980230093,0.688233494758606,0.41950228810310364,-0.013920027762651443,0.6907142400741577,0.4824482798576355,-0.0010163187980651855,0.68928062915802,0.49619871377944946,0.014391220174729824,0.7201910614967346,0.4807329475879669,0.0021104507613927126,0.7189455032348633,0.4422726333141327,-0.006518397014588118,0.7156898379325867,0.4822377860546112,0.004982572514563799,0.7150594592094421,0.4973965585231781,0.01731581799685955
A,0.7110908031463623,0.6553117632865906,-4.188460138720984e-07,0.6578580141067505,0.631335973739624,-0.021305955946445465,0.6146324276924133,0.5620383024215698,-0.0273789931088686,0.5958959460258484,0.48750436305999756,-0.03325727954506874,0.6008840799331665,0.436522901058197,-0.031096844002604485,0.6289284229278564,0.4797675311565399,0.009571165777742863,0.6258956789970398,0.4182267189025879,-0.013252240605652332,0.6315107345581055,0.4783810079097748,-0.02277987077832222,0.6349641680717468,0.5013006329536438,-0.02515038475394249,0.659861147403717,0.4721893072128296,0.012111986987292767,0.6570660471916199,0.4169791340827942,-0.010009130463004112,0.6594852209091187,0.4850059151649475,-0.010951416566967964,0.65958571434021,0.49603232741355896,-0.004809337202459574,0.6913475394248962,0.4745652973651886,0.008175171911716461,0.6907029747962952,0.41972339153289795,-0.013140494003891945,0.690679669380188,0.48105400800704956,-0.0008358515915460885,0.6906629204750061,0.4960782527923584,0.013959270901978016,0.7222996354103088,0.48319384455680847,0.001639054506085813,0.7204248309135437,0.44317930936813354,-0.006918738596141338,0.7163918018341064,0.4833677411079407,0.003702964400872588,0.7169440984725952,0.49935564398765564,0.015375581569969654
A,0.7131698131561279,0.6585184931755066,-4.3395021975811687e-07,0.6578838229179382,0.6292102932929993,-0.020494094118475914,0.6145091652870178,0.5613956451416016,-0.027287065982818604,0.5953934788703918,0.4872041344642639,-0.03413349390029907,0.6013262867927551,0.4378361701965332,-0.03269234299659729,0.6300327777862549,0.4763409495353699,0.009544312953948975,0.6268659830093384,0.4199133813381195,-0.013028891757130623,0.6333923935890198,0.4802611172199249,-0.021789366379380226,0.6376004815101624,0.49759867787361145,-0.023890849202871323,0.6598032116889954,0.4704826772212982,0.01187250018119812,0.6563167572021484,0.4201141595840454,-0.009586521424353123,0.6601845622062683,0.4887184202671051,-0.008897271007299423,0.6612285375595093,0.49278879165649414,-0.0022385218180716038,0.690811812877655,0.4722605049610138,0.007722658105194569,0.6899071931838989,0.418049156665802,-0.01356063038110733,0.6906521916389465,0.4812631905078888,0.0004029874980915338,0.6915543675422668,0.4936835765838623,0.01600426807999611,0.7215785980224609,0.479870468378067,0.000961875484790653,0.7200843691825867,0.4393361806869507,-0.006733496207743883,0.7147798538208008,0.4815542995929718,0.005338541232049465,0.7147084474563599,0.49783608317375183,0.01778700388967991
A,0.713378369808197,0.6543505191802979,-4.443912473561795e-07,0.6572853922843933,0.628886342048645,-0.01944839581847191,0.6139132380485535,0.5604750514030457,-0.02493845857679844,0.5958464741706848,0.48631954193115234,-0.030406158417463303,0.600467324256897,0.43767380714416504,-0.027912836521863937,0.6282654404640198,0.47839704155921936,0.008645765483379364,0.6259413361549377,0.42065438628196716,-0.012417358346283436,0.6327041387557983,0.4814819395542145,-0.020361177623271942,0.6357928514480591,0.4996244013309479,-0.02227851003408432,0.6583353281021118,0.47117218375205994,0.01084602065384388,0.6554284691810608,0.42174696922302246,-0.008844751864671707,0.6599433422088623,0.4901714026927948,-0.007986721582710743,0.6594748497009277,0.49550291895866394,-0.0018757747020572424,0.689731776714325,0.4721422791481018,0.006960587576031685,0.6890646815299988,0.4182867109775543,-0.013153523206710815,0.6907985806465149,0.4824659526348114,0.0002595239202491939,0.6903693675994873,0.49664464592933655,0.014930804260075092,0.7203530073165894,0.4785757064819336,0.0006707314751110971,0.7194410562515259,0.4392370581626892,-0.007162779103964567,0.7159720659255981,0.48174619674682617,0.004125004168599844,0.7156299352645874,0.49816861748695374,0.015767531469464302
A,0.713418185710907,0.6578652858734131,-4.5081858957018994e-07,0.6560178399085999,0.6284187436103821,-0.01767556369304657,0.6130011081695557,0.5590153932571411,-0.02194775454699993,0.5952051281929016,0.48628413677215576,-0.026584355160593987,0.5995500087738037,0.4383445084095001,-0.023299722000956535,0.6288171410560608,0.47644513845443726,0.014235247857868671,0.6255427598953247,0.42108258605003357,-0.006990035995841026,0.632044792175293,0.48014965653419495,-0.0167558416724205,0.6359342336654663,0.49535998702049255,-0.01999739371240139,0.6586545705795288,0.47048220038414,0.015923671424388885,0.6555917263031006,0.4222036600112915,-0.004087341949343681,0.6600773334503174,0.48895975947380066,-0.005351181607693434,0.65996915102005,0.4923407733440399,-0.0006095836870372295,0.689739465713501,0.4722103476524353,0.01144189853221178,0.6891986727714539,0.4195212125778198,-0.008350245654582977,0.6913597583770752,0.4815078377723694,0.003873323556035757,0.6915640234947205,0.4940108060836792,0.017770320177078247,0.7210718393325806,0.4790094494819641,0.004563888069242239,0.7199181318283081,0.4405879080295563,-0.0021803653798997402,0.7161453366279602,0.4825103282928467,0.00917740911245346,0.7165185809135437,0.49771130084991455,0.0207552257925272
A,0.7145204544067383,0.6621219515800476,-4.4253093278712186e-07,0.6569221615791321,0.631682276725769,-0.02123977243900299,0.6137327551841736,0.5623663663864136,-0.02799345552921295,0.5947497487068176,0.4875231981277466,-0.035039860755205154,0.6005827784538269,0.43746694922447205,-0.03415711224079132,0.6296979188919067,0.4818025827407837,0.013124619610607624,0.6274148225784302,0.42376577854156494,-0.00962921604514122,0.6347858309745789,0.4815860092639923,-0.020810745656490326,0.6371229887008667,0.4973126947879791,-0.024872763082385063,0.6589242219924927,0.47544655203819275,0.015484105795621872,0.6564331650733948,0.4229506254196167,-0.006527629215270281,0.6611461639404297,0.4899194836616516,-0.009107225574553013,0.6583305597305298,0.4954277276992798,-0.0048078810796141624,0.6898408532142639,0.47669804096221924,0.01114262081682682,0.6899527311325073,0.4207891523838043,-0.010704122483730316,0.6925334930419922,0.48281294107437134,0.0012094317935407162,0.6902815699577332,0.49829918146133423,0.015552203170955181,0.7205509543418884,0.48339733481407166,0.004041827283799648,0.7211127281188965,0.44149744510650635,-0.004086586181074381,0.7179878354072571,0.482827365398407,0.006947698071599007,0.7166483998298645,0.5009678602218628,0.018556727096438408
A,0.7130892276763916,0.6528990268707275,-4.2357231677669915e-07,0.6585742831230164,0.6337624192237854,-0.020177286118268967,0.6147099137306213,0.562412440776825,-0.024964941665530205,0.5961707830429077,0.4868101179599762,-0.029738936573266983,0.6011630892753601,0.4366036355495453,-0.026921769604086876,0.6282349228858948,0.48213499784469604,0.009698998183012009,0.6255275011062622,0.4217778146266937,-0.010451870039105415,0.6333779096603394,0.47937947511672974,-0.01766779087483883,0.6353070139884949,0.4995991885662079,-0.018831640481948853,0.6581727862358093,0.4746454954147339,0.012188962660729885,0.6557565927505493,0.42242586612701416,-0.006323505192995071,0.6611948609352112,0.48861902952194214,-0.005530616268515587,0.6591889262199402,0.4959678649902344,0.0008157035917975008,0.6898409724235535,0.4764673113822937,0.008504497818648815,0.6897940635681152,0.4219217300415039,-0.011721569113433361,0.691914975643158,0.48407188057899475,0.0005425169365480542,0.6900812387466431,0.4995563328266144,0.014876374043524265,0.7215359210968018,0.48317384719848633,0.002507480327039957,0.7214553356170654,0.44028210639953613,-0.005981919355690479,0.7182413339614868,0.4813525080680847,0.004623280372470617,0.7166856527328491,0.49923545122146606,0.016002703458070755
A,0.7128114700317383,0.6559395790100098,-4.2861063320742687e-07,0.6589545011520386,0.6337301731109619,-0.021700801327824593,0.615289032459259,0.5635255575180054,-0.028057651594281197,0.5967616438865662,0.4887685179710388,-0.03443243354558945,0.6010210514068604,0.4378994107246399,-0.033097151666879654,0.629936695098877,0.4797624349594116,0.010138229466974735,0.6262893676757812,0.42324498295783997,-0.012132715433835983,0.6328272819519043,0.4816087484359741,-0.021443966776132584,0.6363371014595032,0.49717774987220764,-0.024194441735744476,0.6593796610832214,0.473390132188797,0.012593402527272701,0.6558848023414612,0.4233744144439697,-0.008547144010663033,0.6595464944839478,0.49199825525283813,-0.008447641506791115,0.659613311290741,0.49565237760543823,-0.0018949657678604126,0.6908113956451416,0.4749799072742462,0.008361581712961197,0.6895352005958557,0.4213343858718872,-0.013546423986554146,0.6905120015144348,0.4858715534210205,-0.0006167987012304366,0.6911293268203735,0.4984340965747833,0.01463532168418169,0.7225965261459351,0.4816514849662781,0.0014550675405189395,0.7210887670516968,0.44157007336616516,-0.007669506594538689,0.716788113117218,0.484811395406723,0.003317859722301364,0.7172346711158752,0.5010191798210144,0.01523589063435793
A,0.7128114700317383,0.6559395790100098,-4.2861063320742687e-07,0.6589545011520386,0.6337301731109619,-0.021700801327824593,0.615289032459259,0.5635255575180054,-0.028057651594281197,0.5967616438865662,0.4887685179710388,-0.03443243354558945,0.6010210514068604,0.4378994107246399,-0.033097151666879654,0.629936695098877,0.4797624349594116,0.010138229466974735,0.6262893676757812,0.42324498295783997,-0.012132715433835983,0.6328272819519043,0.4816087484359741,-0.021443966776132584,0.6363371014595032,0.49717774987220764,-0.024194441735744476,0.6593796610832214,0.473390132188797,0.012593402527272701,0.6558848023414612,0.4233744144439697,-0.008547144010663033,0.6595464944839478,0.49199825525283813,-0.008447641506791115,0.659613311290741,0.49565237760543823,-0.0018949657678604126,0.6908113956451416,0.4749799072742462,0.008361581712961197,0.6895352005958557,0.4213343858718872,-0.013546423986554146,0.6905120015144348,0.4858715534210205,-0.0006167987012304366,0.6911293268203735,0.4984340965747833,0.01463532168418169,0.7225965261459351,0.4816514849662781,0.0014550675405189395,0.7210887670516968,0.44157007336616516,-0.007669506594538689,0.716788113117218,0.484811395406723,0.003317859722301364,0.7172346711158752,0.5010191798210144,0.01523589063435793
A,0.7138674259185791,0.6596906185150146,-4.330607623614924e-07,0.658584713935852,0.6331011056900024,-0.02175126224756241,0.6152011156082153,0.5639859437942505,-0.029364148154854774,0.5952790379524231,0.4880794584751129,-0.0368928425014019,0.6011030077934265,0.4363749027252197,-0.03642835095524788,0.6295734643936157,0.4793453812599182,0.009728878736495972,0.6274728178977966,0.42332345247268677,-0.013756126165390015,0.6343197226524353,0.4821630120277405,-0.024224422872066498,0.6374440789222717,0.4988533854484558,-0.02753048948943615,0.6590386629104614,0.47223854064941406,0.012445853091776371,0.6567332148551941,0.4236023724079132,-0.009137489832937717,0.6610459685325623,0.4922568202018738,-0.009771788492798805,0.6597423553466797,0.49616244435310364,-0.004081531893461943,0.6906141042709351,0.47327882051467896,0.0085411686450243,0.6904010772705078,0.4212496280670166,-0.013175022788345814,0.6924380660057068,0.4854927361011505,-0.00025374669348821044,0.6916056275367737,0.4988849461078644,0.014701669104397297,0.7216227650642395,0.479902058839798,0.0019432773115113378,0.7215622663497925,0.4417932629585266,-0.006648199167102575,0.7178117632865906,0.48485633730888367,0.004592190496623516,0.7172471284866333,0.5014676451683044,0.01656395196914673
A,0.7164633274078369,0.6576083302497864,-4.109114968287031e-07,0.6604652404785156,0.6288954019546509,-0.023107197135686874,0.6165988445281982,0.5622372031211853,-0.030894247815012932,0.5974010229110718,0.48730504512786865,-0.03848451375961304,0.6019837856292725,0.4345753490924835,-0.03791022673249245,0.630441427230835,0.4783273935317993,0.01140536554157734,0.6285884976387024,0.42417672276496887,-0.013265363872051239,0.636147141456604,0.4820205569267273,-0.025320569053292274,0.6377114653587341,0.4974132776260376,-0.029478810727596283,0.6599718928337097,0.47317346930503845,0.014587488025426865,0.658187747001648,0.42396417260169983,-0.00917049590498209,0.6627747416496277,0.49366283416748047,-0.012129904702305794,0.659130871295929,0.4971291124820709,-0.007416357286274433,0.6914352178573608,0.4747573733329773,0.010876819491386414,0.6913310289382935,0.42155635356903076,-0.013068433851003647,0.6937627196311951,0.4865978956222534,-0.0012752364855259657,0.6913936138153076,0.5002716779708862,0.01379148568958044,0.722145140171051,0.48094505071640015,0.00442028883844614,0.723148763179779,0.4424605965614319,-0.005128620192408562,0.7204141616821289,0.48479098081588745,0.005831475835293531,0.7195790410041809,0.5000665187835693,0.018017897382378578
A,0.7152323126792908,0.6573413610458374,-4.035801453028398e-07,0.6603856086730957,0.629981517791748,-0.021487878635525703,0.6174532771110535,0.5616922378540039,-0.0285937562584877,0.5975476503372192,0.48805302381515503,-0.03558610379695892,0.6016624569892883,0.4370848536491394,-0.0346997007727623,0.6316967606544495,0.4808383285999298,0.008562840521335602,0.6300133466720581,0.4242696166038513,-0.01456080935895443,0.6373206973075867,0.4806765913963318,-0.024607595056295395,0.6392033100128174,0.4976016581058502,-0.027508443221449852,0.6610658764839172,0.47490906715393066,0.011098820716142654,0.6597328186035156,0.42368200421333313,-0.010752996429800987,0.6642046570777893,0.49095240235328674,-0.0120205944404006,0.6613324284553528,0.4960689842700958,-0.006642934866249561,0.6924582719802856,0.4767105281352997,0.0072901262901723385,0.6930711269378662,0.42309603095054626,-0.01451054122298956,0.6950477361679077,0.4856759011745453,-0.002249493496492505,0.6925612092018127,0.4995008409023285,0.01241367869079113,0.7231202721595764,0.4835697412490845,0.0009280368103645742,0.7242811322212219,0.44440823793411255,-0.007503093220293522,0.7212851643562317,0.4845941662788391,0.003522841725498438,0.7199105024337769,0.500155508518219,0.015351444482803345
A,0.7165219783782959,0.6582551002502441,-4.2113705944757385e-07,0.6611566543579102,0.633184552192688,-0.019143471494317055,0.6182754635810852,0.563027560710907,-0.024253102019429207,0.5995688438415527,0.4897783100605011,-0.02954479679465294,0.6027189493179321,0.44019800424575806,-0.027135804295539856,0.6311028003692627,0.4826039969921112,0.011669334955513477,0.6298674941062927,0.42592471837997437,-0.010239971801638603,0.6363924741744995,0.4822322726249695,-0.020029187202453613,0.6378282308578491,0.5010965466499329,-0.022828441113233566,0.660884439945221,0.4762570261955261,0.013397292234003544,0.659186840057373,0.42620140314102173,-0.0072913262993097305,0.6633701920509338,0.49266350269317627,-0.008740934543311596,0.6611798405647278,0.4994218349456787,-0.00352026941254735,0.6928812265396118,0.4780769646167755,0.00892597995698452,0.6933656334877014,0.42548811435699463,-0.011498084291815758,0.695378303527832,0.48702535033226013,0.00043109632679261267,0.6937676072120667,0.5013944506645203,0.014611097984015942,0.7244097590446472,0.4852760434150696,0.0019986191764473915,0.7249493598937988,0.44744163751602173,-0.0057847388088703156,0.7215688824653625,0.48821693658828735,0.0050928592681884766,0.7206982374191284,0.504196047782898,0.016678625717759132
A,0.7162414193153381,0.6561707854270935,-4.4524239228849183e-07,0.6598063111305237,0.6320035457611084,-0.01850893162190914,0.6176018118858337,0.5610678791999817,-0.023370619863271713,0.6007816791534424,0.4875313937664032,-0.028392544016242027,0.6036342978477478,0.43721750378608704,-0.025942305102944374,0.6313981413841248,0.4807845950126648,0.010426956228911877,0.6319140195846558,0.4244401454925537,-0.01205480471253395,0.638149619102478,0.48248592019081116,-0.021270349621772766,0.6395202279090881,0.503372311592102,-0.023385193198919296,0.6617293953895569,0.47624313831329346,0.011510266922414303,0.6623460650444031,0.42778751254081726,-0.009809022769331932,0.6654194593429565,0.49685612320899963,-0.01075536198914051,0.6624840497970581,0.5043768882751465,-0.00519041670486331,0.693655788898468,0.4795376658439636,0.0064899432472884655,0.6961307525634766,0.4281997084617615,-0.016161195933818817,0.6970179677009583,0.49468109011650085,-0.0034567539114505053,0.6946738958358765,0.5114254355430603,0.01166382897645235,0.7248726487159729,0.4886063039302826,-0.0007304452592507005,0.7271217107772827,0.4519587755203247,-0.010693996213376522,0.7226508259773254,0.4979996085166931,0.0006936397985555232,0.7204100489616394,0.5163596272468567,0.012975404039025307
A,0.7169884443283081,0.6552373170852661,-4.010510110674659e-07,0.6617924571037292,0.6326664090156555,-0.020809287205338478,0.6175642609596252,0.5602676868438721,-0.025887956842780113,0.6000864505767822,0.4851929247379303,-0.03041010908782482,0.6057886481285095,0.4379587769508362,-0.026933355256915092,0.6328170299530029,0.4808560907840729,0.007481298875063658,0.6314541101455688,0.42554357647895813,-0.014073380269110203,0.6379755735397339,0.48467135429382324,-0.02125033177435398,0.6404733061790466,0.5030796527862549,-0.022209106013178825,0.6636940836906433,0.4761981964111328,0.009729426354169846,0.6634666323661804,0.428930401802063,-0.011159743182361126,0.6662044525146484,0.49774792790412903,-0.01012413389980793,0.6654775738716125,0.5027692317962646,-0.002922555897384882,0.6958625316619873,0.48058751225471497,0.0057082404382526875,0.697556734085083,0.4336403012275696,-0.01583074778318405,0.6970192193984985,0.497676283121109,-0.0022326463367789984,0.6958776712417603,0.5091956257820129,0.013297387398779392,0.727127730846405,0.4904499650001526,-0.0008201173623092473,0.7282195687294006,0.45891523361206055,-0.009731268510222435,0.7232784628868103,0.501457929611206,0.0014618453569710255,0.7219681739807129,0.5144296288490295,0.013441299088299274
A,0.7181330323219299,0.6574124097824097,-4.440113343662233e-07,0.660961925983429,0.6343569755554199,-0.0198492594063282,0.6180493235588074,0.5614768862724304,-0.024514246731996536,0.601098895072937,0.48714160919189453,-0.02847529575228691,0.6053232550621033,0.4392424523830414,-0.024565808475017548,0.6332293152809143,0.48215538263320923,0.0059709311462938786,0.6332975625991821,0.42842400074005127,-0.01498724427074194,0.6394277811050415,0.48916879296302795,-0.021244976669549942,0.641148567199707,0.5068930983543396,-0.02166685461997986,0.6644074320793152,0.47817015647888184,0.00818704441189766,0.6643092632293701,0.4328671395778656,-0.012808771803975105,0.6667037010192871,0.5023021697998047,-0.011719363741576672,0.6664162278175354,0.5065974593162537,-0.004622721578925848,0.6968791484832764,0.4818643033504486,0.004542045295238495,0.6973122954368591,0.4363972842693329,-0.017371464520692825,0.6968728303909302,0.5026587843894958,-0.004028746858239174,0.6969906091690063,0.5138838887214661,0.011309175752103329,0.7278577089309692,0.4905299246311188,-0.0013694500084966421,0.7273606061935425,0.46122539043426514,-0.01031176745891571,0.7233519554138184,0.5055757761001587,0.0007619773386977613,0.724018931388855,0.5180537700653076,0.012592059560120106
A,0.7180259823799133,0.6642177700996399,-4.3230221535850433e-07,0.6637434959411621,0.6317758560180664,-0.021362053230404854,0.6219667196273804,0.5622202754020691,-0.0275479294359684,0.6034541130065918,0.48967012763023376,-0.03306746855378151,0.6072019338607788,0.4403705596923828,-0.03078674152493477,0.6344174742698669,0.48494666814804077,0.006253296043723822,0.6341961622238159,0.4272305965423584,-0.016486769542098045,0.6409839987754822,0.4891342520713806,-0.024166075512766838,0.6420478820800781,0.5107991099357605,-0.024816105142235756,0.6667271256446838,0.48216626048088074,0.008899868465960026,0.667319655418396,0.43276771903038025,-0.013807558454573154,0.6696165204048157,0.5031670331954956,-0.014505265280604362,0.665921688079834,0.5124725699424744,-0.008381539955735207,0.698857307434082,0.4880322515964508,0.0054502286948263645,0.7016050815582275,0.4412233233451843,-0.018745532259345055,0.6998847126960754,0.508507490158081,-0.006583698559552431,0.6958038806915283,0.5244261026382446,0.008799748495221138,0.7282437086105347,0.4999653697013855,-0.0001457151520298794,0.7297443747520447,0.469860315322876,-0.010518434457480907,0.7244033813476562,0.5140314102172852,0.00040108291432261467,0.7211570143699646,0.5290050506591797,0.012599894776940346
A,0.7189104557037354,0.6559814214706421,-4.5695810513279866e-07,0.665600061416626,0.6346753835678101,-0.01987248659133911,0.622339129447937,0.5619181394577026,-0.02528282441198826,0.6041558980941772,0.48979878425598145,-0.030000053346157074,0.6068763732910156,0.44197598099708557,-0.027378279715776443,0.6347416043281555,0.4870319366455078,0.0030294267926365137,0.6342079043388367,0.43037933111190796,-0.01914689689874649,0.6397145986557007,0.4906772971153259,-0.02456498332321644,0.6407707333564758,0.5125220417976379,-0.02375350333750248,0.6666237711906433,0.485867440700531,0.004297482315450907,0.6667129397392273,0.43680939078330994,-0.017201989889144897,0.6676671504974365,0.507327139377594,-0.014760846272110939,0.6656595468521118,0.51466304063797,-0.006228332407772541,0.6993169784545898,0.4930134117603302,-0.00033195235300809145,0.7011871933937073,0.4470682442188263,-0.0245194174349308,0.6991339325904846,0.5142770409584045,-0.010828034020960331,0.6975605487823486,0.5258664488792419,0.00550865987315774,0.7309002876281738,0.505641520023346,-0.0068762898445129395,0.7299121618270874,0.47580763697624207,-0.018616672605276108,0.7251993417739868,0.5216549634933472,-0.007564662955701351,0.7245967984199524,0.5350132584571838,0.004763776436448097
A,0.716798722743988,0.6611047387123108,-4.558360728879052e-07,0.6624200344085693,0.6315721273422241,-0.018941456452012062,0.6205903887748718,0.562096893787384,-0.025119442492723465,0.6030176877975464,0.4918137788772583,-0.031368087977170944,0.6080532073974609,0.44334346055984497,-0.03059760294854641,0.6344693899154663,0.4879246950149536,0.006227084435522556,0.6336238980293274,0.4291645586490631,-0.017362898215651512,0.6395710110664368,0.48882007598876953,-0.025682227686047554,0.6408283114433289,0.5113728642463684,-0.026719387620687485,0.6664739847183228,0.48693978786468506,0.006768563762307167,0.6654152274131775,0.43626177310943604,-0.016332341358065605,0.6673024892807007,0.5042789578437805,-0.017037544399499893,0.6657218337059021,0.5134514570236206,-0.010725238360464573,0.6989684700965881,0.49469810724258423,0.001403129892423749,0.6997523307800293,0.4468246102333069,-0.023458197712898254,0.6984996199607849,0.5121467709541321,-0.010967714712023735,0.6970563530921936,0.5260454416275024,0.004781042225658894,0.7297160029411316,0.5091762542724609,-0.005885320715606213,0.7289894819259644,0.47438329458236694,-0.017088426277041435,0.7236005067825317,0.519172728061676,-0.005372355226427317,0.7224920392036438,0.5357334613800049,0.0074945916421711445
A,0.716798722743988,0.6611047387123108,-4.558360728879052e-07,0.6624200344085693,0.6315721273422241,-0.018941456452012062,0.6205903887748718,0.562096893787384,-0.025119442492723465,0.6030176877975464,0.4918137788772583,-0.031368087977170944,0.6080532073974609,0.44334346055984497,-0.03059760294854641,0.6344693899154663,0.4879246950149536,0.006227084435522556,0.6336238980293274,0.4291645586490631,-0.017362898215651512,0.6395710110664368,0.48882007598876953,-0.025682227686047554,0.6408283114433289,0.5113728642463684,-0.026719387620687485,0.6664739847183228,0.48693978786468506,0.006768563762307167,0.6654152274131775,0.43626177310943604,-0.016332341358065605,0.6673024892807007,0.5042789578437805,-0.017037544399499893,0.6657218337059021,0.5134514570236206,-0.010725238360464573,0.6989684700965881,0.49469810724258423,0.001403129892423749,0.6997523307800293,0.4468246102333069,-0.023458197712898254,0.6984996199607849,0.5121467709541321,-0.010967714712023735,0.6970563530921936,0.5260454416275024,0.004781042225658894,0.7297160029411316,0.5091762542724609,-0.005885320715606213,0.7289894819259644,0.47438329458236694,-0.017088426277041435,0.7236005067825317,0.519172728061676,-0.005372355226427317,0.7224920392036438,0.5357334613800049,0.0074945916421711445
A,0.7173717021942139,0.651036262512207,-4.4506771246233257e-07,0.6623827219009399,0.6323301196098328,-0.020147990435361862,0.6192426681518555,0.5577324628829956,-0.024579541757702827,0.6033897399902344,0.484569251537323,-0.028180979192256927,0.6073286533355713,0.4382977783679962,-0.024359960108995438,0.6345815658569336,0.4849488437175751,0.004007323645055294,0.635370135307312,0.4279724359512329,-0.018223799765110016,0.640049934387207,0.48793649673461914,-0.024052893742918968,0.6409994959831238,0.5097522735595703,-0.0236358642578125,0.6670491099357605,0.48457449674606323,0.0054891519248485565,0.6684441566467285,0.4356837868690491,-0.01648501120507717,0.6677594184875488,0.5047779679298401,-0.014644986018538475,0.6662708520889282,0.5107008218765259,-0.006344064604490995,0.6995407938957214,0.4922415316104889,0.000941531325224787,0.7024352550506592,0.44764700531959534,-0.0231705941259861,0.6986050009727478,0.5126988887786865,-0.00949763972312212,0.6980130076408386,0.5219782590866089,0.006876172032207251,0.7311642169952393,0.5051289796829224,-0.005679596681147814,0.7309954166412354,0.4761371612548828,-0.01700582168996334,0.7254378795623779,0.5207036733627319,-0.00585090322420001,0.7254301309585571,0.5330838561058044,0.0065116663463413715
A,0.7201352715492249,0.658753514289856,-4.324921576426277e-07,0.6655640006065369,0.6304322481155396,-0.022000186145305634,0.6230892539024353,0.5610225796699524,-0.028822895139455795,0.6036465167999268,0.4906928539276123,-0.034751586616039276,0.6079449653625488,0.44293925166130066,-0.032887447625398636,0.6364408135414124,0.4845189154148102,0.003921133931726217,0.6356430649757385,0.4286293685436249,-0.019481463357806206,0.6407590508460999,0.4901447594165802,-0.026849646121263504,0.6419272422790527,0.5086414217948914,-0.027630990371108055,0.6679568290710449,0.4837651252746582,0.0063134245574474335,0.6681264638900757,0.4351766109466553,-0.01761849783360958,0.6680316925048828,0.5057703256607056,-0.017261404544115067,0.66634601354599,0.510195255279541,-0.009897108189761639,0.6999230980873108,0.49138563871383667,0.0025298839900642633,0.7018778324127197,0.44757017493247986,-0.022388672456145287,0.6985856294631958,0.5140863656997681,-0.00906417891383171,0.6977204084396362,0.5224103927612305,0.0071621425449848175,0.7302863001823425,0.5047340989112854,-0.003517257748171687,0.7300761938095093,0.4778129458427429,-0.014208354987204075,0.7244910001754761,0.5222119092941284,-0.0028074136935174465,0.7249079942703247,0.5323579907417297,0.009648528881371021
A,0.7212062478065491,0.6532957553863525,-4.286343937565107e-07,0.6664938926696777,0.6258896589279175,-0.019627107307314873,0.6228355169296265,0.5558788776397705,-0.025386499240994453,0.6041603684425354,0.4866642653942108,-0.030672797933220863,0.6109905242919922,0.4419913589954376,-0.02845793589949608,0.6392831802368164,0.4797929525375366,0.004567555617541075,0.6364963054656982,0.4266335964202881,-0.01819743402302265,0.6413457989692688,0.48691412806510925,-0.026137474924325943,0.6438434720039368,0.5028870105743408,-0.027947645634412766,0.6705871224403381,0.47950127720832825,0.00529317045584321,0.6689109802246094,0.43241533637046814,-0.016866127029061317,0.6693040132522583,0.5011221766471863,-0.015756146982312202,0.6700475215911865,0.5060486197471619,-0.008557166904211044,0.7024818658828735,0.4877977967262268,1.628232712391764e-05,0.7018081545829773,0.44380083680152893,-0.02276556007564068,0.6994278430938721,0.5087968707084656,-0.00872292835265398,0.7013149857521057,0.5171551704406738,0.007175675593316555,0.7332552075386047,0.5025834441184998,-0.007515781559050083,0.7296158671379089,0.4771258533000946,-0.01734309457242489,0.7251718044281006,0.5188955068588257,-0.0058139413595199585,0.7279704809188843,0.5268975496292114,0.006415213458240032
A,0.7249261736869812,0.6526663899421692,-4.772624606630416e-07,0.6674346923828125,0.626354992389679,-0.019129620864987373,0.6252409815788269,0.5571699142456055,-0.024773109704256058,0.6056792140007019,0.48865368962287903,-0.030149981379508972,0.6091406941413879,0.44125983119010925,-0.028134258463978767,0.6387375593185425,0.4801234304904938,0.0055361054837703705,0.6366795301437378,0.4247720539569855,-0.018428338691592216,0.6424956321716309,0.4876337945461273,-0.027149038389325142,0.6435167193412781,0.5069683790206909,-0.02890932559967041,0.6700109839439392,0.4783003330230713,0.006272735074162483,0.6684572696685791,0.4299907982349396,-0.017916785553097725,0.6704357862472534,0.5026968717575073,-0.01839400827884674,0.6699014902114868,0.5093203186988831,-0.011563991196453571,0.702526867389679,0.48590123653411865,0.0011181714944541454,0.7007134556770325,0.4418024718761444,-0.023470887914299965,0.7007383108139038,0.509709358215332,-0.01021739561110735,0.7026532292366028,0.5181232690811157,0.005829182453453541,0.7338683605194092,0.49974629282951355,-0.006100901402533054,0.7302451729774475,0.4755120575428009,-0.01637054793536663,0.7272466421127319,0.51963871717453,-0.0046996744349598885,0.7307386994361877,0.5277460217475891,0.007848650217056274
A,0.731095016002655,0.6598619818687439,-4.489722016387532e-07,0.6734191179275513,0.6302509307861328,-0.018226293846964836,0.6299509406089783,0.562840461730957,-0.023695101961493492,0.6081382632255554,0.49489882588386536,-0.029418254271149635,0.6105260848999023,0.44748353958129883,-0.02779199741780758,0.6410512328147888,0.486137330532074,0.00855676457285881,0.6374619603157043,0.4280287027359009,-0.014710348099470139,0.6448044776916504,0.48789045214653015,-0.023467930033802986,0.6465842723846436,0.5083979964256287,-0.025065965950489044,0.6724497675895691,0.4831888675689697,0.009345467202365398,0.6687377095222473,0.4326355457305908,-0.013369162566959858,0.6717668771743774,0.5009527802467346,-0.014032789506018162,0.6712901592254639,0.5086725950241089,-0.007706291042268276,0.7053766846656799,0.4903300106525421,0.004159146454185247,0.7035744786262512,0.44317856431007385,-0.0189889557659626,0.7037005424499512,0.5075741410255432,-0.006377574987709522,0.7042130827903748,0.5189347863197327,0.009038935415446758,0.7362922430038452,0.504363477230072,-0.003111163154244423,0.7342901825904846,0.47575634717941284,-0.012217377312481403,0.7301315665245056,0.5175526142120361,-0.000754801498260349,0.7315407395362854,0.5290852189064026,0.011494775302708149
A,0.7307405471801758,0.668639063835144,-4.6435459921667643e-07,0.6771045327186584,0.6349697709083557,-0.02193719707429409,0.634077250957489,0.5669851303100586,-0.030633218586444855,0.6126068830490112,0.49377086758613586,-0.03904344141483307,0.6164537072181702,0.44386330246925354,-0.039831750094890594,0.6452651023864746,0.4846515357494354,0.0038815056905150414,0.6419330835342407,0.4285627603530884,-0.020388690754771233,0.6472359299659729,0.49076128005981445,-0.029053224250674248,0.6503499150276184,0.5102208852767944,-0.030878007411956787,0.677515983581543,0.481745183467865,0.005844198167324066,0.67360520362854,0.43121522665023804,-0.017720136791467667,0.6750380396842957,0.5036084651947021,-0.016528338193893433,0.6762822866439819,0.5108928084373474,-0.008975894190371037,0.7105374336242676,0.4904553294181824,0.001460223225876689,0.7073740363121033,0.442205011844635,-0.0223825853317976,0.7059393525123596,0.5096835494041443,-0.007706808391958475,0.7075827717781067,0.5216284394264221,0.008825947530567646,0.740611732006073,0.507195234298706,-0.005414473824203014,0.7364616394042969,0.4780944287776947,-0.01566564477980137,0.7311270833015442,0.5206982493400574,-0.004059188067913055,0.7328598499298096,0.532119870185852,0.008302831090986729
A,0.7358852624893188,0.6628584265708923,-4.3921855308326485e-07,0.6808644533157349,0.6337085366249084,-0.018135035410523415,0.6374533176422119,0.5663915872573853,-0.02430582605302334,0.6185718774795532,0.49874699115753174,-0.030499719083309174,0.6232022047042847,0.4511682391166687,-0.029426660388708115,0.6495174169540405,0.4868234097957611,0.0061276936903595924,0.6463643908500671,0.43058738112449646,-0.01700163632631302,0.6525231599807739,0.49022167921066284,-0.02553003467619419,0.6556713581085205,0.5106279253959656,-0.027065791189670563,0.6820874810218811,0.4854312837123871,0.006137476302683353,0.679233968257904,0.43453556299209595,-0.016047807410359383,0.6810292601585388,0.5019209384918213,-0.01571175828576088,0.6826584935188293,0.5113252997398376,-0.00869192834943533,0.7152395844459534,0.4938121438026428,0.00029564567375928164,0.7142065763473511,0.44531089067459106,-0.02275773324072361,0.7124931216239929,0.5092531442642212,-0.00939114298671484,0.714057445526123,0.522609531879425,0.006551763974130154,0.7469462156295776,0.5094974637031555,-0.0075700958259403706,0.7442777752876282,0.47654080390930176,-0.017250601202249527,0.7383460998535156,0.5190263390541077,-0.00516907824203372,0.739103376865387,0.5335907936096191,0.007749599404633045
A,0.7409166693687439,0.6591144800186157,-4.060163973917952e-07,0.6833850741386414,0.6376892328262329,-0.020656483247876167,0.6408908367156982,0.5670564770698547,-0.0263946782797575,0.6231555342674255,0.4985367953777313,-0.03132069483399391,0.6249277591705322,0.4508582651615143,-0.029011297971010208,0.6547472476959229,0.48828592896461487,0.004041947424411774,0.6534952521324158,0.431837260723114,-0.017539404332637787,0.6596313714981079,0.4913395345211029,-0.02448393404483795,0.6622572541236877,0.5147420763969421,-0.025093523785471916,0.6877936720848083,0.4849250614643097,0.005545939784497023,0.6858617067337036,0.43447989225387573,-0.015704387798905373,0.6874377131462097,0.5039241909980774,-0.01458367332816124,0.6894089579582214,0.5139894485473633,-0.006776200607419014,0.7211148738861084,0.4922400712966919,0.001183143351227045,0.7194915413856506,0.44388455152511597,-0.02160443179309368,0.7171430587768555,0.5097132325172424,-0.00789568293839693,0.7189095616340637,0.5221832990646362,0.008228777907788754,0.7529781460762024,0.5066489577293396,-0.005367565900087357,0.7483053803443909,0.4780574440956116,-0.015599865466356277,0.7424708008766174,0.52200847864151,-0.0038473126478493214,0.7438705563545227,0.5349118113517761,0.008848142810165882
A,0.7458874583244324,0.6677707433700562,-4.610786561443092e-07,0.6896482706069946,0.641951322555542,-0.021324366331100464,0.6466437578201294,0.5729988217353821,-0.028054114431142807,0.6271141767501831,0.5016399621963501,-0.03403199464082718,0.6309088468551636,0.45131760835647583,-0.03249246999621391,0.6594383120536804,0.49307751655578613,0.004909086506813765,0.6569157242774963,0.4335736036300659,-0.018338173627853394,0.6634997725486755,0.49393951892852783,-0.027303554117679596,0.6651039719581604,0.5157545804977417,-0.029162464663386345,0.691369891166687,0.4895963966846466,0.007028789259493351,0.6886315941810608,0.4356364905834198,-0.014795907773077488,0.6917190551757812,0.5060038566589355,-0.01482830848544836,0.6907165050506592,0.5183733701705933,-0.008336239494383335,0.7235402464866638,0.4967247545719147,0.003083100076764822,0.7228862643241882,0.4440493583679199,-0.020301735028624535,0.7221476435661316,0.510456919670105,-0.007310430519282818,0.7213453650474548,0.5280324816703796,0.00838277768343687,0.7547702193260193,0.5114299654960632,-0.0030618207529187202,0.7531761527061462,0.4755186140537262,-0.013697079382836819,0.747829794883728,0.5194247961044312,-0.002330953720957041,0.7467014789581299,0.5368024110794067,0.010086937807500362
A,0.7458874583244324,0.6677707433700562,-4.610786561443092e-07,0.6896482706069946,0.641951322555542,-0.021324366331100464,0.6466437578201294,0.5729988217353821,-0.028054114431142807,0.6271141767501831,0.5016399621963501,-0.03403199464082718,0.6309088468551636,0.45131760835647583,-0.03249246999621391,0.6594383120536804,0.49307751655578613,0.004909086506813765,0.6569157242774963,0.4335736036300659,-0.018338173627853394,0.6634997725486755,0.49393951892852783,-0.027303554117679596,0.6651039719581604,0.5157545804977417,-0.029162464663386345,0.691369891166687,0.4895963966846466,0.007028789259493351,0.6886315941810608,0.4356364905834198,-0.014795907773077488,0.6917190551757812,0.5060038566589355,-0.01482830848544836,0.6907165050506592,0.5183733701705933,-0.008336239494383335,0.7235402464866638,0.4967247545719147,0.003083100076764822,0.7228862643241882,0.4440493583679199,-0.020301735028624535,0.7221476435661316,0.510456919670105,-0.007310430519282818,0.7213453650474548,0.5280324816703796,0.00838277768343687,0.7547702193260193,0.5114299654960632,-0.0030618207529187202,0.7531761527061462,0.4755186140537262,-0.013697079382836819,0.747829794883728,0.5194247961044312,-0.002330953720957041,0.7467014789581299,0.5368024110794067,0.010086937807500362
A,0.7480512857437134,0.6763843297958374,-4.6098821826490166e-07,0.693342387676239,0.6465587019920349,-0.021564234048128128,0.6494917869567871,0.5770666003227234,-0.028549425303936005,0.6283450722694397,0.5046352744102478,-0.0348651222884655,0.6331714987754822,0.4531860947608948,-0.03302532806992531,0.6619759798049927,0.49251070618629456,0.007185645401477814,0.6590717434883118,0.43548861145973206,-0.017367376014590263,0.6650412082672119,0.4968983829021454,-0.02762879990041256,0.6671128273010254,0.5174373984336853,-0.030269037932157516,0.6934512853622437,0.48966601490974426,0.009629648178815842,0.6907528638839722,0.43899697065353394,-0.013209878467023373,0.6931201219558716,0.5089107155799866,-0.014130992814898491,0.6920689940452576,0.5162547826766968,-0.008297650143504143,0.7259427309036255,0.4967319965362549,0.005685107316821814,0.7256380915641785,0.4462403655052185,-0.01781655102968216,0.7243908047676086,0.5124237537384033,-0.004775350447744131,0.7241165637969971,0.5255871415138245,0.010781675577163696,0.7570304870605469,0.5110718011856079,-0.0006383610307238996,0.7561333775520325,0.4770577549934387,-0.010852170176804066,0.7493653297424316,0.5210007429122925,0.0007099936483427882,0.7483751177787781,0.5356616377830505,0.013327288441359997
A,0.7504745125770569,0.6726162433624268,-4.326411442434619e-07,0.6951091885566711,0.646989643573761,-0.02131757140159607,0.6494064927101135,0.5797473192214966,-0.027923982590436935,0.6293389797210693,0.508943498134613,-0.03396261855959892,0.6345499753952026,0.460389643907547,-0.031987208873033524,0.6617226004600525,0.4944952726364136,0.006684876047074795,0.6603148579597473,0.43962061405181885,-0.01648862287402153,0.6672536730766296,0.49941569566726685,-0.024709729477763176,0.6697705984115601,0.5167890191078186,-0.026193929836153984,0.6937780976295471,0.4900939464569092,0.008477847091853619,0.6929463744163513,0.44190752506256104,-0.014147556386888027,0.6949797868728638,0.5113816261291504,-0.013712587766349316,0.6936022043228149,0.5161061882972717,-0.006636878941208124,0.7266973853111267,0.4948626458644867,0.003892868058755994,0.7275663018226624,0.44633418321609497,-0.020016130059957504,0.7266740202903748,0.5122323632240295,-0.006605113390833139,0.7262018918991089,0.5245376825332642,0.009497302584350109,0.7581478953361511,0.5067115426063538,-0.0030637597665190697,0.756891131401062,0.47470247745513916,-0.013736207969486713,0.7512337565422058,0.5191770195960999,-0.0021714200265705585,0.7508610486984253,0.5339317917823792,0.01063460297882557
A,0.7492892146110535,0.6811221837997437,-4.468375323085638e-07,0.6953147053718567,0.6498842239379883,-0.026552166789770126,0.6515753865242004,0.5819763541221619,-0.03649717569351196,0.6287801265716553,0.5100589990615845,-0.0445205494761467,0.6327491998672485,0.46041062474250793,-0.044024452567100525,0.6614234447479248,0.4956852197647095,-0.0014923965791240335,0.6611906886100769,0.44003069400787354,-0.025084812194108963,0.667025625705719,0.5026081800460815,-0.03290997073054314,0.668405294418335,0.5207095742225647,-0.03441612049937248,0.6939132213592529,0.4900042712688446,0.0037435756530612707,0.692463755607605,0.438609778881073,-0.019050389528274536,0.6949765682220459,0.5110581517219543,-0.017787087708711624,0.6930644512176514,0.5169185400009155,-0.010866430588066578,0.7273203730583191,0.49515673518180847,0.002720354124903679,0.7267154455184937,0.44356903433799744,-0.020288866013288498,0.7269692420959473,0.5110338926315308,-0.005617084447294474,0.7259508967399597,0.5240502953529358,0.010330723598599434,0.7571130394935608,0.5079055428504944,-0.001096088788472116,0.7555990815162659,0.4745001792907715,-0.011456641368567944,0.7512701153755188,0.5180321335792542,-0.0001389746757922694,0.7508726119995117,0.5320279002189636,0.011900374665856361
A,0.7512515783309937,0.6791607141494751,-4.075089918842423e-07,0.6966380476951599,0.6494381427764893,-0.026322081685066223,0.6508345007896423,0.5823727250099182,-0.03521932289004326,0.628011167049408,0.5102193355560303,-0.042312733829021454,0.6329526305198669,0.4602794051170349,-0.040684159845113754,0.6626557111740112,0.49356546998023987,0.0026743533089756966,0.6592628955841064,0.44006407260894775,-0.020272282883524895,0.6682418584823608,0.5032089352607727,-0.028338054195046425,0.6710160374641418,0.5196495056152344,-0.02999783866107464,0.6945505142211914,0.4874958395957947,0.008173941634595394,0.691305935382843,0.4409852623939514,-0.014069709926843643,0.6969440579414368,0.5136836767196655,-0.013194040395319462,0.6953544616699219,0.5180472731590271,-0.006488588638603687,0.7272481322288513,0.4920814335346222,0.007133751176297665,0.7256311178207397,0.4441705346107483,-0.015440010465681553,0.7277816534042358,0.5111812949180603,-0.0014154603704810143,0.7271592617034912,0.5234071612358093,0.01425312552601099,0.7576037049293518,0.5042099952697754,0.0032886755652725697,0.7556102275848389,0.47259199619293213,-0.00660878187045455,0.7523580193519592,0.5157970190048218,0.00451926002278924,0.7525234818458557,0.5284612774848938,0.016626833006739616
A,0.7525893449783325,0.674013614654541,-4.428589193139487e-07,0.6975996494293213,0.6477595567703247,-0.024462243542075157,0.6517552137374878,0.581932544708252,-0.032188642770051956,0.6293490529060364,0.5100215077400208,-0.038532666862010956,0.632341742515564,0.45910897850990295,-0.03644252195954323,0.661080539226532,0.49582046270370483,0.00445999251678586,0.6577084064483643,0.43767762184143066,-0.01935506984591484,0.6668276786804199,0.49958372116088867,-0.028669163584709167,0.6685833930969238,0.519802987575531,-0.03070184402167797,0.6930914521217346,0.4898030757904053,0.00882184412330389,0.6899605393409729,0.43817082047462463,-0.014553104527294636,0.6960433125495911,0.509287416934967,-0.01616409607231617,0.6927827596664429,0.5177233219146729,-0.01072345208376646,0.7255429029464722,0.4931566119194031,0.006905701477080584,0.7247041463851929,0.44060608744621277,-0.017432112246751785,0.7266147136688232,0.5079342126846313,-0.0051090894266963005,0.7244945764541626,0.5240048766136169,0.010262648575007915,0.7560999393463135,0.5033242702484131,0.002549887401983142,0.7548508644104004,0.46800386905670166,-0.008648544549942017,0.7512690424919128,0.5120100378990173,0.0021392423659563065,0.7498234510421753,0.5286148190498352,0.014492492191493511
A,0.7525924444198608,0.6714072823524475,-4.194810969693208e-07,0.6969177722930908,0.6456489562988281,-0.02383284457027912,0.6502636671066284,0.581196129322052,-0.03146595507860184,0.6283536553382874,0.5101698040962219,-0.037783872336149216,0.6339614987373352,0.4612079858779907,-0.035632599145174026,0.6598848700523376,0.4940837025642395,0.00410777423530817,0.6569535136222839,0.43998730182647705,-0.01887812465429306,0.6664698719978333,0.5028468370437622,-0.027074994519352913,0.6690866351127625,0.518404483795166,-0.028812885284423828,0.6916535496711731,0.4869098663330078,0.008064509369432926,0.6889540553092957,0.4399362802505493,-0.014708382077515125,0.6950269341468811,0.5114026069641113,-0.014530912972986698,0.6937950253486633,0.515465497970581,-0.00798702985048294,0.7249343991279602,0.48900580406188965,0.0057301707565784454,0.7239797711372375,0.44204869866371155,-0.017540575936436653,0.7262097597122192,0.5091474056243896,-0.004238185007125139,0.7249630093574524,0.521152675151825,0.011405421420931816,0.755668580532074,0.4974192976951599,0.000838919950183481,0.7547534704208374,0.46612292528152466,-0.009027725085616112,0.7514647841453552,0.5105777382850647,0.0022132357116788626,0.7507607936859131,0.524232804775238,0.014560254290699959
A,0.7530787587165833,0.6694518327713013,-4.223232963340706e-07,0.6966282725334167,0.6469351649284363,-0.024501999840140343,0.6495380401611328,0.583084225654602,-0.03271273896098137,0.6276423931121826,0.5115278363227844,-0.03954555466771126,0.6321149468421936,0.4605976641178131,-0.037977851927280426,0.6598814725875854,0.4943508505821228,0.0031183206010609865,0.657845139503479,0.4394558072090149,-0.02059043198823929,0.6670637726783752,0.5011178255081177,-0.02901887707412243,0.6694588661193848,0.51746666431427,-0.030833467841148376,0.6917182207107544,0.48734521865844727,0.0067868782207369804,0.6900113821029663,0.43984466791152954,-0.01692957617342472,0.6950531601905823,0.5110741257667542,-0.01736697554588318,0.6930810213088989,0.5137293338775635,-0.011075152084231377,0.7245781421661377,0.48873886466026306,0.004089543130248785,0.7244336605072021,0.4397713541984558,-0.02046794816851616,0.7266203165054321,0.5070697069168091,-0.007180368527770042,0.7259563207626343,0.5178974270820618,0.008662660606205463,0.7554246187210083,0.49646592140197754,-0.0012121868785470724,0.7549021244049072,0.46396908164024353,-0.01225056778639555,0.751693606376648,0.5100523829460144,-0.0008281448390334845,0.7514727711677551,0.5245319604873657,0.01182302925735712
A,0.7511898279190063,0.6719874739646912,-4.3632235247059725e-07,0.6960088610649109,0.6446553468704224,-0.023455170914530754,0.6497223973274231,0.5810070633888245,-0.031535517424345016,0.6284871101379395,0.5099828839302063,-0.03824129328131676,0.6325803399085999,0.4581994414329529,-0.03649706020951271,0.6604953408241272,0.49072572588920593,0.003588941879570484,0.6577117443084717,0.43478479981422424,-0.019727185368537903,0.6671305894851685,0.49655580520629883,-0.02866729348897934,0.6692783832550049,0.5164004564285278,-0.0305892713367939,0.6922594308853149,0.48488545417785645,0.007335954811424017,0.6903928518295288,0.436085969209671,-0.015286173671483994,0.6964279413223267,0.5060520172119141,-0.016963902860879898,0.6934052109718323,0.5128533840179443,-0.011894209310412407,0.7250097990036011,0.48735833168029785,0.005069948732852936,0.7249628305435181,0.437774121761322,-0.017963986843824387,0.7280873656272888,0.5033800601959229,-0.0060955374501645565,0.7262892723083496,0.5175060033798218,0.008408079855144024,0.7557661533355713,0.49645867943763733,0.00043713676859624684,0.7547876834869385,0.4626013934612274,-0.009618585929274559,0.7526837587356567,0.5062195658683777,0.0012793531641364098,0.752081036567688,0.5214484930038452,0.013455269858241081
A,0.7522635459899902,0.6689233779907227,-4.18680372149538e-07,0.6978969573974609,0.6437899470329285,-0.024814758449792862,0.6518363952636719,0.5840200185775757,-0.0339459553360939,0.629809558391571,0.5128281712532043,-0.041609957814216614,0.6317134499549866,0.4615270793437958,-0.04073531925678253,0.6622888445854187,0.4921783208847046,0.0023996431846171618,0.6580426692962646,0.43618252873420715,-0.02201738953590393,0.6688606142997742,0.4967884421348572,-0.03220640495419502,0.6718667149543762,0.5189329981803894,-0.03458927944302559,0.693815290927887,0.485363245010376,0.007037131581455469,0.6902317404747009,0.4349772334098816,-0.017130909487605095,0.6981967687606812,0.50457763671875,-0.020078148692846298,0.6956518292427063,0.5148588418960571,-0.01552595291286707,0.7257422804832458,0.4860151708126068,0.005600318778306246,0.725077748298645,0.4332459568977356,-0.017945915460586548,0.7289003133773804,0.4971759021282196,-0.006665128283202648,0.7266708016395569,0.5155077576637268,0.0077728210017085075,0.7559176087379456,0.49319109320640564,0.0016145143890753388,0.7557573914527893,0.4556262195110321,-0.00869537703692913,0.753656804561615,0.49691537022590637,0.001602022908627987,0.7520598769187927,0.5145371556282043,0.01355208083987236
A,0.7486579418182373,0.6693558096885681,-4.0614520457893377e-07,0.6941492557525635,0.6452459692955017,-0.027260243892669678,0.6487424373626709,0.5837516784667969,-0.03701496869325638,0.6269018054008484,0.5098693370819092,-0.04463677480816841,0.6323086619377136,0.457621306180954,-0.04351985082030296,0.6609337329864502,0.4922098219394684,0.0018798359669744968,0.6585959196090698,0.4352518618106842,-0.02144429460167885,0.6687483787536621,0.49511078000068665,-0.03067791275680065,0.6717541813850403,0.5177288055419922,-0.03266328200697899,0.6929035186767578,0.4835292398929596,0.008107771165668964,0.6895241737365723,0.4308428168296814,-0.014797404408454895,0.6974847912788391,0.5003175139427185,-0.016691721975803375,0.6957972049713135,0.5120320916175842,-0.01165581401437521,0.7246443033218384,0.4841439127922058,0.008046464994549751,0.7236617207527161,0.42801815271377563,-0.014089861884713173,0.7276860475540161,0.4903048872947693,-0.0021690218709409237,0.7255885004997253,0.508974552154541,0.01222607959061861,0.7548105120658875,0.49257224798202515,0.005180016625672579,0.7535262703895569,0.4505297541618347,-0.00471667991951108,0.7518795728683472,0.4907681941986084,0.005563371814787388,0.7504197359085083,0.509012758731842,0.01728198491036892
A,0.7486579418182373,0.6693558096885681,-4.0614520457893377e-07,0.6941492557525635,0.6452459692955017,-0.027260243892669678,0.6487424373626709,0.5837516784667969,-0.03701496869325638,0.6269018054008484,0.5098693370819092,-0.04463677480816841,0.6323086619377136,0.457621306180954,-0.04351985082030296,0.6609337329864502,0.4922098219394684,0.0018798359669744968,0.6585959196090698,0.4352518618106842,-0.02144429460167885,0.6687483787536621,0.49511078000068665,-0.03067791275680065,0.6717541813850403,0.5177288055419922,-0.03266328200697899,0.6929035186767578,0.4835292398929596,0.008107771165668964,0.6895241737365723,0.4308428168296814,-0.014797404408454895,0.6974847912788391,0.5003175139427185,-0.016691721975803375,0.6957972049713135,0.5120320916175842,-0.01165581401437521,0.7246443033218384,0.4841439127922058,0.008046464994549751,0.7236617207527161,0.42801815271377563,-0.014089861884713173,0.7276860475540161,0.4903048872947693,-0.0021690218709409237,0.7255885004997253,0.508974552154541,0.01222607959061861,0.7548105120658875,0.49257224798202515,0.005180016625672579,0.7535262703895569,0.4505297541618347,-0.00471667991951108,0.7518795728683472,0.4907681941986084,0.005563371814787388,0.7504197359085083,0.509012758731842,0.01728198491036892
A,0.7504335641860962,0.6666956543922424,-4.732766001325217e-07,0.6941972374916077,0.6466243267059326,-0.024834977462887764,0.6466777920722961,0.5831466317176819,-0.033281370997428894,0.6260491609573364,0.5072615146636963,-0.04026086628437042,0.6333009600639343,0.4554985761642456,-0.0391477532684803,0.6580407619476318,0.49426987767219543,0.002914819633588195,0.6552183628082275,0.43349501490592957,-0.018222041428089142,0.6666769981384277,0.4921548366546631,-0.0270304623991251,0.6688583493232727,0.5192176103591919,-0.029108280315995216,0.689890444278717,0.4827556610107422,0.007703290320932865,0.6848278045654297,0.42825058102607727,-0.01321413554251194,0.6952137351036072,0.4947991371154785,-0.01585645228624344,0.6933216452598572,0.512776255607605,-0.011668753810226917,0.7219443321228027,0.479348361492157,0.006598141975700855,0.7187299132347107,0.4209175109863281,-0.013893494382500648,0.7250590920448303,0.4805479943752289,-0.0037328116595745087,0.7227956056594849,0.5049445033073425,0.009225627407431602,0.752886176109314,0.4834323227405548,0.0028607023414224386,0.7484980821609497,0.43635880947113037,-0.006859199143946171,0.7488873600959778,0.4753775894641876,0.0021855353843420744,0.7481533885002136,0.49917376041412354,0.012840868905186653
A,0.7493195533752441,0.6638939380645752,-4.543866793937923e-07,0.690783679485321,0.6425700187683105,-0.022916045039892197,0.6448107361793518,0.5794947743415833,-0.030259421095252037,0.6253284811973572,0.5071074366569519,-0.03652399033308029,0.631283700466156,0.45618319511413574,-0.03440003842115402,0.6588166356086731,0.4880855679512024,0.0045522768050432205,0.6550987362861633,0.43187153339385986,-0.016883639618754387,0.6668071746826172,0.4909771680831909,-0.026962686330080032,0.6687319874763489,0.5122584104537964,-0.030351847410202026,0.6878278255462646,0.47534629702568054,0.008315352723002434,0.6835530400276184,0.42498958110809326,-0.013106925413012505,0.6943330764770508,0.491609126329422,-0.01672888547182083,0.6913978457450867,0.504533588886261,-0.013425660319626331,0.7180007696151733,0.4699633717536926,0.006379331462085247,0.7154727578163147,0.41285932064056396,-0.013612335547804832,0.7231292724609375,0.47320684790611267,-0.0036956544499844313,0.7204557061195374,0.49329501390457153,0.008759054355323315,0.7476047277450562,0.47134634852409363,0.0018269112333655357,0.7451081275939941,0.430514931678772,-0.006223304662853479,0.7458508610725403,0.46931782364845276,0.0033241845667362213,0.744780957698822,0.48803457617759705,0.013992620632052422
A,0.7476111650466919,0.6681221127510071,-4.5335940512813977e-07,0.6941048502922058,0.6503578424453735,-0.03002588450908661,0.647668182849884,0.5858706831932068,-0.04084137827157974,0.6250787973403931,0.5112799406051636,-0.04915807768702507,0.6321122050285339,0.4591827094554901,-0.04865444824099541,0.6550508141517639,0.4907376766204834,-0.005178113002330065,0.6518443822860718,0.4336334466934204,-0.02643483690917492,0.6641577482223511,0.4929845333099365,-0.0344369001686573,0.6653690338134766,0.5135095715522766,-0.03652402013540268,0.6854880452156067,0.47590625286102295,0.0021706921979784966,0.6807553172111511,0.42384469509124756,-0.01913464441895485,0.6921544671058655,0.490284264087677,-0.020757177844643593,0.688094437122345,0.5031412839889526,-0.01628730818629265,0.7167795300483704,0.46994495391845703,0.00366322067566216,0.7138214707374573,0.40945103764533997,-0.01728639379143715,0.7223034501075745,0.46928584575653076,-0.0071303048171103,0.7183793187141418,0.4921216368675232,0.005482797510921955,0.7462536096572876,0.47139424085617065,0.0021790897008031607,0.7437112331390381,0.4249345660209656,-0.00862057600170374,0.7455938458442688,0.4607762396335602,-0.0008293535211123526,0.7434053421020508,0.4821612536907196,0.00901943352073431
A,0.7483885288238525,0.6655242443084717,-4.5924304004074656e-07,0.6934340596199036,0.6470977067947388,-0.02744615264236927,0.6475348472595215,0.5865636467933655,-0.037018466740846634,0.6252985596656799,0.513906717300415,-0.04446326941251755,0.6294510364532471,0.46240898966789246,-0.04320942610502243,0.6545918583869934,0.4923322796821594,-0.003629347076639533,0.6514132022857666,0.4330385625362396,-0.024474941194057465,0.6647475361824036,0.4925193786621094,-0.03241460770368576,0.6653038263320923,0.5155385136604309,-0.03410375118255615,0.6855943202972412,0.4779767394065857,0.0032840787898749113,0.6810241341590881,0.42436131834983826,-0.01774570345878601,0.6932557225227356,0.4906732141971588,-0.020699281245470047,0.6880760788917542,0.505521833896637,-0.017295464873313904,0.7166175842285156,0.47153785824775696,0.004792673978954554,0.7135197520256042,0.40884459018707275,-0.015170145779848099,0.7225587368011475,0.4683240056037903,-0.006242378614842892,0.7181862592697144,0.4935000240802765,0.005498826503753662,0.745282769203186,0.47201547026634216,0.003638783935457468,0.7430464029312134,0.4233890473842621,-0.005666481330990791,0.7460073232650757,0.4570082724094391,0.0018672342412173748,0.7441451549530029,0.4786898195743561,0.011374218389391899
A,0.746265709400177,0.669601559638977,-4.6364399963749747e-07,0.6937522292137146,0.6521986722946167,-0.028196124359965324,0.6466817855834961,0.5873472094535828,-0.03818336874246597,0.6227706074714661,0.5143184065818787,-0.04607801511883736,0.6305792331695557,0.4648075997829437,-0.045563001185655594,0.6523397564888,0.4952114224433899,-0.006657971069216728,0.6487525105476379,0.4380055367946625,-0.025637749582529068,0.6627206206321716,0.49317601323127747,-0.03142775222659111,0.6641023755073547,0.5169240236282349,-0.03222932294011116,0.6832540035247803,0.47910720109939575,-0.00014467108121607453,0.6781344413757324,0.425550639629364,-0.0195388775318861,0.6922123432159424,0.49097153544425964,-0.020273055881261826,0.6887131929397583,0.5081509947776794,-0.015734732151031494,0.715133786201477,0.4728124737739563,0.001061085844412446,0.710884690284729,0.41098636388778687,-0.01873124949634075,0.7218259572982788,0.467711478471756,-0.009585716761648655,0.7175394892692566,0.49370792508125305,0.00203576753847301,0.7448264956474304,0.4748096466064453,-0.0004047175752930343,0.7415527105331421,0.4220602214336395,-0.011040173470973969,0.7457391023635864,0.45312580466270447,-0.004077499266713858,0.7428982853889465,0.4767765402793884,0.004928052891045809
A,0.7474144101142883,0.673315703868866,-4.77601645343384e-07,0.6929143667221069,0.6556183695793152,-0.026297055184841156,0.6476477980613708,0.5939822196960449,-0.036101844161748886,0.623926043510437,0.5208680033683777,-0.04442865401506424,0.6291841268539429,0.46896815299987793,-0.044424235820770264,0.655427873134613,0.4996991455554962,-0.0021743697579950094,0.6506202220916748,0.43906792998313904,-0.022783758118748665,0.6627506017684937,0.496578574180603,-0.030319683253765106,0.664837658405304,0.5229330062866211,-0.03160513564944267,0.6860742568969727,0.4852147698402405,0.0038340433966368437,0.6809068918228149,0.4302352964878082,-0.01638077385723591,0.6918773055076599,0.49735698103904724,-0.018412543460726738,0.6873915195465088,0.5144981145858765,-0.01430580299347639,0.7170788049697876,0.4788910448551178,0.0043465024791657925,0.7139496803283691,0.4153648018836975,-0.014718600548803806,0.7218392491340637,0.4739392399787903,-0.0051728785037994385,0.7181352972984314,0.500355064868927,0.006806531921029091,0.7466424107551575,0.48045602440834045,0.0021885992027819157,0.7431114912033081,0.42909833788871765,-0.006558043882250786,0.7451523542404175,0.4628894031047821,0.0013390668900683522,0.7438347935676575,0.48621058464050293,0.010944384150207043
A,0.7476756572723389,0.6738888621330261,-4.5614322630171955e-07,0.6941076517105103,0.6562110185623169,-0.02521081082522869,0.6481530666351318,0.5935157537460327,-0.03427063673734665,0.6237561702728271,0.5211257934570312,-0.04224585369229317,0.6280822157859802,0.46975263953208923,-0.04241667315363884,0.6551052331924438,0.5037810802459717,-0.0006837428663857281,0.6498031616210938,0.4403035044670105,-0.020203303545713425,0.6626937389373779,0.49559444189071655,-0.02742844820022583,0.6658288240432739,0.5230146646499634,-0.02857421152293682,0.6866065859794617,0.49010246992111206,0.004678263794630766,0.6808938384056091,0.43368637561798096,-0.014697130769491196,0.6930001378059387,0.49730077385902405,-0.01752176508307457,0.6899481415748596,0.5169456601142883,-0.014122397638857365,0.718623697757721,0.4842394292354584,0.004672623705118895,0.7144520282745361,0.41887855529785156,-0.014253111556172371,0.7231003046035767,0.4752896726131439,-0.006612926255911589,0.7194433212280273,0.5039410591125488,0.004105785395950079,0.7486841082572937,0.48570016026496887,0.0021888422779738903,0.7443593144416809,0.432126522064209,-0.008040284737944603,0.746251106262207,0.4659665524959564,-0.00171936908736825,0.7440100312232971,0.49284645915031433,0.0069679138250648975
A,0.746995210647583,0.6777154803276062,-4.6156208100001095e-07,0.6938118934631348,0.6587408781051636,-0.02376328408718109,0.6499051451683044,0.5944114923477173,-0.03141360357403755,0.625828742980957,0.522432804107666,-0.038068197667598724,0.6244540214538574,0.4696207642555237,-0.036987751722335815,0.6568229794502258,0.5061355233192444,0.00200850167311728,0.6513125896453857,0.44462260603904724,-0.017505010589957237,0.664103090763092,0.49999314546585083,-0.024717355147004128,0.6678385734558105,0.5286825299263,-0.0255272313952446,0.6873365044593811,0.49155914783477783,0.006695785094052553,0.6820483803749084,0.4376699924468994,-0.012588261626660824,0.6934837102890015,0.5013306736946106,-0.015197083353996277,0.6913602352142334,0.5222166180610657,-0.01131365541368723,0.7185657620429993,0.48515480756759644,0.005901403725147247,0.7149204611778259,0.424476683139801,-0.012843264266848564,0.7231444120407104,0.4813515543937683,-0.004848402924835682,0.7205252051353455,0.5090362429618835,0.006266378331929445,0.7484074831008911,0.4861999750137329,0.00265923491679132,0.7445175051689148,0.4360935688018799,-0.0071004400961101055,0.7463314533233643,0.47223398089408875,-0.00012760207755491138,0.7447530031204224,0.49793654680252075,0.009085197001695633
A,0.7467061877250671,0.6814457774162292,-4.541739144769963e-07,0.6945397853851318,0.6615593433380127,-0.025748681277036667,0.6521046757698059,0.5980339646339417,-0.03519870340824127,0.6283378005027771,0.5258499383926392,-0.04315881058573723,0.6278109550476074,0.4732150435447693,-0.04311396926641464,0.660895049571991,0.5083041191101074,-0.00034313055220991373,0.6546388268470764,0.45147883892059326,-0.02100449800491333,0.6661977171897888,0.506298303604126,-0.029035260900855064,0.6710924506187439,0.532630205154419,-0.030607979744672775,0.6905503869056702,0.494793176651001,0.005143705289810896,0.6840647459030151,0.44080299139022827,-0.01485038548707962,0.693996787071228,0.5042734742164612,-0.016536099836230278,0.6936693787574768,0.5220351219177246,-0.011998223140835762,0.7211225628852844,0.4897645115852356,0.004911431111395359,0.7170511484146118,0.42949873208999634,-0.01414795033633709,0.7235849499702454,0.48451098799705505,-0.004915192257612944,0.7224656939506531,0.5091227293014526,0.006901458837091923,0.7510747909545898,0.49240949749946594,0.0019229480531066656,0.7471712231636047,0.44395431876182556,-0.00723191536962986,0.747614860534668,0.47816991806030273,0.0002364869142184034,0.7466817498207092,0.5012912750244141,0.009542753919959068
A,0.7486908435821533,0.6875351667404175,-4.53442424941386e-07,0.6967685222625732,0.6660380363464355,-0.022472195327281952,0.6552996635437012,0.598858654499054,-0.029559876769781113,0.6322882175445557,0.5272982716560364,-0.03612072765827179,0.6288360953330994,0.4753268361091614,-0.03500357270240784,0.660943329334259,0.5122042894363403,0.004440393298864365,0.6547960042953491,0.4528580605983734,-0.015168706886470318,0.6659063696861267,0.5081424713134766,-0.02274715155363083,0.6698833703994751,0.5332388877868652,-0.0239433441311121,0.6908888220787048,0.5000868439674377,0.008068282157182693,0.6848094463348389,0.4432253837585449,-0.01111660711467266,0.6948361992835999,0.5072379112243652,-0.012484448961913586,0.6939895749092102,0.5264548659324646,-0.007558841723948717,0.7220050692558289,0.49634096026420593,0.0060063982382416725,0.7184882760047913,0.4329860806465149,-0.012842877767980099,0.7245118021965027,0.4895083010196686,-0.003738388419151306,0.7220810055732727,0.5156993269920349,0.008302461355924606,0.7524012327194214,0.4992678761482239,0.0014550783671438694,0.7489352226257324,0.44786977767944336,-0.0075785815715789795,0.7485713362693787,0.4812280535697937,-2.7981321181869134e-05,0.7462303638458252,0.5054912567138672,0.009450004436075687
A,0.7486908435821533,0.6875351667404175,-4.53442424941386e-07,0.6967685222625732,0.6660380363464355,-0.022472195327281952,0.6552996635437012,0.598858654499054,-0.029559876769781113,0.6322882175445557,0.5272982716560364,-0.03612072765827179,0.6288360953330994,0.4753268361091614,-0.03500357270240784,0.660943329334259,0.5122042894363403,0.004440393298864365,0.6547960042953491,0.4528580605983734,-0.015168706886470318,0.6659063696861267,0.5081424713134766,-0.02274715155363083,0.6698833703994751,0.5332388877868652,-0.0239433441311121,0.6908888220787048,0.5000868439674377,0.008068282157182693,0.6848094463348389,0.4432253837585449,-0.01111660711467266,0.6948361992835999,0.5072379112243652,-0.012484448961913586,0.6939895749092102,0.5264548659324646,-0.007558841723948717,0.7220050692558289,0.49634096026420593,0.0060063982382416725,0.7184882760047913,0.4329860806465149,-0.012842877767980099,0.7245118021965027,0.4895083010196686,-0.003738388419151306,0.7220810055732727,0.5156993269920349,0.008302461355924606,0.7524012327194214,0.4992678761482239,0.0014550783671438694,0.7489352226257324,0.44786977767944336,-0.0075785815715789795,0.7485713362693787,0.4812280535697937,-2.7981321181869134e-05,0.7462303638458252,0.5054912567138672,0.009450004436075687
A,0.7508067488670349,0.6913254261016846,-4.332876528678753e-07,0.7003759145736694,0.6698675751686096,-0.027240479364991188,0.657723605632782,0.6036220192909241,-0.03687943518161774,0.6332860589027405,0.5298068523406982,-0.04521378502249718,0.630570650100708,0.474627286195755,-0.045552097260951996,0.6626002788543701,0.5163573026657104,0.00025720795383676887,0.6559448838233948,0.45241785049438477,-0.021791668608784676,0.667527437210083,0.5080842971801758,-0.03038172610104084,0.6717373132705688,0.5351356267929077,-0.03179134428501129,0.6925622224807739,0.5041377544403076,0.005786323454231024,0.685912013053894,0.44278818368911743,-0.01580081135034561,0.6965593099594116,0.5080435276031494,-0.018199555575847626,0.6951001286506653,0.5290756821632385,-0.013561103492975235,0.7237572073936462,0.49972888827323914,0.005126760341227055,0.7195535898208618,0.4333745241165161,-0.01581590250134468,0.7255153656005859,0.4919571578502655,-0.0070869517512619495,0.7224338054656982,0.5194026231765747,0.005187703296542168,0.7540404200553894,0.5016331672668457,0.001620984636247158,0.7505677938461304,0.44706183671951294,-0.00920450035482645,0.7503224015235901,0.4828594923019409,-0.0022877368610352278,0.7476686835289001,0.509129524230957,0.007070015650242567
A,0.7504547834396362,0.6813773512840271,-4.231254138176155e-07,0.6984937191009521,0.6649649143218994,-0.023830339312553406,0.6583930850028992,0.6031387448310852,-0.03258396312594414,0.6361648440361023,0.5321895480155945,-0.04010552912950516,0.6311037540435791,0.47784245014190674,-0.04040145128965378,0.6615736484527588,0.5165156126022339,-0.0007381166215054691,0.6561685800552368,0.45303797721862793,-0.020217083394527435,0.6685225963592529,0.5022947192192078,-0.027224795892834663,0.6727287173271179,0.5359379053115845,-0.027700571343302727,0.6922702789306641,0.5038615465164185,0.0036114389076828957,0.6863372921943665,0.444122314453125,-0.015584876760840416,0.6973541975021362,0.5044257640838623,-0.018362313508987427,0.6969308853149414,0.529932975769043,-0.014643026515841484,0.7238136529922485,0.49866801500320435,0.0027094422839581966,0.7203558683395386,0.43368083238601685,-0.015744928270578384,0.7265790104866028,0.4866122603416443,-0.008192998357117176,0.7242485284805298,0.5157234072685242,0.002317658858373761,0.7547601461410522,0.5004968643188477,-0.0006589150871150196,0.7508730888366699,0.4485057592391968,-0.011417892761528492,0.7508264780044556,0.4830199182033539,-0.005484577268362045,0.7485876083374023,0.5095866918563843,0.0027703342493623495
A,0.7519242763519287,0.6832116842269897,-4.408305471770291e-07,0.7000225186347961,0.6666306257247925,-0.02293398603796959,0.6592663526535034,0.6022971868515015,-0.03015703335404396,0.6368948817253113,0.5309649109840393,-0.03619040176272392,0.6326354146003723,0.4784402847290039,-0.03453846648335457,0.6628625988960266,0.513396143913269,0.0011273010168224573,0.6581419706344604,0.45119723677635193,-0.01840311288833618,0.6698504686355591,0.5050864815711975,-0.02552223391830921,0.6725563406944275,0.5316979289054871,-0.02616206370294094,0.693507194519043,0.5009039044380188,0.0056549725122749805,0.6890242695808411,0.4441670775413513,-0.012685665860772133,0.6998372077941895,0.5063903331756592,-0.014297189190983772,0.6977663636207581,0.5250378251075745,-0.009898096323013306,0.7251756191253662,0.49673396348953247,0.004873841069638729,0.7229635119438171,0.43318262696266174,-0.012997590005397797,0.7297084927558899,0.488592267036438,-0.00425447802990675,0.7265889644622803,0.5135819315910339,0.007058658171445131,0.7554240226745605,0.49920302629470825,0.0017188347410410643,0.7526903748512268,0.44947919249534607,-0.007562512997537851,0.7531722187995911,0.4839397072792053,-0.00044015972525812685,0.7507361769676208,0.5072838068008423,0.008710076101124287
A,0.7522783279418945,0.6878178119659424,-4.1856833377096336e-07,0.7006455659866333,0.6677470207214355,-0.024285556748509407,0.6589430570602417,0.602095365524292,-0.03174687922000885,0.6362097263336182,0.5310490727424622,-0.03814239054918289,0.634431004524231,0.47834426164627075,-0.03669518977403641,0.6647648811340332,0.5135563611984253,0.0026700731832534075,0.6592487096786499,0.45246994495391846,-0.01708701066672802,0.6701775789260864,0.508155345916748,-0.024472886696457863,0.6737229228019714,0.5326992273330688,-0.0254499614238739,0.6951953768730164,0.5019745230674744,0.007231040392071009,0.6904129385948181,0.4432017505168915,-0.01297052763402462,0.7000569105148315,0.507538378238678,-0.015293278731405735,0.698544979095459,0.5277162194252014,-0.01056242547929287,0.7265664935112,0.4990169107913971,0.006122685968875885,0.7242611050605774,0.4338071346282959,-0.013583092950284481,0.7295461297035217,0.49040311574935913,-0.00517840962857008,0.7263412475585938,0.5172091126441956,0.006880050525069237,0.7571674585342407,0.503081202507019,0.002517967252060771,0.7545810341835022,0.450553297996521,-0.0072444225661456585,0.753556489944458,0.4839867651462555,-8.386075933231041e-05,0.7506533265113831,0.5082803964614868,0.009463916532695293
A,0.7512497305870056,0.6866503357887268,-4.2961215740433545e-07,0.6973221898078918,0.6659659147262573,-0.02293403446674347,0.6572825908660889,0.6007272005081177,-0.029453057795763016,0.6349770426750183,0.5302388072013855,-0.03512711822986603,0.6306731700897217,0.4778366684913635,-0.032858412712812424,0.6638997197151184,0.5133552551269531,0.004704970400780439,0.6585632562637329,0.4505196213722229,-0.015312557108700275,0.6696751713752747,0.5062025189399719,-0.02237292192876339,0.6744642853736877,0.5335546135902405,-0.02267097309231758,0.694434404373169,0.5010856986045837,0.009227176196873188,0.6894574165344238,0.4423995912075043,-0.01041366159915924,0.6988106966018677,0.5072406530380249,-0.012021727859973907,0.6990844011306763,0.5267576575279236,-0.007044096477329731,0.7255144715309143,0.4964562952518463,0.007876714691519737,0.7225666642189026,0.43315422534942627,-0.011622333899140358,0.7273092269897461,0.49009135365486145,-0.002797767985612154,0.7260724306106567,0.5165494680404663,0.00937011931091547,0.7563824653625488,0.49864882230758667,0.004057970829308033,0.7541443109512329,0.44754064083099365,-0.0048495749942958355,0.7530659437179565,0.48265087604522705,0.0026889087166637182,0.7514117956161499,0.5073177218437195,0.012226494029164314
A,0.752148449420929,0.6865549087524414,-4.356154192919348e-07,0.6994636058807373,0.6678379774093628,-0.02414918690919876,0.6565666198730469,0.6038157939910889,-0.03188486397266388,0.6340733766555786,0.5310705900192261,-0.03866370767354965,0.634643018245697,0.47775620222091675,-0.03737589716911316,0.6641452312469482,0.515189528465271,0.003911349456757307,0.6571705937385559,0.45179373025894165,-0.01776001788675785,0.668387234210968,0.5084643363952637,-0.026309596374630928,0.6730992794036865,0.5364912152290344,-0.027462193742394447,0.6945193409919739,0.5029294490814209,0.00865270383656025,0.6872413754463196,0.4443799555301666,-0.012240985408425331,0.6973218321800232,0.5088194608688354,-0.014400404877960682,0.6975234746932983,0.5283925533294678,-0.009467431344091892,0.7252818942070007,0.49858278036117554,0.007295016199350357,0.7210330963134766,0.43450433015823364,-0.012822749093174934,0.7266308665275574,0.49063679575920105,-0.004032614640891552,0.7257441878318787,0.5158103108406067,0.00833034049719572,0.7559378743171692,0.5009666681289673,0.0033282337244600058,0.7514322996139526,0.4496411383152008,-0.006290271412581205,0.7509329915046692,0.48416388034820557,0.0009491066448390484,0.7499632835388184,0.5077292323112488,0.010535966604948044
A,0.7493108510971069,0.6897553205490112,-4.264423978384002e-07,0.6958827376365662,0.6659175157546997,-0.023587804287672043,0.6531940698623657,0.6020007133483887,-0.031260259449481964,0.6314606666564941,0.5289477109909058,-0.038425832986831665,0.6324095129966736,0.4743826985359192,-0.03770236670970917,0.6613080501556396,0.5097437500953674,0.008422710932791233,0.6547266840934753,0.44695723056793213,-0.013085807673633099,0.6650399565696716,0.5005993843078613,-0.022910693660378456,0.6699109673500061,0.5277758240699768,-0.02510893903672695,0.6921499371528625,0.4976358413696289,0.012905399315059185,0.6858308911323547,0.44172629714012146,-0.008043192327022552,0.6943632364273071,0.5042201280593872,-0.011685014702379704,0.6943948864936829,0.5223579406738281,-0.007686674129217863,0.7230446934700012,0.494076132774353,0.011110917665064335,0.7201184034347534,0.4335354268550873,-0.008861105889081955,0.7250233292579651,0.48851555585861206,-0.0010490508284419775,0.7242969870567322,0.5135944485664368,0.010656546801328659,0.7540095448493958,0.4982013702392578,0.006663592532277107,0.7508347630500793,0.4500088393688202,-0.002483437303453684,0.7493594884872437,0.4845871031284332,0.0048182662576437,0.7485463619232178,0.5078256726264954,0.014455446042120457
A,0.7493108510971069,0.6897553205490112,-4.264423978384002e-07,0.6958827376365662,0.6659175157546997,-0.023587804287672043,0.6531940698623657,0.6020007133483887,-0.031260259449481964,0.6314606666564941,0.5289477109909058,-0.038425832986831665,0.6324095129966736,0.4743826985359192,-0.03770236670970917,0.6613080501556396,0.5097437500953674,0.008422710932791233,0.6547266840934753,0.44695723056793213,-0.013085807673633099,0.6650399565696716,0.5005993843078613,-0.022910693660378456,0.6699109673500061,0.5277758240699768,-0.02510893903672695,0.6921499371528625,0.4976358413696289,0.012905399315059185,0.6858308911323547,0.44172629714012146,-0.008043192327022552,0.6943632364273071,0.5042201280593872,-0.011685014702379704,0.6943948864936829,0.5223579406738281,-0.007686674129217863,0.7230446934700012,0.494076132774353,0.011110917665064335,0.7201184034347534,0.4335354268550873,-0.008861105889081955,0.7250233292579651,0.48851555585861206,-0.0010490508284419775,0.7242969870567322,0.5135944485664368,0.010656546801328659,0.7540095448493958,0.4982013702392578,0.006663592532277107,0.7508347630500793,0.4500088393688202,-0.002483437303453684,0.7493594884872437,0.4845871031284332,0.0048182662576437,0.7485463619232178,0.5078256726264954,0.014455446042120457
A,0.7480712532997131,0.6910791397094727,-4.207589086036023e-07,0.6966739892959595,0.6691309213638306,-0.026229897513985634,0.6534242033958435,0.6039579510688782,-0.03545895963907242,0.6322948932647705,0.5280958414077759,-0.04358350858092308,0.6337038278579712,0.473753422498703,-0.043551020324230194,0.6590864658355713,0.5130562782287598,0.004233065526932478,0.6530287265777588,0.44954928755760193,-0.017443891614675522,0.6644363403320312,0.503527045249939,-0.026229076087474823,0.6682401895523071,0.5321818590164185,-0.02764425426721573,0.6903294324874878,0.5004928708076477,0.009462152607738972,0.6839367747306824,0.44119778275489807,-0.011717845685780048,0.6936744451522827,0.5051469206809998,-0.014290821738541126,0.6922329068183899,0.5254878401756287,-0.009475469589233398,0.721904993057251,0.4972856938838959,0.008335786871612072,0.7196300625801086,0.43419158458709717,-0.012325132265686989,0.7249759435653687,0.49008670449256897,-0.003945993725210428,0.7219455242156982,0.5161160230636597,0.008220628835260868,0.7529702186584473,0.5021433234214783,0.00439220666885376,0.7511187195777893,0.45175719261169434,-0.006153800059109926,0.7498025298118591,0.4862457811832428,0.0006855419487692416,0.7465484142303467,0.5106006264686584,0.010091111995279789
A,0.7485077977180481,0.6891279220581055,-4.229268029121158e-07,0.6964245438575745,0.6658728718757629,-0.024999108165502548,0.6529625654220581,0.6042703986167908,-0.03409457579255104,0.6312023401260376,0.5300323963165283,-0.04206540808081627,0.632104218006134,0.47498440742492676,-0.041775863617658615,0.65790855884552,0.5108522772789001,0.005157695151865482,0.6517317295074463,0.4471704661846161,-0.016950273886322975,0.6633108258247375,0.502182126045227,-0.02644471824169159,0.667651891708374,0.5296626687049866,-0.028301356360316277,0.6888845562934875,0.49945542216300964,0.01037034671753645,0.6827651858329773,0.44106751680374146,-0.011209344491362572,0.6924331784248352,0.5058515667915344,-0.014840305782854557,0.6906548142433167,0.52396160364151,-0.010774696245789528,0.7203805446624756,0.49622678756713867,0.009472722187638283,0.7180147171020508,0.43335434794425964,-0.010735651478171349,0.7236021757125854,0.4905555844306946,-0.0020548226311802864,0.7213556170463562,0.5149163603782654,0.010175082832574844,0.7515212893486023,0.5004116296768188,0.005930537357926369,0.7482184171676636,0.45127108693122864,-0.003061715979129076,0.74735027551651,0.4875073730945587,0.0049991607666015625,0.7457543611526489,0.5099879503250122,0.015131106600165367
A,0.7485504746437073,0.6919299364089966,-4.0499071474187076e-07,0.6953204870223999,0.668070912361145,-0.023727726191282272,0.6520355939865112,0.6059017777442932,-0.032113317400217056,0.6309899091720581,0.5311164855957031,-0.04000632464885712,0.63112872838974,0.47580379247665405,-0.040266137570142746,0.6584694981575012,0.5149948596954346,0.008345294743776321,0.6502895355224609,0.4472386837005615,-0.012008906342089176,0.661270022392273,0.49617666006088257,-0.02110697329044342,0.6668013334274292,0.5286422967910767,-0.022734051570296288,0.6900650858879089,0.5032133460044861,0.012718407437205315,0.6831015348434448,0.44030582904815674,-0.007232174277305603,0.6921093463897705,0.5021251440048218,-0.011183769442141056,0.6919220685958862,0.5267152786254883,-0.007431278936564922,0.7210449576377869,0.5011215806007385,0.010973143391311169,0.7185081839561462,0.4355265200138092,-0.0081700524315238,0.7228999137878418,0.4884898066520691,-0.0008968178299255669,0.7211282849311829,0.5182516574859619,0.010340932756662369,0.7530634999275208,0.5081292390823364,0.006627304013818502,0.7489186525344849,0.45395928621292114,-0.0026733188424259424,0.7473389506340027,0.4865868389606476,0.0041673313826322556,0.7456794381141663,0.5128592848777771,0.01338672824203968
A,0.7458181381225586,0.692760705947876,-4.038417955598561e-07,0.6936781406402588,0.6689382791519165,-0.024997884407639503,0.6505385041236877,0.60356605052948,-0.03342287987470627,0.6300182342529297,0.5289219617843628,-0.04119919240474701,0.6314874887466431,0.47337600588798523,-0.041042741388082504,0.659464955329895,0.5112375617027283,0.00747851375490427,0.6511611938476562,0.4456356465816498,-0.014838921837508678,0.6605069041252136,0.49624189734458923,-0.024419600144028664,0.6662638783454895,0.5260118246078491,-0.026016611605882645,0.6901138424873352,0.49982261657714844,0.011866592802107334,0.6835296750068665,0.4386480748653412,-0.010538672097027302,0.6910061836242676,0.5008112192153931,-0.014002618379890919,0.6919179558753967,0.5220776200294495,-0.00898669008165598,0.7207090258598328,0.4978896379470825,0.009685901924967766,0.7180385589599609,0.43467485904693604,-0.011675255373120308,0.7212047576904297,0.48862260580062866,-0.0038929106667637825,0.7203459143638611,0.5142714381217957,0.00851622223854065,0.7521583437919617,0.5042820572853088,0.004733963403850794,0.7487069368362427,0.4527627229690552,-0.005563096143305302,0.7458506226539612,0.4860455095767975,0.0014245600905269384,0.7443986535072327,0.50957190990448,0.011260132305324078
A,0.7451500296592712,0.6913301944732666,-4.05649956292109e-07,0.6937931776046753,0.6674407720565796,-0.02602953463792801,0.652226984500885,0.6025202870368958,-0.03587880730628967,0.6315411329269409,0.5267333388328552,-0.04490893334150314,0.6317310929298401,0.4707199037075043,-0.04628284275531769,0.6560953855514526,0.5103749632835388,0.004772532265633345,0.6484652161598206,0.44473129510879517,-0.0184598658233881,0.6600622534751892,0.495095431804657,-0.028734751045703888,0.6656898856163025,0.5234204530715942,-0.030800363048911095,0.6875026822090149,0.4991966187953949,0.009530325420200825,0.6808629035949707,0.4375495910644531,-0.012488464824855328,0.6897443532943726,0.5006980895996094,-0.01585116796195507,0.68899005651474,0.5210380554199219,-0.011388462036848068,0.7194442749023438,0.49733707308769226,0.007799073122441769,0.7164344191551208,0.434094101190567,-0.013967985287308693,0.7202860713005066,0.490530788898468,-0.005557098425924778,0.7176588177680969,0.5169265866279602,0.006908515468239784,0.7511486411094666,0.5030869841575623,0.0032903896644711494,0.748494565486908,0.4510033130645752,-0.007357745431363583,0.7460865378379822,0.4864937663078308,0.00027455127565190196,0.7434384822845459,0.5115727186203003,0.010323666967451572
A,0.7423954010009766,0.6856930255889893,-3.8754552633690764e-07,0.6920967102050781,0.6638834476470947,-0.024949384853243828,0.6512656807899475,0.6001002788543701,-0.033738475292921066,0.632296085357666,0.5251193642616272,-0.04151245206594467,0.6327334046363831,0.4696981906890869,-0.04164668545126915,0.6576786637306213,0.5087294578552246,0.005084775388240814,0.6517937183380127,0.4469197988510132,-0.016030753031373024,0.6615874767303467,0.4968148171901703,-0.02502947486937046,0.665794312953949,0.524506151676178,-0.026649298146367073,0.688499391078949,0.49774855375289917,0.00982895027846098,0.6830014586448669,0.4388992190361023,-0.010843707248568535,0.6908078789710999,0.5003539323806763,-0.014075921848416328,0.6903998851776123,0.5212407112121582,-0.0097512137144804,0.7197192907333374,0.4961896538734436,0.008483044803142548,0.7178395986557007,0.433940052986145,-0.01184876263141632,0.7210854887962341,0.48824530839920044,-0.0041808923706412315,0.7189959287643433,0.5144261717796326,0.007469340693205595,0.7509832382202148,0.502311646938324,0.004524814896285534,0.7488414645195007,0.45260244607925415,-0.005789718125015497,0.7461599707603455,0.4860090911388397,0.0008878418593667448,0.7438128590583801,0.5097801685333252,0.010179311037063599
A,0.7407563328742981,0.6843011975288391,-3.928941509911965e-07,0.6909570097923279,0.6634210348129272,-0.023980235680937767,0.6511573791503906,0.5984408855438232,-0.032521139830350876,0.6327106952667236,0.524494469165802,-0.0401790514588356,0.6337472200393677,0.4700322449207306,-0.040410879999399185,0.657497227191925,0.5086625218391418,0.0032419334165751934,0.6525211930274963,0.4458024203777313,-0.017068950459361076,0.661212146282196,0.49563902616500854,-0.025238873437047005,0.6644532680511475,0.5235415101051331,-0.02636723220348358,0.6878280639648438,0.4987621605396271,0.007502306252717972,0.6832299828529358,0.43905073404312134,-0.012385453097522259,0.6902855038642883,0.49902617931365967,-0.015072383917868137,0.6892430782318115,0.5208939909934998,-0.010549532249569893,0.7189806699752808,0.4981059730052948,0.0060132998041808605,0.7178065180778503,0.43387454748153687,-0.013317042961716652,0.7207589149475098,0.48702624440193176,-0.005604724865406752,0.7176974415779114,0.5135806202888489,0.005775962490588427,0.7498282790184021,0.5045645833015442,0.002020413288846612,0.7478523850440979,0.45384758710861206,-0.007882433943450451,0.7453532218933105,0.48620039224624634,-0.0013089634012430906,0.7423527836799622,0.5099805593490601,0.007744642440229654
A,0.7387924790382385,0.6861628890037537,-4.0646460774951265e-07,0.6881961822509766,0.664631724357605,-0.023444602265954018,0.648210883140564,0.5968594551086426,-0.031038528308272362,0.6302356719970703,0.522681474685669,-0.037967246025800705,0.6315219402313232,0.46863818168640137,-0.037434134632349014,0.6551463603973389,0.5092778205871582,0.005241985432803631,0.6521244645118713,0.44572073221206665,-0.014479158446192741,0.6602663397789001,0.4949563145637512,-0.02192985825240612,0.6629990339279175,0.5235746502876282,-0.022534409537911415,0.6852590441703796,0.4996298551559448,0.009410141035914421,0.6828259229660034,0.44122278690338135,-0.009784705936908722,0.6889139413833618,0.5019533634185791,-0.011601557955145836,0.6872115135192871,0.5224940180778503,-0.00640064338222146,0.716384768486023,0.49906179308891296,0.007700503803789616,0.7173665165901184,0.43679672479629517,-0.011457868851721287,0.7199539542198181,0.49058178067207336,-0.00317914760671556,0.716360330581665,0.5168574452400208,0.008680895902216434,0.7470438480377197,0.505508542060852,0.003478607628494501,0.7468001246452332,0.45412927865982056,-0.006487067323178053,0.7441770434379578,0.48777151107788086,0.0005587248597294092,0.7410380840301514,0.5126109719276428,0.01005385909229517
A,0.7381944060325623,0.6847710609436035,-4.1154908103635535e-07,0.6874698996543884,0.6660289764404297,-0.02214641496539116,0.6471588015556335,0.6002888083457947,-0.029729727655649185,0.6287710666656494,0.5269906520843506,-0.03684725612401962,0.6309283971786499,0.4740816652774811,-0.03631572052836418,0.6535352468490601,0.5101895928382874,0.004677148070186377,0.6500738263130188,0.44647732377052307,-0.016031287610530853,0.6590448617935181,0.5011464953422546,-0.023432578891515732,0.661323070526123,0.5277893543243408,-0.023936528712511063,0.6832476854324341,0.5003758072853088,0.007962276227772236,0.6811267137527466,0.44248491525650024,-0.012064999900758266,0.6883791089057922,0.5077193975448608,-0.01307368092238903,0.6856975555419922,0.5243735909461975,-0.007130198180675507,0.7140225768089294,0.49908244609832764,0.005473125260323286,0.7151612043380737,0.4375991225242615,-0.01412914041429758,0.7186925411224365,0.4959232211112976,-0.003958120942115784,0.7150639891624451,0.5185474753379822,0.009196543134748936,0.7441123723983765,0.5043816566467285,0.0005837859935127199,0.7437743544578552,0.4563557803630829,-0.008433097042143345,0.7419215440750122,0.49369946122169495,0.00043127828394062817,0.7393049597740173,0.5157524943351746,0.011080446653068066
A,0.736580491065979,0.688633918762207,-4.568214819755667e-07,0.6860753297805786,0.6669260859489441,-0.023164872080087662,0.6451607346534729,0.6009904742240906,-0.03187505155801773,0.6263650059700012,0.5254873633384705,-0.04011066257953644,0.6287172436714172,0.4701084792613983,-0.0408288910984993,0.6522635221481323,0.5108240842819214,0.004954606294631958,0.6480710506439209,0.444399356842041,-0.01745547354221344,0.65692538022995,0.49928802251815796,-0.02734151855111122,0.6592440009117126,0.5306275486946106,-0.029275259003043175,0.6826198101043701,0.5015137791633606,0.008387564681470394,0.6789425015449524,0.4413927495479584,-0.012205183506011963,0.6861684322357178,0.5066786408424377,-0.015123779885470867,0.6835273504257202,0.5281778573989868,-0.01070313435047865,0.7135986089706421,0.5011813640594482,0.005814091302454472,0.7132580876350403,0.43876564502716064,-0.014013610780239105,0.7171323895454407,0.4968906044960022,-0.004952712915837765,0.7132986187934875,0.5229767560958862,0.007315392605960369,0.7439669966697693,0.5083611011505127,0.0006804315489716828,0.7431244254112244,0.4587477147579193,-0.00897091906517744,0.7420159578323364,0.4955751597881317,-0.0008787538972683251,0.7395434975624084,0.5190516710281372,0.009181191213428974
A,0.736580491065979,0.688633918762207,-4.568214819755667e-07,0.6860753297805786,0.6669260859489441,-0.023164872080087662,0.6451607346534729,0.6009904742240906,-0.03187505155801773,0.6263650059700012,0.5254873633384705,-0.04011066257953644,0.6287172436714172,0.4701084792613983,-0.0408288910984993,0.6522635221481323,0.5108240842819214,0.004954606294631958,0.6480710506439209,0.444399356842041,-0.01745547354221344,0.65692538022995,0.49928802251815796,-0.02734151855111122,0.6592440009117126,0.5306275486946106,-0.029275259003043175,0.6826198101043701,0.5015137791633606,0.008387564681470394,0.6789425015449524,0.4413927495479584,-0.012205183506011963,0.6861684322357178,0.5066786408424377,-0.015123779885470867,0.6835273504257202,0.5281778573989868,-0.01070313435047865,0.7135986089706421,0.5011813640594482,0.005814091302454472,0.7132580876350403,0.43876564502716064,-0.014013610780239105,0.7171323895454407,0.4968906044960022,-0.004952712915837765,0.7132986187934875,0.5229767560958862,0.007315392605960369,0.7439669966697693,0.5083611011505127,0.0006804315489716828,0.7431244254112244,0.4587477147579193,-0.00897091906517744,0.7420159578323364,0.4955751597881317,-0.0008787538972683251,0.7395434975624084,0.5190516710281372,0.009181191213428974
A,0.7342036962509155,0.6916636824607849,-4.2173337533313315e-07,0.6834988594055176,0.6654598712921143,-0.02267741784453392,0.6428706645965576,0.5993611812591553,-0.031182268634438515,0.6247948408126831,0.5250664949417114,-0.04003215953707695,0.6275142431259155,0.46957969665527344,-0.041439902037382126,0.6508714556694031,0.510110080242157,0.00974141713231802,0.6458963751792908,0.4457562565803528,-0.013373549096286297,0.6522681713104248,0.49906378984451294,-0.02416427806019783,0.6563525795936584,0.525650143623352,-0.026854628697037697,0.6805596947669983,0.5014187693595886,0.012332295067608356,0.67731773853302,0.44293397665023804,-0.010021011345088482,0.6820032596588135,0.5076913237571716,-0.013189060613512993,0.6808297038078308,0.526095449924469,-0.008189287967979908,0.7112212777137756,0.5016331672668457,0.0084054134786129,0.7113663554191589,0.4396890699863434,-0.01304464228451252,0.7137089371681213,0.49653369188308716,-0.0037752201315015554,0.7112122178077698,0.521614670753479,0.009492947719991207,0.7418168187141418,0.5090781450271606,0.0018157233716920018,0.7411534190177917,0.45857229828834534,-0.007964414544403553,0.738636314868927,0.49367183446884155,0.0006547454977408051,0.7366911768913269,0.5169920325279236,0.01147802360355854
A,0.7354371547698975,0.6835764050483704,-4.235259041251993e-07,0.6854338049888611,0.6627607345581055,-0.025094768032431602,0.6438097953796387,0.6014129519462585,-0.03452052175998688,0.6245414018630981,0.5265963077545166,-0.042980410158634186,0.6263501048088074,0.47089120745658875,-0.04361477121710777,0.6497254371643066,0.5082989931106567,0.005299428012222052,0.6461830139160156,0.447205126285553,-0.01690998487174511,0.655295193195343,0.5019887089729309,-0.02682570181787014,0.6576488018035889,0.5308730006217957,-0.028848133981227875,0.6799342632293701,0.49832725524902344,0.010069295763969421,0.6772866249084473,0.44200399518013,-0.01091940701007843,0.683900773525238,0.5073814392089844,-0.014043359085917473,0.6810081005096436,0.5274823904037476,-0.009418918751180172,0.7104231715202332,0.4972536563873291,0.008599468506872654,0.7115771770477295,0.4395540952682495,-0.011589462868869305,0.7145311236381531,0.49679967761039734,-0.003044421086087823,0.7101912498474121,0.5217287540435791,0.009329968132078648,0.7395485639572144,0.5033401250839233,0.004447854124009609,0.7406924962997437,0.4584861397743225,-0.004419340752065182,0.7389634251594543,0.49313977360725403,0.003493380034342408,0.7357178926467896,0.5147290229797363,0.013549499213695526
A,0.7339100241661072,0.6883330345153809,-4.3369837499085406e-07,0.6850947737693787,0.6683195233345032,-0.023134183138608932,0.6431025862693787,0.6031568646430969,-0.031396184116601944,0.6237359642982483,0.5277181267738342,-0.039304155856370926,0.6262678503990173,0.4721994400024414,-0.03953830897808075,0.6497634649276733,0.5123931765556335,0.006479491945356131,0.6440292000770569,0.4477331042289734,-0.016066204756498337,0.6517506837844849,0.503234326839447,-0.025726530700922012,0.6559251546859741,0.5293684601783752,-0.027756251394748688,0.6792486310005188,0.5029367804527283,0.009713306091725826,0.6754484176635742,0.44463157653808594,-0.01199671346694231,0.6810830235481262,0.5090577602386475,-0.014260170049965382,0.6799153685569763,0.5261908173561096,-0.00892893597483635,0.7093750834465027,0.5023026466369629,0.0067204986698925495,0.7100107669830322,0.4408175051212311,-0.014482647180557251,0.7125101089477539,0.498579204082489,-0.004826413467526436,0.7098605036735535,0.5219696164131165,0.008438816294074059,0.739584743976593,0.5087939500808716,0.0011463080300018191,0.7394084930419922,0.46026092767715454,-0.008928913623094559,0.7366100549697876,0.49738606810569763,-0.0004700459830928594,0.7340909838676453,0.5199808478355408,0.010092796757817268
A,0.7310699224472046,0.6767751574516296,-3.867322106998472e-07,0.6814356446266174,0.6601980924606323,-0.023486575111746788,0.6409873962402344,0.5987027287483215,-0.03204447776079178,0.6227583885192871,0.5259233117103577,-0.039837151765823364,0.6242238879203796,0.4706800580024719,-0.04031608626246452,0.6458656787872314,0.5103322267532349,0.005052597261965275,0.6411740779876709,0.44992467761039734,-0.016802426427602768,0.6499307155609131,0.49900099635124207,-0.025696562603116035,0.6535079479217529,0.526165783405304,-0.02705959789454937,0.675503671169281,0.4999507963657379,0.008459759876132011,0.6734081506729126,0.4440265893936157,-0.013030479662120342,0.6789350509643555,0.5059559941291809,-0.015851372852921486,0.6765744090080261,0.5246285200119019,-0.010877829045057297,0.7062453031539917,0.49851083755493164,0.005888728424906731,0.7078771591186523,0.4404405355453491,-0.015575609169900417,0.7097715139389038,0.4966791272163391,-0.006844866089522839,0.7050788402557373,0.5199646949768066,0.005789853632450104,0.7362683415412903,0.5044668316841125,0.0008536811219528317,0.7383329272270203,0.4584144651889801,-0.009947186335921288,0.735476016998291,0.4959852993488312,-0.0019978629425168037,0.7315306663513184,0.517890453338623,0.008194418624043465
A,0.7314988374710083,0.6813114881515503,-4.1033280240299064e-07,0.6819754242897034,0.662039577960968,-0.023954715579748154,0.6404114961624146,0.5989972352981567,-0.032846592366695404,0.6209167242050171,0.5252708792686462,-0.04080841317772865,0.6213863492012024,0.4703209400177002,-0.041279472410678864,0.645046055316925,0.5101884007453918,0.003872600616887212,0.6420458555221558,0.4479317367076874,-0.01808134652674198,0.651025652885437,0.5004164576530457,-0.027194982394576073,0.6535661816596985,0.5289199948310852,-0.028729690238833427,0.6751149892807007,0.5004355907440186,0.0076286341063678265,0.6733814477920532,0.443314790725708,-0.013297061435878277,0.6797877550125122,0.5077686309814453,-0.015816226601600647,0.6769338846206665,0.5274445414543152,-0.010793996974825859,0.7061007618904114,0.49937719106674194,0.005416759289801121,0.7077397704124451,0.4401940107345581,-0.01509221363812685,0.7108441591262817,0.49761340022087097,-0.0058367615565657616,0.7060322165489197,0.5219135284423828,0.0068921358324587345,0.735967755317688,0.5058700442314148,0.0006474155816249549,0.7373613715171814,0.46021008491516113,-0.009547927416861057,0.735859751701355,0.4971785545349121,-0.0013625555438920856,0.7324406504631042,0.5189433693885803,0.00896144937723875
A,0.7306188344955444,0.6785287857055664,-4.272508817848575e-07,0.6790609359741211,0.6606373190879822,-0.020906398072838783,0.6380589008331299,0.5955504775047302,-0.027545690536499023,0.6195355653762817,0.5222431421279907,-0.033485617488622665,0.6200689673423767,0.4695824086666107,-0.03210761398077011,0.6422592997550964,0.5090468525886536,0.006146159954369068,0.6389399170875549,0.4472094178199768,-0.013980846852064133,0.6486937403678894,0.4989488124847412,-0.021630562841892242,0.6515924334526062,0.5255754590034485,-0.022286431863904,0.6728392839431763,0.49872463941574097,0.009452927857637405,0.6704062819480896,0.4433532655239105,-0.009229892864823341,0.6777905821800232,0.5061419606208801,-0.010545652359724045,0.6756752133369446,0.5231043696403503,-0.005308808758854866,0.7043500542640686,0.4970109164714813,0.0071344878524541855,0.70497727394104,0.44007861614227295,-0.01125861145555973,0.70843106508255,0.4968370199203491,-0.001455470104701817,0.7047560214996338,0.5186142921447754,0.010938229970633984,0.7348058819770813,0.502068817615509,0.0025313536170870066,0.7348856329917908,0.45773717761039734,-0.005589927546679974,0.7335146069526672,0.4951745569705963,0.003236541524529457,0.7311226725578308,0.5160272121429443,0.013459794223308563
A,0.7303205728530884,0.6784111857414246,-3.4884504884757916e-07,0.6812958121299744,0.6614104509353638,-0.02644023299217224,0.6395758986473083,0.6016265153884888,-0.03636137768626213,0.6205640435218811,0.5290544629096985,-0.0448216013610363,0.6216315627098083,0.47320815920829773,-0.04565497115254402,0.642798125743866,0.5104140639305115,0.0019479152979329228,0.6369924545288086,0.44734987616539,-0.019595718011260033,0.6461116671562195,0.4948216676712036,-0.027621272951364517,0.6495877504348755,0.5192879438400269,-0.028400862589478493,0.6728081107139587,0.5003297924995422,0.007035969290882349,0.6695690155029297,0.44275549054145813,-0.014747102744877338,0.6765910983085632,0.5037251710891724,-0.017018873244524002,0.6743373870849609,0.5215868353843689,-0.011362737976014614,0.7033063173294067,0.49844589829444885,0.006003930699080229,0.7034504413604736,0.43987423181533813,-0.015388797037303448,0.7066230773925781,0.4948713779449463,-0.006790659856051207,0.702521026134491,0.5172293186187744,0.005981207359582186,0.7332344651222229,0.5031944513320923,0.0022915855515748262,0.7332585453987122,0.4573369026184082,-0.008340993896126747,0.7313372492790222,0.49257609248161316,-0.0009026810294017196,0.7276628613471985,0.5130913257598877,0.009127525612711906
A,0.729977548122406,0.6777838468551636,-3.5348566029824724e-07,0.6805278062820435,0.6608985662460327,-0.02457316406071186,0.6387302279472351,0.6017864942550659,-0.03415364399552345,0.619160532951355,0.5306201577186584,-0.04232504218816757,0.6177463531494141,0.4764046370983124,-0.042939092963933945,0.6401326656341553,0.5096383690834045,1.4158545127429534e-05,0.6363286972045898,0.44851699471473694,-0.021583804860711098,0.6456146836280823,0.4977600574493408,-0.02916720137000084,0.6474530100822449,0.5237143039703369,-0.029541660100221634,0.6703327298164368,0.499526709318161,0.004244490526616573,0.6679480075836182,0.44401469826698303,-0.016803983598947525,0.6760051250457764,0.506536602973938,-0.01835794374346733,0.67352694272995,0.5229051113128662,-0.012652082368731499,0.701996386051178,0.49759942293167114,0.002784564858302474,0.7025935053825378,0.4412364661693573,-0.017932511866092682,0.7068071961402893,0.49771371483802795,-0.008502118289470673,0.7030547261238098,0.5177655816078186,0.004241049289703369,0.7324661016464233,0.5025437474250793,-0.0010958081111311913,0.7324426174163818,0.45994389057159424,-0.011178705841302872,0.7311391234397888,0.497450590133667,-0.0027018599212169647,0.7281306982040405,0.5172176361083984,0.007782903965562582
A,0.72962886095047,0.6782104969024658,-3.455486989878409e-07,0.6801460981369019,0.6596256494522095,-0.024810349568724632,0.6385648250579834,0.6001958847045898,-0.034177299588918686,0.6181154251098633,0.5286632776260376,-0.04230794310569763,0.6169655919075012,0.4743413031101227,-0.04282786324620247,0.6417627334594727,0.51080721616745,0.0025859198067337275,0.6353413462638855,0.4472311735153198,-0.01926177553832531,0.6445984244346619,0.4966947138309479,-0.027640895918011665,0.6480752825737,0.5234895348548889,-0.028569094836711884,0.6713510155677795,0.5014228820800781,0.007155518513172865,0.6670055389404297,0.4429077208042145,-0.014166218228638172,0.6748854517936707,0.5051047205924988,-0.01635829359292984,0.673507034778595,0.52259361743927,-0.010877066291868687,0.7019703984260559,0.500264585018158,0.0057725002989172935,0.7015357613563538,0.4411313533782959,-0.01475580595433712,0.7054527401924133,0.49678629636764526,-0.005459820386022329,0.7029719948768616,0.5178008079528809,0.007349240127950907,0.7321847677230835,0.5059677958488464,0.00181461195461452,0.7309748530387878,0.461894154548645,-0.00811700988560915,0.7294521927833557,0.4982444941997528,3.924528937204741e-05,0.7274454236030579,0.5179001688957214,0.010347595438361168
A,0.7303841710090637,0.6866067051887512,-4.361910725947382e-07,0.6805798411369324,0.6638108491897583,-0.024925893172621727,0.6380046010017395,0.6007587313652039,-0.034579087048769,0.6164708137512207,0.5274513363838196,-0.04354577139019966,0.6172207593917847,0.47122499346733093,-0.04468615725636482,0.6422410607337952,0.5080428719520569,0.005484181921929121,0.6355448365211487,0.443347692489624,-0.01985875330865383,0.6447613835334778,0.4966032803058624,-0.031228452920913696,0.6491007804870605,0.5250411629676819,-0.03373335674405098,0.6720108389854431,0.4983474910259247,0.009391623549163342,0.6669826507568359,0.43990829586982727,-0.013222488574683666,0.673698902130127,0.5074671506881714,-0.01496621873229742,0.672285795211792,0.5248336791992188,-0.009124848060309887,0.702314019203186,0.4991857409477234,0.006483897101134062,0.7013320922851562,0.44042345881462097,-0.016039077192544937,0.7050002813339233,0.5014207363128662,-0.0053173331543803215,0.703268826007843,0.5232835412025452,0.008817799389362335,0.7321344614028931,0.5085656642913818,0.0008418521611019969,0.7309213280677795,0.46618741750717163,-0.00989456009119749,0.7297604084014893,0.5044923424720764,-0.0008979365229606628,0.7286421656608582,0.5233803391456604,0.010162555612623692
A,0.7303841710090637,0.6866067051887512,-4.361910725947382e-07,0.6805798411369324,0.6638108491897583,-0.024925893172621727,0.6380046010017395,0.6007587313652039,-0.034579087048769,0.6164708137512207,0.5274513363838196,-0.04354577139019966,0.6172207593917847,0.47122499346733093,-0.04468615725636482,0.6422410607337952,0.5080428719520569,0.005484181921929121,0.6355448365211487,0.443347692489624,-0.01985875330865383,0.6447613835334778,0.4966032803058624,-0.031228452920913696,0.6491007804870605,0.5250411629676819,-0.03373335674405098,0.6720108389854431,0.4983474910259247,0.009391623549163342,0.6669826507568359,0.43990829586982727,-0.013222488574683666,0.673698902130127,0.5074671506881714,-0.01496621873229742,0.672285795211792,0.5248336791992188,-0.009124848060309887,0.702314019203186,0.4991857409477234,0.006483897101134062,0.7013320922851562,0.44042345881462097,-0.016039077192544937,0.7050002813339233,0.5014207363128662,-0.0053173331543803215,0.703268826007843,0.5232835412025452,0.008817799389362335,0.7321344614028931,0.5085656642913818,0.0008418521611019969,0.7309213280677795,0.46618741750717163,-0.00989456009119749,0.7297604084014893,0.5044923424720764,-0.0008979365229606628,0.7286421656608582,0.5233803391456604,0.010162555612623692
A,0.7296340465545654,0.6882660984992981,-4.175760750513291e-07,0.6794408559799194,0.6636195182800293,-0.023858364671468735,0.6378073692321777,0.60033118724823,-0.03321854770183563,0.6170084476470947,0.5261707305908203,-0.04183976352214813,0.6173059344291687,0.471052885055542,-0.042929138988256454,0.6412597894668579,0.5112654566764832,0.004754438064992428,0.6347039937973022,0.4464799165725708,-0.017558692023158073,0.6441407799720764,0.4962787330150604,-0.026939235627651215,0.6474980711936951,0.5260965824127197,-0.028521092608571053,0.6710379719734192,0.501449704170227,0.008710283786058426,0.6648911833763123,0.4401494860649109,-0.011814717203378677,0.6721259355545044,0.5045110583305359,-0.013664621859788895,0.6710381507873535,0.5244792103767395,-0.008334293030202389,0.7017173767089844,0.5015839338302612,0.0065558250062167645,0.6995096802711487,0.4388929605484009,-0.013573464937508106,0.7033597230911255,0.49565449357032776,-0.00364243658259511,0.7009347677230835,0.5205698013305664,0.009278458543121815,0.7318490743637085,0.5103629231452942,0.0017752075800672174,0.729474663734436,0.4635329842567444,-0.008022522553801537,0.7282330989837646,0.49899184703826904,0.00044933747267350554,0.7266944050788879,0.5206181406974792,0.010781293734908104
A,0.7305415272712708,0.6881571412086487,-4.2463247496016265e-07,0.6803032159805298,0.661309003829956,-0.02420901320874691,0.6389742493629456,0.5997115969657898,-0.03391153737902641,0.6166015863418579,0.5262494087219238,-0.043216608464717865,0.6177883744239807,0.47019144892692566,-0.044944558292627335,0.6420831680297852,0.508554220199585,0.009896103292703629,0.6343634128570557,0.4446021020412445,-0.015019988641142845,0.6439881920814514,0.49465662240982056,-0.028661206364631653,0.6496029496192932,0.5276718139648438,-0.03279733285307884,0.6715381741523743,0.4982392191886902,0.014062787406146526,0.6643746495246887,0.43729132413864136,-0.008455283008515835,0.6723421216011047,0.5034286975860596,-0.01351587101817131,0.6728383898735046,0.5263294577598572,-0.010121515952050686,0.7008283138275146,0.4982297122478485,0.011499634012579918,0.6978277564048767,0.43584826588630676,-0.0100681371986866,0.7018631100654602,0.4928837716579437,-0.0023766392841935158,0.7013050317764282,0.5210204124450684,0.009584560059010983,0.7308690547943115,0.5077753663063049,0.006198616698384285,0.7279501557350159,0.4607962369918823,-0.003809394547715783,0.7256962060928345,0.49604761600494385,0.003674555104225874,0.7246097326278687,0.519498348236084,0.013407472521066666
A,0.7314141988754272,0.6770252585411072,-4.21340786260771e-07,0.6782743334770203,0.6572008728981018,-0.02048145793378353,0.6373622417449951,0.5952436327934265,-0.026886790990829468,0.6164429783821106,0.5227397680282593,-0.03270736336708069,0.6154727935791016,0.4692694842815399,-0.031243467703461647,0.6385712027549744,0.5123893618583679,0.007644687779247761,0.6326272487640381,0.4470452070236206,-0.011259181424975395,0.643813967704773,0.4945138394832611,-0.018734334036707878,0.6479356288909912,0.5278398990631104,-0.019265921786427498,0.6692824363708496,0.500053882598877,0.011403734795749187,0.6633546948432922,0.43890413641929626,-0.006073803640902042,0.6728840470314026,0.5012513995170593,-0.007748806849122047,0.6729336977005005,0.5254676342010498,-0.002775643952190876,0.7000756859779358,0.49752727150917053,0.00963947456330061,0.6968509554862976,0.43607598543167114,-0.007561950944364071,0.7019304633140564,0.4889201819896698,0.0008484934223815799,0.7008659839630127,0.5160529017448425,0.012236122041940689,0.7313205003738403,0.5035817623138428,0.005665132310241461,0.7271087765693665,0.4572429656982422,-0.002431729342788458,0.7270224690437317,0.4885621964931488,0.004647709429264069,0.7264745235443115,0.5109788179397583,0.013585387729108334
A,0.7314031720161438,0.6812187433242798,-3.9981594568416767e-07,0.6798055171966553,0.6604410409927368,-0.02325942926108837,0.6385549902915955,0.5985109806060791,-0.031676843762397766,0.6171385645866394,0.5256829261779785,-0.039600420743227005,0.6149643063545227,0.47114118933677673,-0.04026741534471512,0.6415760517120361,0.51117342710495,0.008616846986114979,0.6353581547737122,0.4495130181312561,-0.012332228943705559,0.6455913782119751,0.498061865568161,-0.02256409265100956,0.650821328163147,0.5309343338012695,-0.024886183440685272,0.6714841723442078,0.49961695075035095,0.01270726416260004,0.666702389717102,0.4405927062034607,-0.006640858948230743,0.6743112206459045,0.5024321675300598,-0.009967462159693241,0.674669623374939,0.5265688896179199,-0.005587063264101744,0.7014966607093811,0.4980568587779999,0.010595139116048813,0.6995058655738831,0.43801891803741455,-0.007871809415519238,0.7038144469261169,0.48978134989738464,-0.0002756316098384559,0.7025709748268127,0.5169188380241394,0.011087194085121155,0.7314162850379944,0.5049952864646912,0.005829911213368177,0.7291335463523865,0.45979419350624084,-0.002556041581556201,0.7279947996139526,0.4910068213939667,0.004475829191505909,0.7269120216369629,0.5132191181182861,0.01363427098840475
A,0.730506420135498,0.6777621507644653,-4.114161811230588e-07,0.6798902153968811,0.6579107642173767,-0.02192523330450058,0.6391375660896301,0.594134509563446,-0.02838854119181633,0.617097795009613,0.5238141417503357,-0.03392942249774933,0.6133593916893005,0.4722212851047516,-0.03191537782549858,0.6407756209373474,0.5091153979301453,0.006801430601626635,0.635654866695404,0.44690728187561035,-0.012741436250507832,0.6461544632911682,0.498241126537323,-0.020833449438214302,0.6498748064041138,0.528384268283844,-0.021820321679115295,0.6700738668441772,0.4976085424423218,0.011257829144597054,0.6651941537857056,0.44092822074890137,-0.006681058090180159,0.6744140386581421,0.5030311346054077,-0.008406770415604115,0.6743828654289246,0.5237681269645691,-0.0035759489983320236,0.7006775140762329,0.49559953808784485,0.009933496825397015,0.6976176500320435,0.4372648000717163,-0.007549866568297148,0.7025328278541565,0.4922998547554016,0.0010283063165843487,0.7006179094314575,0.5164923667907715,0.012521378695964813,0.7303112149238586,0.5006863474845886,0.006203686818480492,0.7271413803100586,0.4581143260002136,-0.0015618583420291543,0.7259168028831482,0.4917164742946625,0.005860352888703346,0.724373996257782,0.5122623443603516,0.015065671876072884
A,0.7306472659111023,0.6819263100624084,-4.445600723101961e-07,0.6789271831512451,0.6617665886878967,-0.02202404849231243,0.638425350189209,0.5993461608886719,-0.02949458360671997,0.6164661049842834,0.5262235999107361,-0.03615168109536171,0.6133830547332764,0.47218528389930725,-0.03532601147890091,0.6420536041259766,0.5115401148796082,0.007190371863543987,0.6364860534667969,0.4493663012981415,-0.014203243888914585,0.6462522745132446,0.5011170506477356,-0.024414051324129105,0.6501756906509399,0.534156084060669,-0.026677163317799568,0.6710585355758667,0.49955669045448303,0.011415756307542324,0.665009081363678,0.442417711019516,-0.00834600068628788,0.6740477085113525,0.5070159435272217,-0.011444085277616978,0.673652708530426,0.5307870507240295,-0.0072858333587646484,0.7008479237556458,0.4965786039829254,0.00975121557712555,0.6970687508583069,0.43809187412261963,-0.009093107655644417,0.7024327516555786,0.4949256181716919,-0.0005424587288871408,0.7005952000617981,0.5219212174415588,0.011225150898098946,0.7303418517112732,0.5011516809463501,0.005613814573734999,0.726609468460083,0.45770421624183655,-0.0029489435255527496,0.7255772948265076,0.49371594190597534,0.004726459737867117,0.7238427996635437,0.5160269737243652,0.014267811551690102
A,0.7314043641090393,0.6827273368835449,-4.27956564408305e-07,0.6795145869255066,0.6633304357528687,-0.024244070053100586,0.637363851070404,0.5993711352348328,-0.03245870769023895,0.6167283654212952,0.5253769755363464,-0.03963211551308632,0.6146408915519714,0.470257431268692,-0.03924368694424629,0.640815019607544,0.5148785710334778,0.0036463167052716017,0.6348518133163452,0.4495426416397095,-0.018784595653414726,0.6469746828079224,0.5063116550445557,-0.028412874788045883,0.6517446637153625,0.5385255813598633,-0.029964176937937737,0.6696456074714661,0.5033891201019287,0.008351856842637062,0.6633065938949585,0.44482526183128357,-0.013278521597385406,0.6744219660758972,0.5093548893928528,-0.016578588634729385,0.6744979619979858,0.5342530608177185,-0.012084447778761387,0.6993988156318665,0.5002431869506836,0.007019814103841782,0.6950400471687317,0.44018828868865967,-0.013848571106791496,0.7021347284317017,0.49823489785194397,-0.006165512837469578,0.7004694938659668,0.5271934270858765,0.005660919472575188,0.7283453345298767,0.5038414597511292,0.0031122220680117607,0.7241371870040894,0.4583199620246887,-0.008399473503232002,0.7254654765129089,0.4959632158279419,-0.002422706689685583,0.7247459292411804,0.5218042731285095,0.006599574815481901
A,0.7331308722496033,0.6863976120948792,-4.828512487620173e-07,0.678716242313385,0.6669619083404541,-0.0207196194678545,0.635863721370697,0.6007230281829834,-0.027894584462046623,0.6138285398483276,0.5266794562339783,-0.03510235995054245,0.6121020913124084,0.4716593027114868,-0.03552522882819176,0.64121413230896,0.5162271857261658,0.0072769830003380775,0.6355257034301758,0.44834083318710327,-0.014957934617996216,0.6462780237197876,0.503672182559967,-0.026768416166305542,0.6505205631256104,0.5410946011543274,-0.030193015933036804,0.6698052287101746,0.5042784810066223,0.009850726462900639,0.6635712385177612,0.44446253776550293,-0.01079464703798294,0.6736100912094116,0.5087236762046814,-0.015540692023932934,0.6737028360366821,0.539057731628418,-0.012526242062449455,0.698758602142334,0.5012291073799133,0.006620366591960192,0.6944646835327148,0.4404844343662262,-0.013498845510184765,0.7013624906539917,0.49880582094192505,-0.006274075247347355,0.7000578045845032,0.5321863293647766,0.004890961106866598,0.7272517681121826,0.5061973929405212,0.0009543444612063468,0.7235950827598572,0.461715430021286,-0.010728004388511181,0.7250016927719116,0.5009827613830566,-0.004637440666556358,0.7242036461830139,0.5295193195343018,0.004187295213341713
A,0.7288900017738342,0.6824437379837036,-4.5534619630416273e-07,0.6755918264389038,0.6635273694992065,-0.020581915974617004,0.633277416229248,0.5993974208831787,-0.02779204584658146,0.6113587617874146,0.5261785984039307,-0.03451647236943245,0.6094925999641418,0.4723378121852875,-0.034552350640296936,0.6373163461685181,0.5154092311859131,0.003974013030529022,0.6335859894752502,0.4515257775783539,-0.016868188977241516,0.6453977227210999,0.5040332674980164,-0.026539040729403496,0.6504938006401062,0.5435228943824768,-0.028497641906142235,0.6669795513153076,0.5033422708511353,0.006920954212546349,0.6623556613922119,0.4456419050693512,-0.012994207441806793,0.6723201870918274,0.50968998670578,-0.016679884865880013,0.6733785271644592,0.5417346358299255,-0.013087818399071693,0.6970669031143188,0.5000379681587219,0.004547726828604937,0.6941047310829163,0.4417567253112793,-0.01561056636273861,0.6995225548744202,0.5014654994010925,-0.008187168277800083,0.6979407072067261,0.536236047744751,0.0031177648343145847,0.7261962890625,0.5050933957099915,-5.02977600262966e-05,0.722926139831543,0.4611358642578125,-0.0124778151512146,0.7226263880729675,0.502211332321167,-0.006357651203870773,0.7212514281272888,0.5315406918525696,0.0026124133728444576
A,0.7290027737617493,0.6816123127937317,-4.531023591880512e-07,0.6754052042961121,0.6640910506248474,-0.0200897715985775,0.6329286694526672,0.6019557118415833,-0.027764523401856422,0.6115567088127136,0.5308828949928284,-0.03500524163246155,0.6088233590126038,0.47734129428863525,-0.03569622337818146,0.6368922591209412,0.5188668966293335,0.0016437703743577003,0.6324266195297241,0.45426881313323975,-0.019496891647577286,0.6456169486045837,0.5064015984535217,-0.02896585874259472,0.6512376666069031,0.5488265752792358,-0.03060554526746273,0.6660385131835938,0.5068795084953308,0.0040837498381733894,0.6599438786506653,0.44803300499916077,-0.016876833513379097,0.671802818775177,0.5124226808547974,-0.02099650539457798,0.6736266613006592,0.547505259513855,-0.01744609884917736,0.6958515048027039,0.5027356743812561,0.0015148163074627519,0.6911537051200867,0.4433436393737793,-0.019841540604829788,0.6979753375053406,0.5034979581832886,-0.012872140854597092,0.6972742080688477,0.5409426093101501,-0.0015652597649022937,0.7258363962173462,0.5069430470466614,-0.003146542701870203,0.7211408019065857,0.4603928029537201,-0.017603497952222824,0.7216492295265198,0.5024070143699646,-0.012082214467227459,0.7205427289009094,0.5348843336105347,-0.00312580494210124
A,0.7310451865196228,0.6796693205833435,-4.591755100591399e-07,0.6757228970527649,0.6650597453117371,-0.019424164667725563,0.6322612166404724,0.6023333668708801,-0.026348289102315903,0.6108646392822266,0.5308826565742493,-0.03328580781817436,0.6080178022384644,0.4763078987598419,-0.034035809338092804,0.6373586058616638,0.5191354751586914,0.004507414996623993,0.6323083639144897,0.45449140667915344,-0.016136936843395233,0.6455312967300415,0.506058931350708,-0.026098208501935005,0.6522839665412903,0.5481517910957336,-0.028158819302916527,0.6664901375770569,0.5063270330429077,0.006545642390847206,0.660926878452301,0.44860830903053284,-0.013448416255414486,0.6719426512718201,0.5112518668174744,-0.017611278221011162,0.6744533777236938,0.5468933582305908,-0.014063778333365917,0.695439338684082,0.5022804141044617,0.0033873100765049458,0.6910063028335571,0.44342225790023804,-0.017891697585582733,0.6975398063659668,0.5020285844802856,-0.011789415962994099,0.6980819702148438,0.5411062836647034,-0.000749048893339932,0.7249499559402466,0.50681072473526,-0.0018233663868159056,0.7195670008659363,0.46068182587623596,-0.016945702955126762,0.7204620242118835,0.5014416575431824,-0.012216247618198395,0.7204495072364807,0.5354163646697998,-0.0034879997838288546
A,0.7298817038536072,0.680046021938324,-4.740391830182489e-07,0.6760046482086182,0.6667649149894714,-0.020295798778533936,0.6328821182250977,0.6028971672058105,-0.027187131345272064,0.6104854941368103,0.5311735272407532,-0.033763203769922256,0.607651948928833,0.4769591689109802,-0.033664166927337646,0.6377291679382324,0.5205754041671753,0.00372843979857862,0.6317861676216125,0.45567813515663147,-0.017023153603076935,0.6451980471611023,0.5105979442596436,-0.025885779410600662,0.6515299677848816,0.5534656047821045,-0.0271084513515234,0.6665500998497009,0.5078327059745789,0.006325280759483576,0.6598759293556213,0.450224369764328,-0.014869878999888897,0.6710644960403442,0.516116738319397,-0.01844754070043564,0.6728269457817078,0.551385223865509,-0.014113696292042732,0.6954205632209778,0.5034387111663818,0.0036627263762056828,0.6908687353134155,0.44392454624176025,-0.01793932355940342,0.6971497535705566,0.5034904479980469,-0.010620932094752789,0.6969348192214966,0.5415769815444946,0.0012542246840894222,0.7251888513565063,0.5071109533309937,-0.0011651264503598213,0.7200474739074707,0.46170365810394287,-0.015892207622528076,0.7205232381820679,0.5037257075309753,-0.010576745495200157,0.7200685143470764,0.5370985269546509,-0.0015690734144300222
A,0.7299781441688538,0.6837537288665771,-4.814571070710372e-07,0.6765579581260681,0.6672301292419434,-0.020825164392590523,0.6337200403213501,0.6022851467132568,-0.028334369882941246,0.6105849742889404,0.5309030413627625,-0.03562673181295395,0.6071195602416992,0.4768330454826355,-0.03588525950908661,0.6372230052947998,0.5190102458000183,0.002700550016015768,0.6323398947715759,0.45385628938674927,-0.01947377622127533,0.6453729271888733,0.510628879070282,-0.029099376872181892,0.6505815982818604,0.5530307292938232,-0.03050014190375805,0.6655793190002441,0.5072384476661682,0.005389545112848282,0.6601293683052063,0.4495041072368622,-0.016927022486925125,0.6715440154075623,0.5174625515937805,-0.020461320877075195,0.672027051448822,0.5512706637382507,-0.01583462581038475,0.6945633292198181,0.5031536221504211,0.0026727989315986633,0.6906920075416565,0.4425218999385834,-0.018962597474455833,0.6977960467338562,0.5034467577934265,-0.010889748111367226,0.6966437697410583,0.5403871536254883,0.001629771082662046,0.7234625220298767,0.5067394375801086,-0.0023239622823894024,0.7186452746391296,0.4596705734729767,-0.015593910589814186,0.7193012833595276,0.5000791549682617,-0.00931532308459282,0.7181956171989441,0.5313805341720581,0.0002490024780854583
A,0.7307842373847961,0.6816112399101257,-4.675419518207491e-07,0.6772079467773438,0.6674773097038269,-0.0227730143815279,0.6338832378387451,0.6044567823410034,-0.03129883110523224,0.6109756231307983,0.5337218046188354,-0.03932785615324974,0.6084206700325012,0.479017972946167,-0.03998396918177605,0.639460563659668,0.5214372277259827,0.0010567250428721309,0.6322365999221802,0.4549276530742645,-0.022754019126296043,0.645363986492157,0.5112326145172119,-0.03352702781558037,0.6524224281311035,0.5543277263641357,-0.03526981547474861,0.667281448841095,0.5090700387954712,0.004742694552987814,0.6604488492012024,0.44942352175712585,-0.018508534878492355,0.6718380451202393,0.5166869759559631,-0.021973200142383575,0.6746742129325867,0.5506421327590942,-0.017020033672451973,0.6951720118522644,0.5042887926101685,0.0027158111333847046,0.6904278993606567,0.4405837953090668,-0.01875913143157959,0.6963995695114136,0.49851953983306885,-0.010450069792568684,0.6978232264518738,0.5354046821594238,0.0022875391878187656,0.724044680595398,0.5075709223747253,-0.0018743729451671243,0.717221200466156,0.45660698413848877,-0.014628119766712189,0.7167907357215881,0.4927871525287628,-0.008492149412631989,0.7175106406211853,0.5239102840423584,0.0010647107847034931
A,0.7306343913078308,0.6824482679367065,-4.836856533074751e-07,0.6759241223335266,0.6673457622528076,-0.020810117945075035,0.6323305368423462,0.6018675565719604,-0.02786363661289215,0.6100579500198364,0.5312013030052185,-0.03477197140455246,0.607049822807312,0.47623345255851746,-0.03461277857422829,0.6377009749412537,0.5223938226699829,0.0019471903797239065,0.6322032809257507,0.45358240604400635,-0.02057848870754242,0.6455565690994263,0.5091236233711243,-0.030316054821014404,0.6517924070358276,0.5522485971450806,-0.03163192793726921,0.6667739152908325,0.5099133253097534,0.004689803812652826,0.6603378653526306,0.44821810722351074,-0.017151111736893654,0.6721299290657043,0.5135594606399536,-0.020236585289239883,0.6745800375938416,0.5477349758148193,-0.015577709302306175,0.6957324147224426,0.5053040981292725,0.001950837206095457,0.6902099847793579,0.4394906163215637,-0.018663885071873665,0.6968855261802673,0.4971773326396942,-0.010403681546449661,0.6978625655174255,0.5343863368034363,0.0018735508201643825,0.7252336144447327,0.5084922313690186,-0.003167425747960806,0.7181236743927002,0.45574435591697693,-0.01542928908020258,0.7183663845062256,0.4916016757488251,-0.009208699688315392,0.7187785506248474,0.5225030183792114,1.161554337159032e-05
A,0.7304311394691467,0.6822779774665833,-4.6346647764039517e-07,0.6761595606803894,0.6666253805160522,-0.021786028519272804,0.6327638626098633,0.6017717719078064,-0.029365764930844307,0.6098973751068115,0.5314850807189941,-0.03645474091172218,0.6072359681129456,0.47713175415992737,-0.03625231981277466,0.63923579454422,0.5199134945869446,0.0024632851127535105,0.6330546140670776,0.4551590383052826,-0.019757205620408058,0.6458281874656677,0.5105738043785095,-0.029584594070911407,0.6521427631378174,0.5537605285644531,-0.030880242586135864,0.6678335070610046,0.5072648525238037,0.00599925359711051,0.6608385443687439,0.44854986667633057,-0.01633351854979992,0.6718587279319763,0.5143025517463684,-0.019952848553657532,0.6748577356338501,0.5489943027496338,-0.015177207067608833,0.6964508295059204,0.5027658343315125,0.004035922698676586,0.6909847855567932,0.43936845660209656,-0.01651604287326336,0.6968336701393127,0.4957617521286011,-0.008802543394267559,0.69809490442276,0.5327200293540955,0.0033962263260036707,0.7254433035850525,0.5062091946601868,-0.00034247187431901693,0.717764139175415,0.4556659460067749,-0.012308386154472828,0.7170644998550415,0.4911307990550995,-0.006292829290032387,0.7178347110748291,0.5219347476959229,0.0030549061484634876
A,0.7286772727966309,0.6816887855529785,-4.547407002064574e-07,0.6748641133308411,0.6650817394256592,-0.020480787381529808,0.6327304244041443,0.6019483804702759,-0.027548115700483322,0.6104826331138611,0.533731997013092,-0.03447451442480087,0.6081249713897705,0.47980064153671265,-0.0344088077545166,0.6392840147018433,0.5196748375892639,0.0038507457356899977,0.6318546533584595,0.4567199945449829,-0.017645971849560738,0.6447259187698364,0.5100945234298706,-0.02730902098119259,0.651550829410553,0.5525631308555603,-0.028830455616116524,0.6673939824104309,0.5077102184295654,0.006665640510618687,0.659403920173645,0.4489721953868866,-0.015124335885047913,0.6706238985061646,0.5136143565177917,-0.019328663125634193,0.6740830540657043,0.5478646159172058,-0.015289174392819405,0.6960476040840149,0.5036855936050415,0.004208449739962816,0.6896138787269592,0.4398365020751953,-0.016200652346014977,0.6954311728477478,0.49642497301101685,-0.008946715854108334,0.6974062323570251,0.5337290167808533,0.002714865142479539,0.7259900569915771,0.5082061886787415,-0.0005233332049101591,0.7174572944641113,0.45682647824287415,-0.013047735206782818,0.7163473963737488,0.49278324842453003,-0.007291370537132025,0.7174988389015198,0.5242767333984375,0.0018495017429813743
A,0.7295026779174805,0.6815405488014221,-4.7190061991386756e-07,0.675317645072937,0.6674849390983582,-0.021625598892569542,0.6320483684539795,0.6038384437561035,-0.02926689386367798,0.6097567081451416,0.5330278277397156,-0.036524780094623566,0.6076353788375854,0.47802600264549255,-0.03686798736453056,0.6378085017204285,0.5212392807006836,0.001234016614034772,0.6306005120277405,0.4553006887435913,-0.02004130557179451,0.6446833610534668,0.5081003904342651,-0.02911694347858429,0.6516141891479492,0.5513520240783691,-0.030382661148905754,0.666654646396637,0.5076633095741272,0.004314265679568052,0.658599317073822,0.44825664162635803,-0.016472425311803818,0.6712801456451416,0.5118573904037476,-0.019678981974720955,0.674619197845459,0.5467811822891235,-0.015406988561153412,0.695347249507904,0.5022898316383362,0.0020468123257160187,0.6884827613830566,0.44005483388900757,-0.01808074302971363,0.6960137486457825,0.49594277143478394,-0.010863692499697208,0.697761058807373,0.5330687761306763,0.00044946352136321366,0.7248347401618958,0.5054358243942261,-0.002642596373334527,0.7164925336837769,0.4545589089393616,-0.016125522553920746,0.7180585265159607,0.4902026951313019,-0.011240823194384575,0.7194307446479797,0.5217735171318054,-0.0028189329896122217
A,0.7286763191223145,0.6803489923477173,-4.822666141990339e-07,0.6744672060012817,0.6675036549568176,-0.021571919322013855,0.631587564945221,0.6030187606811523,-0.028583085164427757,0.608964204788208,0.5310850739479065,-0.03511616960167885,0.6073031425476074,0.4773343801498413,-0.034333813935518265,0.6374068856239319,0.5225051045417786,0.0023425393737852573,0.6311554908752441,0.4569399952888489,-0.017682287842035294,0.6451298594474792,0.5094727277755737,-0.025878766551613808,0.6504619121551514,0.5520530343055725,-0.026703154668211937,0.6662134528160095,0.5087131857872009,0.006003070157021284,0.6581360697746277,0.44913405179977417,-0.013344980776309967,0.6705412864685059,0.5125473141670227,-0.01625143736600876,0.6718397736549377,0.54615318775177,-0.01215688232332468,0.6943197846412659,0.5029701590538025,0.004337974824011326,0.6884000301361084,0.43788856267929077,-0.013929784297943115,0.6958140134811401,0.49138927459716797,-0.006630690768361092,0.6963061690330505,0.5279654264450073,0.004240238573402166,0.7232142686843872,0.5051522254943848,0.00021987207583151758,0.7160862684249878,0.4527035355567932,-0.010893288068473339,0.717557966709137,0.4839341938495636,-0.005812180228531361,0.7177154421806335,0.5135508179664612,0.002179010072723031
A,0.7285791635513306,0.6821724772453308,-4.684607972649246e-07,0.675551176071167,0.6677951216697693,-0.024040594696998596,0.6325322389602661,0.6058028936386108,-0.033234309405088425,0.6088157892227173,0.533919632434845,-0.04160071536898613,0.607899010181427,0.47988149523735046,-0.04268204793334007,0.6363486051559448,0.5215672850608826,0.0014179261634126306,0.6302337646484375,0.455960750579834,-0.02082577720284462,0.6429190635681152,0.5081944465637207,-0.03170667216181755,0.6492652297019958,0.5494790077209473,-0.03443925827741623,0.6656061410903931,0.506615936756134,0.0057336920872330666,0.6574355959892273,0.44564712047576904,-0.015434320084750652,0.668742299079895,0.5092897415161133,-0.01929793693125248,0.6708626747131348,0.5435543656349182,-0.015475661493837833,0.6940478086471558,0.5003778338432312,0.004222804680466652,0.6869426965713501,0.43896013498306274,-0.014901754446327686,0.6939940452575684,0.49229326844215393,-0.007964431308209896,0.6951432824134827,0.5272794961929321,0.0028954234439879656,0.7231948375701904,0.5025602579116821,-9.964295168174431e-05,0.715000569820404,0.45404189825057983,-0.011186724528670311,0.7162562608718872,0.4860685169696808,-0.006291591562330723,0.7168868184089661,0.5146844983100891,0.0015825825976207852
A,0.7259403467178345,0.6750285029411316,-4.612236352841137e-07,0.672464907169342,0.6644954681396484,-0.02090982161462307,0.6313698887825012,0.6022322177886963,-0.027572602033615112,0.6090816855430603,0.5323044061660767,-0.03375619277358055,0.6052263975143433,0.4789208769798279,-0.03315805643796921,0.6346017718315125,0.522166907787323,0.003657927270978689,0.6292308568954468,0.4571973979473114,-0.016905080527067184,0.6415971517562866,0.5073750019073486,-0.026149798184633255,0.6478416323661804,0.5474523305892944,-0.027664149180054665,0.6637614369392395,0.5079643726348877,0.007172001991420984,0.6562985181808472,0.44755059480667114,-0.012770745903253555,0.6675601005554199,0.5102480053901672,-0.015874246135354042,0.6709245443344116,0.5431028008460999,-0.011457748711109161,0.6925127506256104,0.5009945631027222,0.0052999770268797874,0.6867036819458008,0.4388638138771057,-0.013955333270132542,0.6928638219833374,0.49348366260528564,-0.006750303786247969,0.695087194442749,0.5286548137664795,0.0045874896459281445,0.7227580547332764,0.5016191005706787,0.0010750506771728396,0.7158705592155457,0.45213064551353455,-0.010626454837620258,0.7160768508911133,0.48674091696739197,-0.005269502755254507,0.7170988321304321,0.5165698528289795,0.0032004183158278465
A,0.728233277797699,0.6807722449302673,-4.993325433133577e-07,0.6737345457077026,0.6662842035293579,-0.01922140270471573,0.6308457255363464,0.6025308966636658,-0.025706199929118156,0.6082967519760132,0.53205806016922,-0.032279614359140396,0.6071003675460815,0.47852182388305664,-0.03211776912212372,0.6350376009941101,0.5208039879798889,0.004832691513001919,0.629984974861145,0.45551902055740356,-0.016478989273309708,0.6417291164398193,0.5086444616317749,-0.02685834839940071,0.6471605896949768,0.549761950969696,-0.029142552986741066,0.6642804741859436,0.5072559714317322,0.007099422160536051,0.6575419306755066,0.4464581608772278,-0.013279768638312817,0.6678124070167542,0.5114963054656982,-0.017005912959575653,0.6693244576454163,0.5458347201347351,-0.013001075014472008,0.6933738589286804,0.5016052722930908,0.00407310388982296,0.6874765753746033,0.4376729428768158,-0.01502326037734747,0.6938670873641968,0.49431392550468445,-0.007418082095682621,0.694628119468689,0.5306406021118164,0.004180112387984991,0.7227535843849182,0.5038135051727295,-0.0011991274077445269,0.7141354084014893,0.45449477434158325,-0.011857996694743633,0.7151643633842468,0.48887062072753906,-0.0055804383009672165,0.716319739818573,0.5177667140960693,0.0034211755264550447
A,0.7262383699417114,0.6803920865058899,-4.96298980579013e-07,0.6723343729972839,0.666335940361023,-0.01939229480922222,0.6297988295555115,0.6018654704093933,-0.025671150535345078,0.6073158383369446,0.5314640402793884,-0.03198626637458801,0.6065626740455627,0.4786502420902252,-0.031281132251024246,0.635084331035614,0.5196301937103271,0.00463680038228631,0.6288385391235352,0.45584672689437866,-0.015709733590483665,0.6415582895278931,0.5086610317230225,-0.025182371959090233,0.6469889283180237,0.5494922995567322,-0.026973947882652283,0.6639593243598938,0.5065558552742004,0.007073373068124056,0.6563342809677124,0.4471772015094757,-0.012165418826043606,0.6673131585121155,0.5111209154129028,-0.015324133448302746,0.6686900854110718,0.5444469451904297,-0.011299844831228256,0.692989706993103,0.5012713074684143,0.004253799095749855,0.6876837611198425,0.43727701902389526,-0.013294742442667484,0.6938598155975342,0.491390198469162,-0.005521733313798904,0.6939437389373779,0.5267189145088196,0.005649957340210676,0.7224728465080261,0.5039574503898621,-0.0009244086686521769,0.7152497172355652,0.4519885778427124,-0.010409285314381123,0.7154414057731628,0.48431000113487244,-0.004102271981537342,0.7155340909957886,0.5134080052375793,0.004562577232718468
A,0.7256439328193665,0.6767483353614807,-4.7527075253128714e-07,0.6718434691429138,0.6642628908157349,-0.020396500825881958,0.6296818852424622,0.6015550494194031,-0.02700522169470787,0.6069966554641724,0.5313105583190918,-0.0331929475069046,0.605256199836731,0.47926416993141174,-0.03228054940700531,0.6338244676589966,0.5193925499916077,0.00297800381667912,0.62840735912323,0.4562131464481354,-0.016779491677880287,0.6412201523780823,0.5075632333755493,-0.025073697790503502,0.6458430290222168,0.5461510419845581,-0.0261471476405859,0.6631438732147217,0.5052938461303711,0.006132696755230427,0.6563692092895508,0.44676241278648376,-0.012779105454683304,0.6677070260047913,0.5100985765457153,-0.015336128883063793,0.6681792140007019,0.540954053401947,-0.011065568774938583,0.6922045350074768,0.49934250116348267,0.004104725085198879,0.687858521938324,0.4368791878223419,-0.013727953657507896,0.694640040397644,0.4906591475009918,-0.00589377386495471,0.6939577460289001,0.5242580771446228,0.0052766394801437855,0.7214043140411377,0.5014345049858093,-0.0002306421665707603,0.7152427434921265,0.45221060514450073,-0.009923749603331089,0.7166674137115479,0.4836442768573761,-0.003885058918967843,0.7164968252182007,0.5106460452079773,0.004574074875563383
B,0.7241732478141785,0.7454941272735596,1.7227741011538455e-07,0.6705180406570435,0.7094953060150146,-0.030614830553531647,0.6394980549812317,0.6312007308006287,-0.04069630429148674,0.6567538976669312,0.561748206615448,-0.047543104737997055,0.6915158629417419,0.5536491274833679,-0.05192894861102104,0.6358250975608826,0.5451837182044983,-0.013337941840291023,0.6241592764854431,0.4616643786430359,-0.02590915933251381,0.6212912797927856,0.4101160168647766,-0.03913481533527374,0.6196999549865723,0.36368632316589355,-0.05137859657406807,0.6658568978309631,0.5307288765907288,-0.010238785296678543,0.650849461555481,0.4433128237724304,-0.021715300157666206,0.6447622776031494,0.3839208483695984,-0.03468990698456764,0.639244556427002,0.3306654095649719,-0.04555768892168999,0.6953755021095276,0.5325871706008911,-0.01169447973370552,0.6813970804214478,0.4509698748588562,-0.02476116642355919,0.6736401915550232,0.39404720067977905,-0.03880336508154869,0.6657813787460327,0.3455798625946045,-0.0493246354162693,0.7283086776733398,0.5473727583885193,-0.016811242327094078,0.7149814963340759,0.4807499051094055,-0.030713573098182678,0.7059096693992615,0.4347803592681885,-0.04099848121404648,0.6984409093856812,0.3954404592514038,-0.04877455532550812
B,0.7231969833374023,0.7441933155059814,2.1437114128275425e-07,0.6677462458610535,0.708317756652832,-0.029273029416799545,0.6380571722984314,0.627153754234314,-0.03901028260588646,0.6585187911987305,0.5578233003616333,-0.045633889734745026,0.6943161487579346,0.5522207617759705,-0.05006815865635872,0.6350202560424805,0.5477569699287415,-0.013606126420199871,0.6248716711997986,0.46364063024520874,-0.026152724400162697,0.621909499168396,0.41166606545448303,-0.03913388401269913,0.6207475662231445,0.3655010759830475,-0.051018014550209045,0.6652949452400208,0.5318422913551331,-0.010945410467684269,0.6508256196975708,0.44339829683303833,-0.022183137014508247,0.6440561413764954,0.3830477297306061,-0.03472698852419853,0.6379648447036743,0.32965946197509766,-0.04483117535710335,0.6951425075531006,0.5331373810768127,-0.012605953961610794,0.6814470291137695,0.45124220848083496,-0.0247446671128273,0.6727909445762634,0.3945859670639038,-0.03830742463469505,0.6637365818023682,0.3464549481868744,-0.04831734299659729,0.7285873889923096,0.5477434396743774,-0.01775793358683586,0.7154341340065002,0.4816274046897888,-0.030857160687446594,0.7059705257415771,0.4357995390892029,-0.04054131731390953,0.6982410550117493,0.39639100432395935,-0.04759363457560539
B,0.7223250865936279,0.7438479661941528,2.012912574400616e-07,0.6688036322593689,0.7082474827766418,-0.027505794540047646,0.6384091377258301,0.6297991871833801,-0.03727070242166519,0.6565818786621094,0.5610512495040894,-0.04439252242445946,0.6922462582588196,0.5469942688941956,-0.04918646812438965,0.6346125602722168,0.5476118922233582,-0.01233294140547514,0.6242992281913757,0.46385735273361206,-0.025173822417855263,0.6216797232627869,0.4125854969024658,-0.037935271859169006,0.6209221482276917,0.36737051606178284,-0.049472831189632416,0.6648110747337341,0.5326876640319824,-0.010691380128264427,0.6499910950660706,0.444243460893631,-0.02226926200091839,0.6439767479896545,0.38459300994873047,-0.03468218818306923,0.6387263536453247,0.3319495916366577,-0.04475432634353638,0.6953164339065552,0.5343726277351379,-0.013326618820428848,0.6813907623291016,0.4517458379268646,-0.02594492956995964,0.6732692122459412,0.39463698863983154,-0.03899192437529564,0.6648784875869751,0.34632062911987305,-0.048687517642974854,0.7295712232589722,0.5488547682762146,-0.01924305222928524,0.7159534096717834,0.48348888754844666,-0.032796461135149,0.7058902978897095,0.43729671835899353,-0.0422406867146492,0.6973291039466858,0.3977721333503723,-0.049080125987529755
B,0.7223250865936279,0.7438479661941528,2.012912574400616e-07,0.6688036322593689,0.7082474827766418,-0.027505794540047646,0.6384091377258301,0.6297991871833801,-0.03727070242166519,0.6565818786621094,0.5610512495040894,-0.04439252242445946,0.6922462582588196,0.5469942688941956,-0.04918646812438965,0.6346125602722168,0.5476118922233582,-0.01233294140547514,0.6242992281913757,0.46385735273361206,-0.025173822417855263,0.6216797232627869,0.4125854969024658,-0.037935271859169006,0.6209221482276917,0.36737051606178284,-0.049472831189632416,0.6648110747337341,0.5326876640319824,-0.010691380128264427,0.6499910950660706,0.444243460893631,-0.02226926200091839,0.6439767479896545,0.38459300994873047,-0.03468218818306923,0.6387263536453247,0.3319495916366577,-0.04475432634353638,0.6953164339065552,0.5343726277351379,-0.013326618820428848,0.6813907623291016,0.4517458379268646,-0.02594492956995964,0.6732692122459412,0.39463698863983154,-0.03899192437529564,0.6648784875869751,0.34632062911987305,-0.048687517642974854,0.7295712232589722,0.5488547682762146,-0.01924305222928524,0.7159534096717834,0.48348888754844666,-0.032796461135149,0.7058902978897095,0.43729671835899353,-0.0422406867146492,0.6973291039466858,0.3977721333503723,-0.049080125987529755
B,0.7225248217582703,0.7419308423995972,2.1447519316097896e-07,0.6679553389549255,0.7068137526512146,-0.027858193963766098,0.6389476656913757,0.6258390545845032,-0.036783233284950256,0.6588294506072998,0.5576971769332886,-0.04307582601904869,0.693731963634491,0.5519987940788269,-0.04713325947523117,0.6359430551528931,0.5449291467666626,-0.010132679715752602,0.6253283023834229,0.46209031343460083,-0.021586239337921143,0.6221480369567871,0.4112405478954315,-0.03382186219096184,0.6205828189849854,0.36656880378723145,-0.04514941945672035,0.6656033992767334,0.5303387641906738,-0.00808869581669569,0.6511356830596924,0.4431666433811188,-0.018594926223158836,0.6448251605033875,0.38383936882019043,-0.030670396983623505,0.6390770673751831,0.33133918046951294,-0.04031508043408394,0.6954740881919861,0.5327675938606262,-0.010475345887243748,0.6810615062713623,0.45161131024360657,-0.022071538493037224,0.6732670068740845,0.395173579454422,-0.03522851690649986,0.6652718782424927,0.34767600893974304,-0.04490756243467331,0.7292737364768982,0.5477348566055298,-0.01630271226167679,0.7160833477973938,0.48291683197021484,-0.02867632918059826,0.7062594890594482,0.4367454946041107,-0.03787144646048546,0.6979964375495911,0.39691436290740967,-0.044638026505708694
B,0.7211123704910278,0.7405441999435425,2.3131359228045767e-07,0.6671625971794128,0.7064249515533447,-0.02707616053521633,0.6374830007553101,0.6267022490501404,-0.03705812990665436,0.6584534645080566,0.5581194758415222,-0.04444683715701103,0.6977416276931763,0.5462247729301453,-0.04983088746666908,0.6351840496063232,0.5473592877388,-0.014204470440745354,0.6250244379043579,0.463532030582428,-0.027565600350499153,0.6223499774932861,0.41168299317359924,-0.04046409949660301,0.6219465732574463,0.36656421422958374,-0.05192694067955017,0.6652234792709351,0.5322495102882385,-0.012877564877271652,0.6501519680023193,0.4434923231601715,-0.024831438437104225,0.6435949802398682,0.38315895199775696,-0.03707486018538475,0.6383511424064636,0.3303232789039612,-0.046722859144210815,0.695621132850647,0.5339196920394897,-0.01563168503344059,0.6814925670623779,0.45132991671562195,-0.028111374005675316,0.6727198958396912,0.39440685510635376,-0.040884606540203094,0.6642767786979675,0.3466421961784363,-0.050206299871206284,0.7297057509422302,0.548516035079956,-0.021612728014588356,0.7161080241203308,0.4829888939857483,-0.03495560586452484,0.7056203484535217,0.4367193579673767,-0.044094935059547424,0.6969922780990601,0.3972417414188385,-0.05051428824663162
B,0.7222557067871094,0.7398719787597656,2.3157214457114605e-07,0.6682631373405457,0.7050725817680359,-0.027030812576413155,0.6370084285736084,0.6270163059234619,-0.03745704144239426,0.6588712930679321,0.5590737462043762,-0.045078106224536896,0.6992884278297424,0.548528790473938,-0.05087320879101753,0.6346664428710938,0.5474862456321716,-0.016374675557017326,0.6244387626647949,0.4630359709262848,-0.030042555183172226,0.6222802400588989,0.41107019782066345,-0.04316342622041702,0.6224538087844849,0.36598894000053406,-0.05477936565876007,0.6652612686157227,0.5325185656547546,-0.014909477904438972,0.6502413153648376,0.44388628005981445,-0.026956120505928993,0.6439046859741211,0.3838834762573242,-0.039264388382434845,0.6387816071510315,0.3319045305252075,-0.04899834468960762,0.6956073641777039,0.5342398285865784,-0.017270943149924278,0.6813139915466309,0.45221155881881714,-0.029677433893084526,0.6727025508880615,0.3955860137939453,-0.042526960372924805,0.6644459962844849,0.3488508462905884,-0.051929183304309845,0.7292165756225586,0.5494493246078491,-0.022770628333091736,0.7153774499893188,0.4832197427749634,-0.03630145639181137,0.7052138447761536,0.43735256791114807,-0.04556221142411232,0.6969326734542847,0.39924725890159607,-0.05199605971574783
B,0.721510648727417,0.7392038106918335,2.8397963092174905e-07,0.6680014133453369,0.7072896361351013,-0.028294214978814125,0.6364568471908569,0.6280621886253357,-0.03922724351286888,0.658691942691803,0.5611734986305237,-0.047318343073129654,0.7012572884559631,0.5548232793807983,-0.05348125845193863,0.6337317824363708,0.5495142936706543,-0.016006240621209145,0.6246210932731628,0.4655205309391022,-0.02955683134496212,0.6224260330200195,0.4130210280418396,-0.04267292469739914,0.622186005115509,0.36784106492996216,-0.054204124957323074,0.6646733283996582,0.5360009670257568,-0.014059406705200672,0.6510283946990967,0.44782277941703796,-0.026019446551799774,0.6454939842224121,0.38726770877838135,-0.03827791288495064,0.640845537185669,0.3348360061645508,-0.04773909971117973,0.6953526139259338,0.5381733179092407,-0.0161450132727623,0.6818608045578003,0.4578443467617035,-0.028292030096054077,0.6733982563018799,0.40074363350868225,-0.04106590151786804,0.6653294563293457,0.3529549837112427,-0.05015704780817032,0.7290085554122925,0.5524247884750366,-0.021565472707152367,0.7161992788314819,0.48659512400627136,-0.034435976296663284,0.7063512206077576,0.44039711356163025,-0.04339880123734474,0.6982815265655518,0.40154698491096497,-0.04959018900990486
B,0.7213573455810547,0.7413427233695984,2.4362742578887264e-07,0.6675183176994324,0.7072498202323914,-0.026744522154331207,0.6363595128059387,0.6281617283821106,-0.03671560809016228,0.6576043367385864,0.5591457486152649,-0.04399067908525467,0.6962920427322388,0.548987627029419,-0.0494842529296875,0.6345647573471069,0.5507756471633911,-0.015555301681160927,0.6251953840255737,0.4664180874824524,-0.029117820784449577,0.6231492757797241,0.4139713943004608,-0.042300861328840256,0.6230702996253967,0.36836665868759155,-0.05404121056199074,0.6648116111755371,0.5357060432434082,-0.014270233921706676,0.6511373519897461,0.44614842534065247,-0.02614491991698742,0.6450636982917786,0.3853633403778076,-0.03839145973324776,0.6398659944534302,0.33309465646743774,-0.04809139296412468,0.6947046518325806,0.5373232960700989,-0.01682949811220169,0.6818861961364746,0.45550549030303955,-0.028950516134500504,0.6738308668136597,0.39832741022109985,-0.04168476164340973,0.6659224629402161,0.3512594699859619,-0.05112335830926895,0.7282812595367432,0.5522154569625854,-0.02256554551422596,0.7164352536201477,0.48675668239593506,-0.035760413855314255,0.7066863179206848,0.44065046310424805,-0.044893406331539154,0.6982268691062927,0.401986300945282,-0.05141095817089081
B,0.7223893404006958,0.7420965433120728,2.182151774832164e-07,0.668822169303894,0.7084580659866333,-0.027928831055760384,0.6369289755821228,0.6296244859695435,-0.03762923181056976,0.6570854783058167,0.5593128800392151,-0.044588785618543625,0.6962426900863647,0.5478214025497437,-0.04953518882393837,0.634958028793335,0.5486536622047424,-0.013326882384717464,0.6247086524963379,0.46436458826065063,-0.026166807860136032,0.6220951676368713,0.4128921329975128,-0.0390826016664505,0.6216399073600769,0.3678579330444336,-0.050733670592308044,0.6653079390525818,0.5328337550163269,-0.011194962076842785,0.6509855389595032,0.44399166107177734,-0.02260195091366768,0.6443012356758118,0.38437047600746155,-0.03490066900849342,0.6384283304214478,0.33313095569610596,-0.04474536329507828,0.6952592730522156,0.5340169668197632,-0.013268105685710907,0.6815053224563599,0.45189470052719116,-0.025166621431708336,0.6727386713027954,0.39626240730285645,-0.03792157024145126,0.66398024559021,0.3506290316581726,-0.04742422699928284,0.7285178899765015,0.5486313104629517,-0.018723176792263985,0.7156195640563965,0.4828832745552063,-0.03167411684989929,0.7054916620254517,0.43762630224227905,-0.040929652750492096,0.6968939304351807,0.3999510109424591,-0.04761931672692299
B,0.7212215662002563,0.7455775141716003,1.8340885787893058e-07,0.6684163808822632,0.7109419703483582,-0.0253946203738451,0.6372898817062378,0.6295115947723389,-0.03331165015697479,0.656872034072876,0.560543417930603,-0.038792893290519714,0.6942084431648254,0.5508648753166199,-0.04230345040559769,0.6336949467658997,0.5488144755363464,-0.011409380473196507,0.6235833764076233,0.46434661746025085,-0.02287820540368557,0.6205844879150391,0.4125902056694031,-0.03450232371687889,0.6193968653678894,0.36754110455513,-0.0453878752887249,0.6636947393417358,0.5334883332252502,-0.010199671611189842,0.6492920517921448,0.4442555010318756,-0.020618151873350143,0.6426025032997131,0.3837161660194397,-0.03197972849011421,0.6365451216697693,0.33113816380500793,-0.04127573221921921,0.6937424540519714,0.5351825952529907,-0.012968110851943493,0.6797726154327393,0.4518468677997589,-0.024508019909262657,0.6711769700050354,0.395031601190567,-0.03690702095627785,0.6623011827468872,0.3470267057418823,-0.04622507467865944,0.7272505164146423,0.5500375032424927,-0.018828950822353363,0.7135839462280273,0.4831846058368683,-0.03186659514904022,0.703245997428894,0.4374542534351349,-0.04100049287080765,0.69468092918396,0.398490846157074,-0.04763946309685707
B,0.7199199199676514,0.7468938827514648,1.9005361195922887e-07,0.6660210490226746,0.7110981345176697,-0.02555636689066887,0.6366865038871765,0.6284074783325195,-0.03400781750679016,0.6564645171165466,0.5585391521453857,-0.040208958089351654,0.6924577355384827,0.5473978519439697,-0.0442863367497921,0.6330476403236389,0.5474671125411987,-0.010507841594517231,0.6227123737335205,0.4648013710975647,-0.022268498316407204,0.6197629570960999,0.4137805700302124,-0.03435852378606796,0.6184293031692505,0.3688993453979492,-0.045626576989889145,0.662675142288208,0.532203733921051,-0.009884736500680447,0.6481986045837402,0.44393765926361084,-0.020643357187509537,0.641721248626709,0.3841552138328552,-0.03225116804242134,0.6354746222496033,0.3321426510810852,-0.04170071706175804,0.6924142837524414,0.5342833399772644,-0.013416225090622902,0.6785320043563843,0.45124340057373047,-0.025311633944511414,0.6701065897941589,0.3945108652114868,-0.03759635239839554,0.6612381339073181,0.34680241346359253,-0.046850431710481644,0.7255997061729431,0.5491769313812256,-0.020152496173977852,0.7126510739326477,0.4834308624267578,-0.03321821615099907,0.7026875019073486,0.43753936886787415,-0.0421067513525486,0.6940522193908691,0.3984551429748535,-0.04863332584500313
B,0.719156801700592,0.743292510509491,1.802639388870375e-07,0.6648406982421875,0.7087682485580444,-0.026143589988350868,0.6369312405586243,0.6275904774665833,-0.03422411531209946,0.6580632925033569,0.5605641007423401,-0.04000777751207352,0.6913213133811951,0.5523704886436462,-0.04382476583123207,0.632876455783844,0.544560432434082,-0.009986203163862228,0.6222426891326904,0.4625990092754364,-0.02108551561832428,0.6187998056411743,0.4120594263076782,-0.03298192843794823,0.6167030930519104,0.36734747886657715,-0.04424749314785004,0.6631051898002625,0.529778778553009,-0.008931506425142288,0.6485174894332886,0.4424143433570862,-0.019147804006934166,0.6417051553726196,0.3837462067604065,-0.031016575172543526,0.6352685689926147,0.3318479061126709,-0.0408487431704998,0.6928930878639221,0.532381534576416,-0.012047606520354748,0.6787059307098389,0.45034247636795044,-0.023769155144691467,0.6702415943145752,0.394248366355896,-0.0366387777030468,0.6613929867744446,0.3465295433998108,-0.04644147306680679,0.7258219718933105,0.5478079319000244,-0.018409153446555138,0.7129983305931091,0.4834500551223755,-0.031189505010843277,0.7029330134391785,0.4382915496826172,-0.04016435891389847,0.6945080161094666,0.3991844654083252,-0.04698576778173447
B,0.7181403636932373,0.7381395101547241,2.2127902354895923e-07,0.6653993129730225,0.704923152923584,-0.02648719772696495,0.6340800523757935,0.6296257972717285,-0.03744473680853844,0.6523461937904358,0.5608809590339661,-0.04594149813055992,0.6891132593154907,0.5439448952674866,-0.05245086923241615,0.6314260959625244,0.5448605418205261,-0.01597525179386139,0.6209731101989746,0.4611436724662781,-0.030556868761777878,0.6181321740150452,0.4093535542488098,-0.04418022185564041,0.6172272562980652,0.3639700412750244,-0.056051794439554214,0.6614010334014893,0.5296573042869568,-0.015413830056786537,0.6460850834846497,0.4408389925956726,-0.02851547859609127,0.6391857266426086,0.3808257281780243,-0.041285205632448196,0.6329017877578735,0.32877275347709656,-0.05133764445781708,0.6915576457977295,0.5314269661903381,-0.018715687096118927,0.6772688627243042,0.44837427139282227,-0.032165415585041046,0.6682859659194946,0.3923133611679077,-0.044682469218969345,0.6591434478759766,0.34609830379486084,-0.053786493837833405,0.7250520586967468,0.5464040040969849,-0.025131413713097572,0.7120661735534668,0.4803406596183777,-0.03938916325569153,0.7015901803970337,0.43432193994522095,-0.04855730012059212,0.6922179460525513,0.3961775302886963,-0.05486602336168289
B,0.7181403636932373,0.7381395101547241,2.2127902354895923e-07,0.6653993129730225,0.704923152923584,-0.02648719772696495,0.6340800523757935,0.6296257972717285,-0.03744473680853844,0.6523461937904358,0.5608809590339661,-0.04594149813055992,0.6891132593154907,0.5439448952674866,-0.05245086923241615,0.6314260959625244,0.5448605418205261,-0.01597525179386139,0.6209731101989746,0.4611436724662781,-0.030556868761777878,0.6181321740150452,0.4093535542488098,-0.04418022185564041,0.6172272562980652,0.3639700412750244,-0.056051794439554214,0.6614010334014893,0.5296573042869568,-0.015413830056786537,0.6460850834846497,0.4408389925956726,-0.02851547859609127,0.6391857266426086,0.3808257281780243,-0.041285205632448196,0.6329017877578735,0.32877275347709656,-0.05133764445781708,0.6915576457977295,0.5314269661903381,-0.018715687096118927,0.6772688627243042,0.44837427139282227,-0.032165415585041046,0.6682859659194946,0.3923133611679077,-0.044682469218969345,0.6591434478759766,0.34609830379486084,-0.053786493837833405,0.7250520586967468,0.5464040040969849,-0.025131413713097572,0.7120661735534668,0.4803406596183777,-0.03938916325569153,0.7015901803970337,0.43432193994522095,-0.04855730012059212,0.6922179460525513,0.3961775302886963,-0.05486602336168289
B,0.7187337875366211,0.7382864356040955,1.8606985463520687e-07,0.6652926802635193,0.704281747341156,-0.02474532648921013,0.6342799663543701,0.621584951877594,-0.03259671851992607,0.6542216539382935,0.5519304871559143,-0.03814026340842247,0.6893559098243713,0.5440323352813721,-0.04186701402068138,0.6330421566963196,0.5415059328079224,-0.011817989870905876,0.6216118931770325,0.45831426978111267,-0.02306540682911873,0.6182924509048462,0.4073268175125122,-0.03472151979804039,0.6166378855705261,0.36263734102249146,-0.04580582305788994,0.6619935631752014,0.5268216729164124,-0.011237740516662598,0.6465789675712585,0.4389260709285736,-0.021771637722849846,0.6396762132644653,0.3792625367641449,-0.03341353312134743,0.6332716941833496,0.3273283839225769,-0.04288766533136368,0.690808117389679,0.5293276309967041,-0.014477238990366459,0.6761816143989563,0.4472232758998871,-0.026165058836340904,0.667859673500061,0.39128273725509644,-0.03917228803038597,0.6591989994049072,0.345105916261673,-0.048970021307468414,0.7235090732574463,0.5446417927742004,-0.020737383514642715,0.7111238837242126,0.4791686236858368,-0.03351224958896637,0.7012798190116882,0.4342666566371918,-0.04283352196216583,0.6927156448364258,0.3965824842453003,-0.04982086643576622
B,0.7173815965652466,0.7350630760192871,2.446522842092236e-07,0.6631523966789246,0.7021421194076538,-0.026968521997332573,0.6318877935409546,0.6223776340484619,-0.03722472861409187,0.65217524766922,0.5519585609436035,-0.044770047068595886,0.6914963126182556,0.5383736491203308,-0.050529271364212036,0.6305561661720276,0.5458014607429504,-0.01631147228181362,0.6201715469360352,0.460818350315094,-0.03032449260354042,0.6176982522010803,0.40731579065322876,-0.04350962117314339,0.6174173355102539,0.36089083552360535,-0.05509159341454506,0.6605915427207947,0.5301546454429626,-0.015092814341187477,0.6458357572555542,0.4406033754348755,-0.027459753677248955,0.6397470235824585,0.37900376319885254,-0.039719145745038986,0.6345665454864502,0.3259797692298889,-0.049253810197114944,0.690684974193573,0.5313320755958557,-0.017737774178385735,0.6764729619026184,0.44933584332466125,-0.030417341738939285,0.668247401714325,0.3921210765838623,-0.042847685515880585,0.6601476073265076,0.3450945317745209,-0.05178042873740196,0.7243387699127197,0.5453886389732361,-0.023539474233984947,0.7109537124633789,0.478484570980072,-0.03705064207315445,0.7009316682815552,0.43197888135910034,-0.04590526223182678,0.6922580003738403,0.3932341933250427,-0.05200488492846489
B,0.7182602286338806,0.7352017164230347,2.257704352359724e-07,0.6639288067817688,0.7003066539764404,-0.026784976944327354,0.6338861584663391,0.6179869174957275,-0.03575312718749046,0.6541237235069275,0.5502285957336426,-0.04205087944865227,0.6904969215393066,0.5452602505683899,-0.04632554575800896,0.6317580342292786,0.5399519205093384,-0.011887657456099987,0.62120121717453,0.45676344633102417,-0.02363721840083599,0.6179482340812683,0.4048985242843628,-0.035845931619405746,0.6166667342185974,0.35991984605789185,-0.04703973978757858,0.6609159708023071,0.525275468826294,-0.010195278562605381,0.6464875340461731,0.43819427490234375,-0.02070457860827446,0.6394894123077393,0.37822815775871277,-0.03230786323547363,0.6329668760299683,0.32650458812713623,-0.04150567576289177,0.689932644367218,0.5272132158279419,-0.012614297680556774,0.6759355068206787,0.4461515545845032,-0.023771610110998154,0.6672163605690002,0.3896617591381073,-0.03614623472094536,0.6584188938140869,0.3429546654224396,-0.045276567339897156,0.7225013971328735,0.541294276714325,-0.018350552767515182,0.7098942995071411,0.47619709372520447,-0.030255291610956192,0.7005769610404968,0.43077054619789124,-0.0387432724237442,0.692976176738739,0.3925114870071411,-0.04492597281932831
B,0.7181019186973572,0.7350226044654846,2.3236633239775983e-07,0.6646295785903931,0.7020946145057678,-0.030323421582579613,0.6344645023345947,0.6222342848777771,-0.041064634919166565,0.6541290283203125,0.5532665252685547,-0.04850734770298004,0.6928715705871582,0.5458875298500061,-0.053547073155641556,0.6310778856277466,0.5397185683250427,-0.014897579327225685,0.620764970779419,0.45550864934921265,-0.027866289019584656,0.6178557276725769,0.40358734130859375,-0.04076029732823372,0.6171382069587708,0.35840553045272827,-0.0524267815053463,0.6609617471694946,0.524029552936554,-0.01157767977565527,0.6458525061607361,0.43675869703292847,-0.023328842595219612,0.6389636993408203,0.37744462490081787,-0.03558126837015152,0.633199155330658,0.32528921961784363,-0.04526079073548317,0.6907872557640076,0.5253346562385559,-0.012688038870692253,0.676720380783081,0.4438149333000183,-0.025131670758128166,0.6679369211196899,0.3875882029533386,-0.03820311278104782,0.6593583822250366,0.34009402990341187,-0.047703251242637634,0.7241067886352539,0.5394200682640076,-0.017352301627397537,0.7105328440666199,0.4743369519710541,-0.030552001670002937,0.7005297541618347,0.42905911803245544,-0.04005305469036102,0.6922647953033447,0.3903294801712036,-0.046808939427137375
B,0.7170917987823486,0.7334049940109253,2.0303851044900512e-07,0.6643330454826355,0.6989232301712036,-0.02729601040482521,0.63382887840271,0.6197191476821899,-0.036988113075494766,0.6535491943359375,0.5522876381874084,-0.044067297130823135,0.692777156829834,0.5452988743782043,-0.049151018261909485,0.6315084099769592,0.540018618106842,-0.013128612190485,0.6207684874534607,0.4568024277687073,-0.025855498388409615,0.617482602596283,0.4056696593761444,-0.03864403814077377,0.6159741878509521,0.3607169985771179,-0.05032768473029137,0.6613301634788513,0.5250746011734009,-0.011469269171357155,0.6469220519065857,0.4377424418926239,-0.023063184693455696,0.6399692893028259,0.37812942266464233,-0.03564603254199028,0.6336901187896729,0.32551148533821106,-0.04576132073998451,0.69090336561203,0.5267230868339539,-0.013952827081084251,0.6771763563156128,0.4452669620513916,-0.026362396776676178,0.6683807969093323,0.3887210488319397,-0.04007639363408089,0.6595951914787292,0.3407144248485565,-0.05019380897283554,0.7238267660140991,0.5413457155227661,-0.01967424713075161,0.7104761004447937,0.4761979281902313,-0.033103376626968384,0.7006625533103943,0.4304846227169037,-0.043122291564941406,0.6925309300422668,0.39134764671325684,-0.05043007805943489
B,0.7181687951087952,0.7353630661964417,2.1227560864645056e-07,0.6648265719413757,0.7023628354072571,-0.02806350775063038,0.6342259645462036,0.621938943862915,-0.037887439131736755,0.6544036865234375,0.5529093146324158,-0.04478805884718895,0.6933755874633789,0.5421435832977295,-0.049620166420936584,0.6312777996063232,0.5415510535240173,-0.014827752485871315,0.6209893226623535,0.4587880074977875,-0.0276124719530344,0.618084728717804,0.40759819746017456,-0.0403532013297081,0.6169766783714294,0.362423837184906,-0.05200774595141411,0.661253035068512,0.526624858379364,-0.01288893073797226,0.6469385623931885,0.4396918714046478,-0.024383636191487312,0.640373706817627,0.38066792488098145,-0.036636773496866226,0.6343754529953003,0.3286009430885315,-0.046521369367837906,0.6908437013626099,0.5284062027931213,-0.015073731541633606,0.6771860718727112,0.4477304220199585,-0.027294399216771126,0.6684345602989197,0.3916320204734802,-0.04036369174718857,0.6597655415534973,0.34421464800834656,-0.050130974501371384,0.7236512303352356,0.542881429195404,-0.02058691345155239,0.7105227112770081,0.47849440574645996,-0.033763740211725235,0.7008958458900452,0.4335671365261078,-0.043192654848098755,0.693084180355072,0.3954063355922699,-0.05010662227869034
B,0.7182812690734863,0.7360737919807434,1.9360061287443386e-07,0.6660351753234863,0.7003347277641296,-0.027679074555635452,0.6371971964836121,0.6212282180786133,-0.0367128886282444,0.6575970649719238,0.554805338382721,-0.043084315955638885,0.694018542766571,0.5458889603614807,-0.047347936779260635,0.6330989599227905,0.5412182211875916,-0.011619165539741516,0.6219428181648254,0.458432137966156,-0.02343386970460415,0.6185335516929626,0.4078418016433716,-0.03579425439238548,0.6164385676383972,0.36287203431129456,-0.047143008559942245,0.6627986431121826,0.5267127156257629,-0.009433403611183167,0.6484085321426392,0.43967509269714355,-0.019905736669898033,0.6418395638465881,0.3808068037033081,-0.03221116214990616,0.6356414556503296,0.32860368490219116,-0.04227015748620033,0.6921568512916565,0.5283520221710205,-0.011461985297501087,0.6781068444252014,0.44756048917770386,-0.022826649248600006,0.669937014579773,0.39196643233299255,-0.035978928208351135,0.661591649055481,0.3450024425983429,-0.04587198793888092,0.7246131896972656,0.5423405766487122,-0.016852088272571564,0.7115840911865234,0.47744300961494446,-0.02892555482685566,0.7022663950920105,0.43251168727874756,-0.03791072964668274,0.6946877837181091,0.39432650804519653,-0.04468192532658577
B,0.720942497253418,0.7363300323486328,2.456329184497008e-07,0.6677823662757874,0.701335608959198,-0.026074102148413658,0.6373491883277893,0.6234912276268005,-0.035941727459430695,0.6563006639480591,0.5569087266921997,-0.043423425406217575,0.6912524104118347,0.5413272976875305,-0.04910179600119591,0.63381028175354,0.5444097518920898,-0.01464054360985756,0.6235982775688171,0.45935773849487305,-0.028915472328662872,0.6212100982666016,0.40630340576171875,-0.042435966432094574,0.6206759810447693,0.3601963520050049,-0.054108280688524246,0.6637169122695923,0.529310405254364,-0.013818892650306225,0.6496955156326294,0.43950194120407104,-0.026381267234683037,0.6435387134552002,0.37891456484794617,-0.03927860036492348,0.6378933787345886,0.3262838125228882,-0.04928820952773094,0.6937201619148254,0.5308554768562317,-0.01685907691717148,0.6804665923118591,0.44787704944610596,-0.029263176023960114,0.6725602746009827,0.39125770330429077,-0.04200408607721329,0.6641402244567871,0.34434837102890015,-0.05138077959418297,0.7270640730857849,0.5454450845718384,-0.023008011281490326,0.7149670720100403,0.4799242615699768,-0.036058809608221054,0.7048197984695435,0.4338563084602356,-0.04490046948194504,0.6954963803291321,0.39489123225212097,-0.051164187490940094
B,0.722125232219696,0.7334520816802979,2.4862683289939014e-07,0.6675688028335571,0.7015830278396606,-0.026613136753439903,0.6373597383499146,0.6261035203933716,-0.03708178550004959,0.6548499464988708,0.5614165663719177,-0.04491987079381943,0.6876172423362732,0.5418232679367065,-0.050914667546749115,0.6351720094680786,0.5461440682411194,-0.016927413642406464,0.6244149804115295,0.4610942006111145,-0.03244171664118767,0.6217638254165649,0.40729713439941406,-0.04621207341551781,0.6209407448768616,0.3611600697040558,-0.057455528527498245,0.6657794117927551,0.5315895676612854,-0.015908144414424896,0.6512896418571472,0.44201380014419556,-0.02936490997672081,0.6443650126457214,0.38022083044052124,-0.042168159037828445,0.6384268999099731,0.32713228464126587,-0.051763106137514114,0.6959502696990967,0.5327537059783936,-0.018710464239120483,0.6819581389427185,0.4500390887260437,-0.03200918808579445,0.6728055477142334,0.39210304617881775,-0.04442876577377319,0.6635913252830505,0.34413468837738037,-0.05314191058278084,0.7289467453956604,0.5460134744644165,-0.02457074075937271,0.716335117816925,0.48027700185775757,-0.0382242351770401,0.70579594373703,0.4337511658668518,-0.04666703939437866,0.6963207721710205,0.39426368474960327,-0.05220223590731621
B,0.7217076420783997,0.7346859574317932,2.438462161080679e-07,0.6667624115943909,0.7034615278244019,-0.030437467619776726,0.6367013454437256,0.6291155815124512,-0.04242875799536705,0.6549566388130188,0.5603788495063782,-0.05115572735667229,0.6887279748916626,0.5416616201400757,-0.057801954448223114,0.6345403790473938,0.5471740365028381,-0.01978268288075924,0.6240414381027222,0.46174079179763794,-0.036153655499219894,0.6218951940536499,0.4084291458129883,-0.050638243556022644,0.6219325661659241,0.36203333735466003,-0.06273295730352402,0.6652054786682129,0.5322896242141724,-0.017248868942260742,0.6501891613006592,0.4428759813308716,-0.03212654963135719,0.6435298323631287,0.38165518641471863,-0.04584154859185219,0.6383959650993347,0.32823020219802856,-0.05622762814164162,0.6954027414321899,0.5337106585502625,-0.018910659477114677,0.6815961599349976,0.4511353373527527,-0.03411104157567024,0.6729412078857422,0.393637478351593,-0.04786979407072067,0.6644873023033142,0.34573742747306824,-0.057455580681562424,0.7291461825370789,0.5478547215461731,-0.02392316795885563,0.7165914177894592,0.48256805539131165,-0.03954891115427017,0.7060507535934448,0.4363793730735779,-0.049759481102228165,0.6965556740760803,0.397200345993042,-0.05660569295287132
B,0.7217076420783997,0.7346859574317932,2.438462161080679e-07,0.6667624115943909,0.7034615278244019,-0.030437467619776726,0.6367013454437256,0.6291155815124512,-0.04242875799536705,0.6549566388130188,0.5603788495063782,-0.05115572735667229,0.6887279748916626,0.5416616201400757,-0.057801954448223114,0.6345403790473938,0.5471740365028381,-0.01978268288075924,0.6240414381027222,0.46174079179763794,-0.036153655499219894,0.6218951940536499,0.4084291458129883,-0.050638243556022644,0.6219325661659241,0.36203333735466003,-0.06273295730352402,0.6652054786682129,0.5322896242141724,-0.017248868942260742,0.6501891613006592,0.4428759813308716,-0.03212654963135719,0.6435298323631287,0.38165518641471863,-0.04584154859185219,0.6383959650993347,0.32823020219802856,-0.05622762814164162,0.6954027414321899,0.5337106585502625,-0.018910659477114677,0.6815961599349976,0.4511353373527527,-0.03411104157567024,0.6729412078857422,0.393637478351593,-0.04786979407072067,0.6644873023033142,0.34573742747306824,-0.057455580681562424,0.7291461825370789,0.5478547215461731,-0.02392316795885563,0.7165914177894592,0.48256805539131165,-0.03954891115427017,0.7060507535934448,0.4363793730735779,-0.049759481102228165,0.6965556740760803,0.397200345993042,-0.05660569295287132
B,0.7213442325592041,0.7364035248756409,2.200205670987998e-07,0.6675457954406738,0.7030402421951294,-0.029148859903216362,0.6360715627670288,0.6266041994094849,-0.04073942452669144,0.6526028513908386,0.5559518337249756,-0.04921017959713936,0.6900582909584045,0.5376296043395996,-0.05531502515077591,0.6356461048126221,0.544200599193573,-0.016806477680802345,0.6248592138290405,0.45855027437210083,-0.03169989958405495,0.6217323541641235,0.4067499339580536,-0.04516811668872833,0.6210474967956543,0.36131393909454346,-0.0566023513674736,0.6653569340705872,0.5299558639526367,-0.014496523886919022,0.6499927043914795,0.4395086467266083,-0.027847452089190483,0.6427226066589355,0.37858888506889343,-0.040473781526088715,0.6372336149215698,0.32527613639831543,-0.050138745456933975,0.6950635313987732,0.5317074060440063,-0.016368335112929344,0.6811822652816772,0.4474392831325531,-0.030419476330280304,0.6716881990432739,0.39026814699172974,-0.04325047880411148,0.6626618504524231,0.3416244387626648,-0.052194297313690186,0.7284079790115356,0.5459939241409302,-0.021514475345611572,0.715243399143219,0.4793492257595062,-0.036120302975177765,0.7048144936561584,0.4331585764884949,-0.04551784321665764,0.6957813501358032,0.3937663435935974,-0.051697857677936554
B,0.7206255793571472,0.7361385822296143,2.3287235251245875e-07,0.6660211682319641,0.7023485898971558,-0.029266612604260445,0.6356993317604065,0.6242170333862305,-0.04055672883987427,0.6552455425262451,0.5547078847885132,-0.04859542101621628,0.6935862302780151,0.5404928922653198,-0.05457311496138573,0.6351560354232788,0.5474280714988708,-0.018790461122989655,0.6241171956062317,0.46078237891197205,-0.03377797454595566,0.6209521889686584,0.40751755237579346,-0.0470736138522625,0.6204349994659424,0.36118030548095703,-0.0583454892039299,0.6652955412864685,0.5329837203025818,-0.01624620519578457,0.6500145196914673,0.44209420680999756,-0.02966463379561901,0.6422550082206726,0.3793611526489258,-0.042208485305309296,0.636497974395752,0.3243141174316406,-0.051781073212623596,0.6952358484268188,0.5341782569885254,-0.01769958809018135,0.6815126538276672,0.45013752579689026,-0.03144604340195656,0.6718630790710449,0.3915877342224121,-0.04454628378152847,0.6626914739608765,0.34191763401031494,-0.05371799319982529,0.7285743951797485,0.5478947162628174,-0.02242087759077549,0.7154740691184998,0.4811042249202728,-0.036871377378702164,0.7053329944610596,0.43379294872283936,-0.04651040583848953,0.6967688798904419,0.393372505903244,-0.0529208742082119
B,0.7180664539337158,0.7367382049560547,2.1162723840006947e-07,0.6644352674484253,0.7022335529327393,-0.027886267751455307,0.6366461515426636,0.6245975494384766,-0.03782440721988678,0.6561620235443115,0.5579394698143005,-0.04471343383193016,0.6914891004562378,0.5446988940238953,-0.049549002200365067,0.6330119967460632,0.5469631552696228,-0.01608947478234768,0.6229325532913208,0.46167662739753723,-0.029608650133013725,0.6204201579093933,0.40984416007995605,-0.04194159060716629,0.6201421618461609,0.36441364884376526,-0.052682388573884964,0.6631481647491455,0.5331257581710815,-0.013967573642730713,0.6494645476341248,0.4429401159286499,-0.025947686284780502,0.6433635950088501,0.38308340311050415,-0.037722665816545486,0.6389569640159607,0.3302949070930481,-0.046991925686597824,0.693198561668396,0.5352845788002014,-0.015859762206673622,0.6807262897491455,0.45106786489486694,-0.028925159946084023,0.6720831394195557,0.39377468824386597,-0.04182117059826851,0.6635940074920654,0.3446243107318878,-0.05105443671345711,0.7267570495605469,0.5496388077735901,-0.020872008055448532,0.7139918208122253,0.48274046182632446,-0.034760117530822754,0.7042548060417175,0.4368498921394348,-0.04412142187356949,0.6959460973739624,0.3969338834285736,-0.05057115480303764
B,0.7193350791931152,0.7365400791168213,2.460357961808768e-07,0.6666018962860107,0.7003659009933472,-0.025432920083403587,0.6359272003173828,0.6249216794967651,-0.03589441999793053,0.6550671458244324,0.5582892894744873,-0.04390612244606018,0.6922528743743896,0.542949378490448,-0.05013245344161987,0.6331533193588257,0.5461992621421814,-0.015976227819919586,0.6242550015449524,0.46156740188598633,-0.030416257679462433,0.6222992539405823,0.4090224802494049,-0.043757934123277664,0.6219937801361084,0.36332499980926514,-0.05521298572421074,0.6635806560516357,0.5322010517120361,-0.01557762362062931,0.6500535011291504,0.44266122579574585,-0.02838171273469925,0.643944501876831,0.38184046745300293,-0.041199348866939545,0.6382866501808167,0.3291965126991272,-0.05109290033578873,0.6938106417655945,0.5344129204750061,-0.01879664696753025,0.6806517243385315,0.4523385167121887,-0.031792037189006805,0.6726660132408142,0.3954341411590576,-0.044702012091875076,0.6642906069755554,0.3484366834163666,-0.053913552314043045,0.7271023988723755,0.5495314598083496,-0.0249309241771698,0.7148036956787109,0.48356977105140686,-0.03886954113841057,0.7044576406478882,0.43707239627838135,-0.048051510006189346,0.6948966979980469,0.39824503660202026,-0.05420836806297302
B,0.718774139881134,0.7317397594451904,2.0241169806922699e-07,0.6654518246650696,0.6992993950843811,-0.027966493740677834,0.6368971467018127,0.6248815059661865,-0.03861002251505852,0.6554062366485596,0.5570725202560425,-0.04637037217617035,0.6881870627403259,0.5398126244544983,-0.052244145423173904,0.6338054537773132,0.5435605645179749,-0.01697380468249321,0.6237725615501404,0.4577358067035675,-0.031565308570861816,0.6202631592750549,0.4051840901374817,-0.04449085891246796,0.6185033917427063,0.35964155197143555,-0.05552640184760094,0.6641180515289307,0.5298060178756714,-0.015061847865581512,0.649946928024292,0.4397431015968323,-0.02880510315299034,0.6426227688789368,0.37939417362213135,-0.04176284745335579,0.6366308331489563,0.32620710134506226,-0.051587484776973724,0.6942007541656494,0.5318140387535095,-0.017109619453549385,0.6816084980964661,0.44728147983551025,-0.03164296597242355,0.672365665435791,0.39020848274230957,-0.04572657123208046,0.6629971265792847,0.3411042094230652,-0.055489975959062576,0.7278713583946228,0.5462618470191956,-0.022153768688440323,0.7149876356124878,0.47945326566696167,-0.037373218685388565,0.7044426202774048,0.43289124965667725,-0.04789998382329941,0.6948961615562439,0.39265525341033936,-0.05492902919650078
B,0.7180656790733337,0.7316694855690002,2.7172234240424586e-07,0.6642284393310547,0.7008980512619019,-0.02812337875366211,0.6337354779243469,0.6216492652893066,-0.03862227872014046,0.6556509733200073,0.552900493144989,-0.04628385975956917,0.6951233148574829,0.5419376492500305,-0.05204185098409653,0.6322872042655945,0.5410894751548767,-0.01521890889853239,0.6234200596809387,0.4561392068862915,-0.02872203290462494,0.6215519905090332,0.40327441692352295,-0.04182446748018265,0.6216058731079102,0.35780298709869385,-0.05331440269947052,0.6629869341850281,0.5267906785011292,-0.013145266100764275,0.649773359298706,0.43743008375167847,-0.025293001905083656,0.6440989375114441,0.37626099586486816,-0.03794638812541962,0.639227569103241,0.32341617345809937,-0.047634150832891464,0.6932801604270935,0.529108464717865,-0.015131748281419277,0.6805427074432373,0.4476587772369385,-0.0275697261095047,0.6724606156349182,0.3911076784133911,-0.040795374661684036,0.6644856333732605,0.3443829417228699,-0.05017237737774849,0.7269411087036133,0.544122576713562,-0.020379282534122467,0.7147400379180908,0.4780835509300232,-0.03369389474391937,0.7045783400535583,0.43151426315307617,-0.04316339269280434,0.6957518458366394,0.3917210102081299,-0.049641385674476624
B,0.7186031341552734,0.7389838695526123,2.405833186003292e-07,0.6642433404922485,0.7054978609085083,-0.023703541606664658,0.6337451934814453,0.6273537874221802,-0.03299880400300026,0.6525455713272095,0.5586564540863037,-0.040251001715660095,0.6892415881156921,0.5418473482131958,-0.04572400078177452,0.6316540837287903,0.5477012991905212,-0.013028026558458805,0.6225467324256897,0.4624367952346802,-0.02672705613076687,0.6204415559768677,0.4088442921638489,-0.039585039019584656,0.6202993392944336,0.362862229347229,-0.05066239461302757,0.6616342067718506,0.5333697199821472,-0.013365584425628185,0.6480564475059509,0.4429870545864105,-0.025577563792467117,0.6422705054283142,0.38145050406455994,-0.037873558700084686,0.637241005897522,0.3288816809654236,-0.04717450961470604,0.6920567750930786,0.5354719758033752,-0.01728956028819084,0.6788426637649536,0.4518742263317108,-0.029760973528027534,0.6706359386444092,0.39413923025131226,-0.04206497594714165,0.6623433828353882,0.3464893698692322,-0.05075550451874733,0.7261269092559814,0.5506868958473206,-0.024015838280320168,0.7139587998390198,0.4835301339626312,-0.03739403933286667,0.7036921977996826,0.4361686706542969,-0.04590032994747162,0.6943517923355103,0.3960954546928406,-0.051489878445863724
B,0.7193524837493896,0.7404825687408447,2.3694715878264105e-07,0.6646640300750732,0.707531213760376,-0.025784004479646683,0.6342964172363281,0.6256659030914307,-0.03390521928668022,0.6564027667045593,0.5582389235496521,-0.03958103060722351,0.691994845867157,0.5478571653366089,-0.04359987750649452,0.6332840919494629,0.5522052645683289,-0.012472651898860931,0.6232317686080933,0.4682793915271759,-0.02514900639653206,0.6207990050315857,0.4156261086463928,-0.03814196586608887,0.6198392510414124,0.36958011984825134,-0.049798645079135895,0.66368168592453,0.5366201996803284,-0.011359012685716152,0.6502420902252197,0.44822636246681213,-0.022784925997257233,0.6436454057693481,0.3865182399749756,-0.03558073937892914,0.6374359726905823,0.3324768543243408,-0.045577820390462875,0.6934320330619812,0.538054347038269,-0.014172997325658798,0.6806312799453735,0.4567682147026062,-0.026220355182886124,0.6723531484603882,0.3995957374572754,-0.039875682443380356,0.6635355949401855,0.35208994150161743,-0.04977355897426605,0.7266221642494202,0.5522735118865967,-0.020078368484973907,0.7150035500526428,0.48673444986343384,-0.033228397369384766,0.704899787902832,0.44051703810691833,-0.04280863702297211,0.6957746744155884,0.4012663960456848,-0.049644578248262405
B,0.7194657921791077,0.7401490211486816,1.897477659440483e-07,0.6670159101486206,0.7016612887382507,-0.027634520083665848,0.6378057599067688,0.624495267868042,-0.037727899849414825,0.657373309135437,0.5586115121841431,-0.045270372182130814,0.693844199180603,0.549503743648529,-0.05059729889035225,0.6336958408355713,0.5430155992507935,-0.012406526133418083,0.6232582330703735,0.4582977890968323,-0.02551140822470188,0.6205855011940002,0.40735340118408203,-0.03862108662724495,0.6200237274169922,0.36199498176574707,-0.050372667610645294,0.6643142700195312,0.5288607478141785,-0.010639611631631851,0.6497384905815125,0.43925124406814575,-0.022582225501537323,0.6429425477981567,0.3790839612483978,-0.035576656460762024,0.636875331401825,0.3254154324531555,-0.046021513640880585,0.6943062543869019,0.5308133363723755,-0.013073306530714035,0.680973470211029,0.44778549671173096,-0.02594893053174019,0.6718540191650391,0.39178383350372314,-0.039780255407094955,0.6623483300209045,0.34398558735847473,-0.04984426125884056,0.7273980379104614,0.5459281206130981,-0.01876000501215458,0.714623749256134,0.47966688871383667,-0.03229985386133194,0.7047259211540222,0.4341996908187866,-0.04212450981140137,0.695964515209198,0.3955698013305664,-0.04919510334730148
B,0.7201576232910156,0.737708568572998,2.2742212024695618e-07,0.6660621762275696,0.7038867473602295,-0.028901342302560806,0.6363822221755981,0.625481128692627,-0.03981386125087738,0.6572341918945312,0.5581786036491394,-0.04773135110735893,0.6942048072814941,0.5497831702232361,-0.05365338549017906,0.6335914134979248,0.547040581703186,-0.016533879563212395,0.6239192485809326,0.4627487063407898,-0.030745461583137512,0.6210402846336365,0.41090109944343567,-0.04432646930217743,0.6201000213623047,0.36571481823921204,-0.05616960674524307,0.6639962792396545,0.5314875841140747,-0.014153926633298397,0.6495949625968933,0.4426223039627075,-0.026867227628827095,0.6425432562828064,0.3821313977241516,-0.039657071232795715,0.6365404725074768,0.3291316628456116,-0.0495879128575325,0.6938900351524353,0.5323778986930847,-0.015847671777009964,0.6803767085075378,0.45005905628204346,-0.028655195608735085,0.6713787317276001,0.3936852812767029,-0.04190468043088913,0.6622702479362488,0.3464009165763855,-0.05149339139461517,0.7273619174957275,0.5461762547492981,-0.02089659310877323,0.7144966721534729,0.4810788929462433,-0.03408503532409668,0.7043615579605103,0.43542200326919556,-0.043402787297964096,0.6957238912582397,0.39669620990753174,-0.04997541010379791
B,0.7201576232910156,0.737708568572998,2.2742212024695618e-07,0.6660621762275696,0.7038867473602295,-0.028901342302560806,0.6363822221755981,0.625481128692627,-0.03981386125087738,0.6572341918945312,0.5581786036491394,-0.04773135110735893,0.6942048072814941,0.5497831702232361,-0.05365338549017906,0.6335914134979248,0.547040581703186,-0.016533879563212395,0.6239192485809326,0.4627487063407898,-0.030745461583137512,0.6210402846336365,0.41090109944343567,-0.04432646930217743,0.6201000213623047,0.36571481823921204,-0.05616960674524307,0.6639962792396545,0.5314875841140747,-0.014153926633298397,0.6495949625968933,0.4426223039627075,-0.026867227628827095,0.6425432562828064,0.3821313977241516,-0.039657071232795715,0.6365404725074768,0.3291316628456116,-0.0495879128575325,0.6938900351524353,0.5323778986930847,-0.015847671777009964,0.6803767085075378,0.45005905628204346,-0.028655195608735085,0.6713787317276001,0.3936852812767029,-0.04190468043088913,0.6622702479362488,0.3464009165763855,-0.05149339139461517,0.7273619174957275,0.5461762547492981,-0.02089659310877323,0.7144966721534729,0.4810788929462433,-0.03408503532409668,0.7043615579605103,0.43542200326919556,-0.043402787297964096,0.6957238912582397,0.39669620990753174,-0.04997541010379791
B,0.7217793464660645,0.7372151017189026,2.3048767161526484e-07,0.6679658889770508,0.704379677772522,-0.02706877700984478,0.636220395565033,0.6263514757156372,-0.03752686828374863,0.6557884216308594,0.5591051578521729,-0.04512545093894005,0.6947805285453796,0.5495102405548096,-0.05093829706311226,0.6352722644805908,0.5497415661811829,-0.017658840864896774,0.6254309415817261,0.46469515562057495,-0.032035984098911285,0.6227227449417114,0.411998450756073,-0.045211080461740494,0.6221756339073181,0.36674442887306213,-0.0566483698785305,0.6658063530921936,0.5344396829605103,-0.016183560714125633,0.6514131426811218,0.4450681805610657,-0.029105957597494125,0.6443631649017334,0.38394618034362793,-0.041672058403491974,0.638507604598999,0.3313678503036499,-0.05128294602036476,0.6957800388336182,0.5355337858200073,-0.0184129998087883,0.6815230846405029,0.45262622833251953,-0.031677328050136566,0.6722355484962463,0.3956282138824463,-0.045068684965372086,0.6630733013153076,0.3483671545982361,-0.05449530854821205,0.7286942005157471,0.5498864054679871,-0.02366059459745884,0.7151246666908264,0.48310965299606323,-0.03784919157624245,0.7045005559921265,0.43623876571655273,-0.04763199761509895,0.6952716112136841,0.3971029222011566,-0.05425227805972099
B,0.7225797772407532,0.7374554872512817,2.483449463852594e-07,0.6685636639595032,0.7011982202529907,-0.030085377395153046,0.6374294757843018,0.6202262043952942,-0.04054051637649536,0.6589165925979614,0.5524270534515381,-0.047756146639585495,0.6964060664176941,0.5457324385643005,-0.05273667350411415,0.6345270276069641,0.5462530255317688,-0.014888455159962177,0.6241117715835571,0.4605196714401245,-0.02808300592005253,0.6217541098594666,0.40775829553604126,-0.041289545595645905,0.6210712194442749,0.3617090582847595,-0.053100764751434326,0.6645482182502747,0.5312145948410034,-0.011734035797417164,0.6504986882209778,0.44313257932662964,-0.023586181923747063,0.64472895860672,0.38224244117736816,-0.03630493953824043,0.6396074891090393,0.3293207287788391,-0.04631628468632698,0.6942204833030701,0.5325918197631836,-0.013003342784941196,0.6802324056625366,0.4523085057735443,-0.02532324008643627,0.6723173260688782,0.39508670568466187,-0.03885183855891228,0.6645307540893555,0.3479486107826233,-0.048622507601976395,0.7272389531135559,0.5460233688354492,-0.017886707559227943,0.714350163936615,0.4803898334503174,-0.03097919374704361,0.7047774791717529,0.4331420958042145,-0.04088170453906059,0.696895182132721,0.3937167227268219,-0.04802161827683449
B,0.7212393879890442,0.7387848496437073,2.1906393499193655e-07,0.6683009266853333,0.7021048665046692,-0.027895454317331314,0.6387633681297302,0.6221739053726196,-0.03742721676826477,0.658108115196228,0.5536244511604309,-0.04418201372027397,0.6943344473838806,0.54352867603302,-0.04866800829768181,0.6342953443527222,0.5410359501838684,-0.011312121525406837,0.6244348287582397,0.4569404125213623,-0.023358037695288658,0.6217029690742493,0.4055026173591614,-0.03569301590323448,0.6207716464996338,0.36048978567123413,-0.04698224738240242,0.6642743945121765,0.5280355215072632,-0.009274570271372795,0.6498886942863464,0.44009721279144287,-0.020655494183301926,0.6438369154930115,0.37997716665267944,-0.033508557826280594,0.6384055018424988,0.32699519395828247,-0.043690312653779984,0.6942105889320374,0.5315258502960205,-0.011539044789969921,0.6795336604118347,0.4501229226589203,-0.024387720972299576,0.6718869209289551,0.39324289560317993,-0.03841292858123779,0.6641269326210022,0.34563881158828735,-0.04853324219584465,0.7275819778442383,0.5469275116920471,-0.017048699781298637,0.7139149308204651,0.4819229245185852,-0.030769722536206245,0.7043921947479248,0.4354390501976013,-0.04089592769742012,0.6965378522872925,0.3956320881843567,-0.04817010462284088
B,0.7225385308265686,0.7405366897583008,2.1413620743260253e-07,0.6679625511169434,0.7050396800041199,-0.030978068709373474,0.6387031674385071,0.6226527690887451,-0.040595460683107376,0.6591466069221497,0.5539858341217041,-0.04657093062996864,0.6951809525489807,0.5492762327194214,-0.05016002804040909,0.6355618834495544,0.5451653599739075,-0.014254109002649784,0.6245369911193848,0.4604094624519348,-0.02619420364499092,0.6216819286346436,0.40823426842689514,-0.03842984139919281,0.6211933493614197,0.36249488592147827,-0.049614064395427704,0.6654792428016663,0.5295676589012146,-0.009962853044271469,0.6507099866867065,0.4419151544570923,-0.020602133125066757,0.6439034938812256,0.3815338611602783,-0.03230619058012962,0.6386409401893616,0.32808464765548706,-0.04172974452376366,0.6948742270469666,0.530439019203186,-0.010205396451056004,0.6805999875068665,0.4495258927345276,-0.02200177311897278,0.6716671586036682,0.3924064636230469,-0.03521890565752983,0.6631360054016113,0.3433516025543213,-0.044890694320201874,0.7275133728981018,0.5436317324638367,-0.014087271876633167,0.7137064933776855,0.47832831740379333,-0.026748448610305786,0.7042791247367859,0.4326981008052826,-0.03627311438322067,0.6970205307006836,0.39312148094177246,-0.04317811131477356
B,0.7207196354866028,0.7420080304145813,2.019882430204234e-07,0.6680116057395935,0.7057172060012817,-0.026317760348320007,0.6382209062576294,0.6241101026535034,-0.03455851972103119,0.6565802097320557,0.5549584627151489,-0.040265753865242004,0.6914262771606445,0.5448830723762512,-0.043815746903419495,0.6347826719284058,0.5466030836105347,-0.010816036723554134,0.6242972612380981,0.46159350872039795,-0.022502223029732704,0.6214179396629333,0.409418523311615,-0.03426926210522652,0.6200801730155945,0.3638722896575928,-0.04507734254002571,0.6639865040779114,0.5317449569702148,-0.009286965243518353,0.6497058272361755,0.44280028343200684,-0.020195506513118744,0.6433201432228088,0.3820961117744446,-0.03203347325325012,0.6374232769012451,0.3292233347892761,-0.04137361794710159,0.693303108215332,0.5334823727607727,-0.01191867794841528,0.6791177988052368,0.4508305788040161,-0.02376091293990612,0.6712169647216797,0.3938629925251007,-0.03668687120079994,0.66312175989151,0.34631603956222534,-0.046094879508018494,0.7262415289878845,0.5476468205451965,-0.017766762524843216,0.7130280137062073,0.4819056987762451,-0.030518541112542152,0.70339035987854,0.4350830614566803,-0.03986416012048721,0.6953685879707336,0.39518454670906067,-0.04659973829984665
B,0.718222975730896,0.737830400466919,1.976370356260304e-07,0.6646665930747986,0.7024049758911133,-0.02845439873635769,0.6364779472351074,0.6239635348320007,-0.03839350491762161,0.6546195149421692,0.5547332763671875,-0.045323289930820465,0.6898856163024902,0.5442551374435425,-0.04991495981812477,0.6334407925605774,0.5427953600883484,-0.013924861326813698,0.6231399774551392,0.457367479801178,-0.02673744224011898,0.6203345656394958,0.40624091029167175,-0.03886566311120987,0.6197748780250549,0.3616064786911011,-0.04960239306092262,0.6631856560707092,0.5282936692237854,-0.011263729073107243,0.6484882235527039,0.4395143389701843,-0.022844864055514336,0.6417017579078674,0.3800457715988159,-0.03444025292992592,0.6369774341583252,0.32770347595214844,-0.043516021221876144,0.6931923031806946,0.5302397012710571,-0.01287075225263834,0.6795121431350708,0.4467935264110565,-0.02534530684351921,0.6711012125015259,0.39100176095962524,-0.037901170551776886,0.663330078125,0.3431655168533325,-0.04687345400452614,0.7273151874542236,0.5449944138526917,-0.01777147687971592,0.7138016223907471,0.4780118465423584,-0.030666794627904892,0.7039808630943298,0.43299296498298645,-0.03956829011440277,0.6958135962486267,0.3940002918243408,-0.04577864706516266
B,0.7201083302497864,0.7416011691093445,1.6997103102767142e-07,0.6686295866966248,0.7061851024627686,-0.030225975438952446,0.6390631794929504,0.6301814913749695,-0.04099277779459953,0.6531118750572205,0.5613476037979126,-0.04872201383113861,0.6834595799446106,0.5433775186538696,-0.0539858378469944,0.6347936391830444,0.5419918894767761,-0.014313689433038235,0.6223451495170593,0.45782172679901123,-0.028530331328511238,0.6197038292884827,0.4054591655731201,-0.04228381812572479,0.6191891431808472,0.3587181568145752,-0.0542621910572052,0.6642041206359863,0.5280284285545349,-0.011631384491920471,0.6483694911003113,0.4399511516094208,-0.024412376806139946,0.6422462463378906,0.3796539902687073,-0.037684984505176544,0.6374081373214722,0.3258316218852997,-0.04830184206366539,0.6936746835708618,0.5305212736129761,-0.013465126045048237,0.6787951588630676,0.44783884286880493,-0.027390925213694572,0.670819103717804,0.3904052972793579,-0.040908221155405045,0.6631851196289062,0.34096160531044006,-0.05068131536245346,0.7264418601989746,0.545792818069458,-0.018801579251885414,0.7131333351135254,0.4783802032470703,-0.03307323902845383,0.704149067401886,0.43202173709869385,-0.042652398347854614,0.6965604424476624,0.3920355439186096,-0.04951939359307289
B,0.7175507545471191,0.733518660068512,2.3362798629023018e-07,0.6638108491897583,0.6986792087554932,-0.02745991013944149,0.6347658634185791,0.6182913780212402,-0.03712461516261101,0.6576681137084961,0.5511859655380249,-0.04404154792428017,0.6955423355102539,0.5427322387695312,-0.04888065531849861,0.6312054395675659,0.537567138671875,-0.01261658314615488,0.6213557720184326,0.4547998905181885,-0.025090936571359634,0.6189964413642883,0.40402764081954956,-0.03788882866501808,0.6185840964317322,0.3595502972602844,-0.04952885955572128,0.6616894006729126,0.5235115885734558,-0.01087347511202097,0.6471447944641113,0.4365668296813965,-0.022196508944034576,0.6408926248550415,0.37748047709465027,-0.03465580567717552,0.6353684663772583,0.3258536458015442,-0.044539425522089005,0.6920472979545593,0.5264652371406555,-0.013332978822290897,0.6777998805046082,0.4466305673122406,-0.025453712791204453,0.6698509454727173,0.39047738909721375,-0.03872155770659447,0.6619746088981628,0.3438846468925476,-0.04843542352318764,0.7260237336158752,0.5422935485839844,-0.01908149942755699,0.7131977081298828,0.4779331684112549,-0.03207278624176979,0.7031602263450623,0.4318421483039856,-0.041400060057640076,0.6947761178016663,0.3924938440322876,-0.048132095485925674
B,0.7176969051361084,0.735448956489563,2.365370193047056e-07,0.6637676954269409,0.6992796063423157,-0.026280228048563004,0.6341875195503235,0.6178139448165894,-0.035214848816394806,0.6561377644538879,0.5509580969810486,-0.041797131299972534,0.6938936114311218,0.5416200160980225,-0.046441543847322464,0.6322374939918518,0.5405565500259399,-0.010547406040132046,0.6217664480209351,0.45809370279312134,-0.02295827306807041,0.6193707585334778,0.4069221019744873,-0.03602002188563347,0.6189888119697571,0.3614213466644287,-0.047867707908153534,0.6622039079666138,0.5264890789985657,-0.00949225015938282,0.6479190587997437,0.44016706943511963,-0.020580478012561798,0.6419351100921631,0.3807109296321869,-0.03333192318677902,0.6370076537132263,0.3274150490760803,-0.043467748910188675,0.6920820474624634,0.529251754283905,-0.012628339231014252,0.6780408024787903,0.4496924877166748,-0.02448737993836403,0.6700811982154846,0.39324450492858887,-0.03765427693724632,0.6623756885528564,0.34548747539520264,-0.04733303561806679,0.7259224653244019,0.5444396138191223,-0.01901453733444214,0.7129383087158203,0.4796473979949951,-0.03170120716094971,0.7029963731765747,0.4330486059188843,-0.040707461535930634,0.6949068903923035,0.3926171362400055,-0.04726079851388931
B,0.719664454460144,0.733704686164856,2.3838825313760026e-07,0.6662020683288574,0.70319664478302,-0.028128085657954216,0.6350865364074707,0.6230319142341614,-0.037507619708776474,0.6551533341407776,0.5542513132095337,-0.04394129291176796,0.6927263736724854,0.5439135432243347,-0.04834193363785744,0.6317678689956665,0.5409849882125854,-0.013280129991471767,0.6221741437911987,0.45738112926483154,-0.025725610554218292,0.619973361492157,0.4057597815990448,-0.0382925346493721,0.6198742985725403,0.3607959747314453,-0.04969307780265808,0.6623053550720215,0.5265238881111145,-0.010978499427437782,0.6478827595710754,0.43910855054855347,-0.02233215607702732,0.6420090198516846,0.37952426075935364,-0.0347105972468853,0.6373218297958374,0.32707396149635315,-0.04442748799920082,0.6928154826164246,0.5291309952735901,-0.012901307083666325,0.6783530116081238,0.4489186108112335,-0.025219881907105446,0.6708405613899231,0.3925529718399048,-0.03871900960803032,0.6636238694190979,0.3451780080795288,-0.04851293936371803,0.7270826101303101,0.5443521738052368,-0.018092239275574684,0.7129694223403931,0.47947800159454346,-0.03157550469040871,0.70309978723526,0.4334394335746765,-0.041390981525182724,0.6952551007270813,0.393239289522171,-0.048358380794525146
B,0.7199192643165588,0.7335181832313538,2.4110758545248245e-07,0.6653211712837219,0.7006874084472656,-0.028228500857949257,0.6351212859153748,0.6203579902648926,-0.037245966494083405,0.6560254693031311,0.5519250631332397,-0.04336133226752281,0.6918720006942749,0.5418038964271545,-0.04742823913693428,0.6326311230659485,0.5404306054115295,-0.011963693425059319,0.6222105026245117,0.4569379687309265,-0.02405514009296894,0.6198034882545471,0.40540391206741333,-0.03655601665377617,0.6194643974304199,0.36015844345092773,-0.047959454357624054,0.6628547310829163,0.5263509154319763,-0.009556888602674007,0.6483469605445862,0.438907265663147,-0.020756060257554054,0.6421919465065002,0.37902140617370605,-0.033358555287122726,0.6371456384658813,0.3263767659664154,-0.04325341805815697,0.6927720308303833,0.5291932225227356,-0.011481699533760548,0.6783280968666077,0.44913530349731445,-0.023881493136286736,0.6703499555587769,0.3924238681793213,-0.03768310695886612,0.6626018285751343,0.34531545639038086,-0.04766395315527916,0.7264308333396912,0.5444327592849731,-0.01672222465276718,0.7133389711380005,0.48038241267204285,-0.030036721378564835,0.703434944152832,0.4343647062778473,-0.03988024592399597,0.695443868637085,0.39446982741355896,-0.04698120057582855
B,0.7197011113166809,0.7339772582054138,2.4733205350457865e-07,0.66485595703125,0.7020815014839172,-0.02971087209880352,0.6347534656524658,0.6231063604354858,-0.04019984230399132,0.6548917293548584,0.5533997416496277,-0.04745927453041077,0.6936981081962585,0.5423706769943237,-0.052407968789339066,0.6320902109146118,0.5428679585456848,-0.014363560825586319,0.6225618720054626,0.45876479148864746,-0.027363911271095276,0.620090901851654,0.4069424569606781,-0.04007725045084953,0.6197970509529114,0.3620244860649109,-0.051394809037446976,0.6624625325202942,0.5275784730911255,-0.011255316436290741,0.6479727625846863,0.43925562500953674,-0.022729162126779556,0.6413528919219971,0.3798653483390808,-0.034730058163404465,0.6360434293746948,0.32829993963241577,-0.044125791639089584,0.6926659941673279,0.529305100440979,-0.01251622848212719,0.6786405444145203,0.44786107540130615,-0.024655716493725777,0.6701455116271973,0.39206159114837646,-0.03731250762939453,0.6620617508888245,0.3453693687915802,-0.04646560922265053,0.7265077829360962,0.5438864231109619,-0.017248056828975677,0.7128063440322876,0.47979485988616943,-0.03025144711136818,0.7028248310089111,0.4337528944015503,-0.03948678821325302,0.6948328614234924,0.3939259350299835,-0.045940566807985306
B,0.7198964357376099,0.7324016094207764,2.709243460685684e-07,0.665240466594696,0.7011151313781738,-0.032133664935827255,0.635150134563446,0.625006914138794,-0.044214893132448196,0.655553936958313,0.5553445816040039,-0.052681732922792435,0.6940491795539856,0.5399631261825562,-0.05883136764168739,0.6318525075912476,0.5428459644317627,-0.017327498644590378,0.6219761967658997,0.45765310525894165,-0.03205118700861931,0.6194652318954468,0.4053286910057068,-0.04600223898887634,0.6192193627357483,0.35979652404785156,-0.05798730626702309,0.6627988219261169,0.5279185175895691,-0.01340420637279749,0.6482273936271667,0.438819020986557,-0.026594599708914757,0.6415526866912842,0.378760427236557,-0.039936695247888565,0.6363615393638611,0.32647091150283813,-0.05015185847878456,0.6933581829071045,0.5295646786689758,-0.014017179608345032,0.6798042058944702,0.44789209961891174,-0.027625862509012222,0.6711015105247498,0.3916977345943451,-0.041312895715236664,0.6629031896591187,0.34525638818740845,-0.050937384366989136,0.7275872826576233,0.5441137552261353,-0.018235275521874428,0.7142125368118286,0.47930315136909485,-0.03235004469752312,0.7038377523422241,0.43309712409973145,-0.04232194647192955,0.6953101754188538,0.3934621810913086,-0.04911703243851662
B,0.7195379137992859,0.7350558042526245,2.0613478568520804e-07,0.6653218269348145,0.7019239068031311,-0.024909086525440216,0.6355282068252563,0.6230444312095642,-0.03283628821372986,0.6550699472427368,0.5557923913002014,-0.03859027847647667,0.688936173915863,0.5443825721740723,-0.04258472099900246,0.633879542350769,0.5435201525688171,-0.010829455219209194,0.6233803033828735,0.45981138944625854,-0.02278914675116539,0.6204212307929993,0.40791070461273193,-0.03485386073589325,0.6195244193077087,0.3627876043319702,-0.045880161225795746,0.6635707020759583,0.528241753578186,-0.010171356610953808,0.6485053896903992,0.4399687349796295,-0.021157970651984215,0.6418274641036987,0.37969040870666504,-0.03323652222752571,0.6360288858413696,0.3275778889656067,-0.04288836196064949,0.6929139494895935,0.5299606323242188,-0.01349000632762909,0.6790472269058228,0.44721922278404236,-0.025580279529094696,0.6707708835601807,0.3911770284175873,-0.038668036460876465,0.662026584148407,0.3449592590332031,-0.048314403742551804,0.7259407043457031,0.5446521639823914,-0.019835062325000763,0.7137555480003357,0.4794422686100006,-0.03314262628555298,0.703651487827301,0.43400245904922485,-0.04258955642580986,0.6944140791893005,0.3953465223312378,-0.04940781369805336
B,0.7190810441970825,0.7349516153335571,2.2288186585228686e-07,0.6644105911254883,0.7022500038146973,-0.02704882249236107,0.6347389221191406,0.6225938200950623,-0.03564116358757019,0.6553529500961304,0.553453266620636,-0.041751958429813385,0.6910728216171265,0.5441493988037109,-0.04587499797344208,0.6327487230300903,0.5418553948402405,-0.010145273990929127,0.6227502822875977,0.45832276344299316,-0.021745819598436356,0.619929313659668,0.4069364666938782,-0.03403890132904053,0.6191928386688232,0.36198943853378296,-0.045382704585790634,0.662266731262207,0.5273847579956055,-0.00839653704315424,0.6481153964996338,0.43979787826538086,-0.01905888319015503,0.6419013738632202,0.3801417350769043,-0.031309373676776886,0.6367378234863281,0.3277944028377533,-0.04109441861510277,0.6917625665664673,0.5296117663383484,-0.010978687554597855,0.678311288356781,0.4477806091308594,-0.022853199392557144,0.6703283786773682,0.3916379511356354,-0.03611407056450844,0.6623368263244629,0.34455299377441406,-0.045854389667510986,0.7252549529075623,0.544668436050415,-0.01686433143913746,0.7123594284057617,0.47924038767814636,-0.029934171587228775,0.702589750289917,0.43372610211372375,-0.03948014974594116,0.6942397952079773,0.3942958116531372,-0.046396512538194656
B,0.7187659740447998,0.7382336258888245,2.0607247108728188e-07,0.6654990911483765,0.7039289474487305,-0.029200837016105652,0.636481523513794,0.6234137415885925,-0.03814169019460678,0.656366229057312,0.5542716979980469,-0.04415499046444893,0.6909865736961365,0.5447471141815186,-0.047984372824430466,0.6338461637496948,0.5414278507232666,-0.011198299005627632,0.623099148273468,0.45883312821388245,-0.023050492629408836,0.6199789643287659,0.407764732837677,-0.03574686124920845,0.6182525753974915,0.36219364404678345,-0.047508783638477325,0.6633831858634949,0.5267297625541687,-0.008443721570074558,0.649262547492981,0.43961530923843384,-0.01965603418648243,0.6428378224372864,0.3798133134841919,-0.03270015865564346,0.6368657946586609,0.32691246271133423,-0.04316987842321396,0.6921742558479309,0.529005229473114,-0.01021029893308878,0.6782214641571045,0.44782936573028564,-0.022938339039683342,0.6704044342041016,0.3912634253501892,-0.03739316761493683,0.6624060273170471,0.343690425157547,-0.04794176667928696,0.7244137525558472,0.5437330603599548,-0.01543215662240982,0.7119502425193787,0.47842520475387573,-0.029016492888331413,0.7025368809700012,0.43267711997032166,-0.03941879794001579,0.694458544254303,0.3933058977127075,-0.047095946967601776
B,0.7195773720741272,0.7344858646392822,2.106029199921977e-07,0.6651278138160706,0.7016026973724365,-0.026730183511972427,0.6345869898796082,0.6223409175872803,-0.03546968847513199,0.6550862789154053,0.5538930296897888,-0.04161210358142853,0.6907585859298706,0.5441687703132629,-0.04590042307972908,0.6325024962425232,0.542128324508667,-0.012629938311874866,0.6220304369926453,0.4576670229434967,-0.024944880977272987,0.6190993189811707,0.405825674533844,-0.03735142573714256,0.6181892156600952,0.3605942130088806,-0.0486585833132267,0.6627824306488037,0.5265095233917236,-0.010972601361572742,0.6481840014457703,0.4376930296421051,-0.0221361443400383,0.6413981914520264,0.3775584399700165,-0.03429542854428291,0.635319173336029,0.32524004578590393,-0.043975830078125,0.6926126480102539,0.5281690955162048,-0.013404227793216705,0.6784757971763611,0.4459065794944763,-0.02538260631263256,0.6700643301010132,0.3899509906768799,-0.0387636199593544,0.6614091992378235,0.3432271480560303,-0.048623226583004,0.7258981466293335,0.5432365536689758,-0.019027026370167732,0.7125115394592285,0.47742360830307007,-0.032397475093603134,0.7023141980171204,0.43165886402130127,-0.042295828461647034,0.6935427784919739,0.39244544506073,-0.04940447956323624
B,0.7182343006134033,0.7335241436958313,2.1692858354072087e-07,0.6632821559906006,0.7012727856636047,-0.027271289378404617,0.6336835026741028,0.6206592917442322,-0.036354679614305496,0.6550058126449585,0.5518112778663635,-0.04275449365377426,0.690478503704071,0.5414257645606995,-0.04736664146184921,0.6322368383407593,0.542670488357544,-0.013776668347418308,0.6215922832489014,0.45936474204063416,-0.02664787881076336,0.6189976930618286,0.40753453969955444,-0.0394861102104187,0.6181712746620178,0.3620830178260803,-0.05107519030570984,0.6623137593269348,0.5276771187782288,-0.012154496274888515,0.6478934288024902,0.4400949776172638,-0.024011364206671715,0.6413946747779846,0.3801041543483734,-0.03651699796319008,0.6356823444366455,0.3275713324546814,-0.04632120952010155,0.6919679045677185,0.5295173525810242,-0.014624612405896187,0.6779966354370117,0.4480851888656616,-0.027291657403111458,0.6694239377975464,0.3915137052536011,-0.04066597297787666,0.6608873605728149,0.3444342613220215,-0.05036669969558716,0.7255117297172546,0.5441173315048218,-0.02033832296729088,0.713165283203125,0.4782800078392029,-0.03380058333277702,0.7033059597015381,0.4319993555545807,-0.0433635488152504,0.6947521567344666,0.39241111278533936,-0.05025653541088104
B,0.7188464999198914,0.7363036870956421,2.267207577233421e-07,0.6639692783355713,0.7058588862419128,-0.03095834329724312,0.6347969174385071,0.6244525909423828,-0.04053100198507309,0.6551011800765991,0.5537667870521545,-0.04682299122214317,0.6902127861976624,0.5432295799255371,-0.050841569900512695,0.6326912641525269,0.5419791340827942,-0.012445592321455479,0.6221988797187805,0.45858317613601685,-0.024507207795977592,0.6191635727882385,0.4067995548248291,-0.037193477153778076,0.6177887916564941,0.36136332154273987,-0.0488022044301033,0.6626716256141663,0.5271464586257935,-0.008647127076983452,0.6479914784431458,0.44018518924713135,-0.020002268254756927,0.6415311098098755,0.38048049807548523,-0.03290281072258949,0.6358604431152344,0.32757049798965454,-0.04296593740582466,0.6920408010482788,0.5290629863739014,-0.00949193350970745,0.6778484582901001,0.44803816080093384,-0.022023741155862808,0.6696474552154541,0.39182305335998535,-0.036012936383485794,0.6612443923950195,0.3443814516067505,-0.04607466235756874,0.7251595258712769,0.5431451201438904,-0.013958853669464588,0.7125419974327087,0.47816482186317444,-0.02709071710705757,0.7030187845230103,0.4328634738922119,-0.03699680417776108,0.6946697235107422,0.39364296197891235,-0.04416918382048607
B,0.7204528450965881,0.7372353672981262,2.0934542988015892e-07,0.6646732687950134,0.704582154750824,-0.028064915910363197,0.6349208354949951,0.6216889023780823,-0.03597357124090195,0.6541928648948669,0.5518974661827087,-0.041143614798784256,0.6863070130348206,0.5404083728790283,-0.04423806443810463,0.6328493356704712,0.5426491498947144,-0.01049273181706667,0.6216093897819519,0.4589042365550995,-0.022244809195399284,0.6186285614967346,0.40656864643096924,-0.03455420210957527,0.6172803044319153,0.36049923300743103,-0.04589752480387688,0.6623774170875549,0.5279236435890198,-0.008289597928524017,0.647372305393219,0.4404851496219635,-0.019518624991178513,0.6409714221954346,0.3802935481071472,-0.03214328736066818,0.6354286074638367,0.32717365026474,-0.042009178549051285,0.6916736960411072,0.5299960970878601,-0.010536609217524529,0.6766763925552368,0.44839712977409363,-0.023331280797719955,0.6684991121292114,0.39080190658569336,-0.037237659096717834,0.6601701974868774,0.3423622250556946,-0.047249309718608856,0.7250587344169617,0.5440012812614441,-0.016143590211868286,0.7121432423591614,0.47857892513275146,-0.029784562066197395,0.7024524807929993,0.4324474036693573,-0.03967239707708359,0.694065511226654,0.3923603296279907,-0.04683498293161392
B,0.7187007069587708,0.7358239889144897,2.1983112219459144e-07,0.6646009087562561,0.7031197547912598,-0.027840010821819305,0.6344125866889954,0.6227336525917053,-0.037136148661375046,0.6544103622436523,0.5523958802223206,-0.04367695748806,0.690195620059967,0.539189875125885,-0.04819570481777191,0.6313781142234802,0.5420152544975281,-0.012639427557587624,0.6210876107215881,0.4580761790275574,-0.02530418150126934,0.6182536482810974,0.40593552589416504,-0.03809221833944321,0.6175128817558289,0.3603217303752899,-0.049680303782224655,0.6614841818809509,0.5272396802902222,-0.010732374154031277,0.6469993591308594,0.43950170278549194,-0.022381646558642387,0.6409573554992676,0.3793677091598511,-0.03491106629371643,0.6356633901596069,0.326823890209198,-0.04478729888796806,0.6915104389190674,0.5292893052101135,-0.01311853900551796,0.677355945110321,0.4479491114616394,-0.025767173618078232,0.669365406036377,0.3911450505256653,-0.03903461992740631,0.661327600479126,0.3437315821647644,-0.048690419644117355,0.7254552245140076,0.5438860654830933,-0.018806522712111473,0.7121034860610962,0.47770947217941284,-0.032530732452869415,0.702182948589325,0.43144121766090393,-0.04215622693300247,0.6938050985336304,0.391774445772171,-0.04901628941297531
B,0.7164062261581421,0.733449399471283,2.5670595960036735e-07,0.6630094647407532,0.6989348530769348,-0.026880033314228058,0.6329413056373596,0.6199260354042053,-0.037138357758522034,0.6535927057266235,0.5507522821426392,-0.04482519254088402,0.6920153498649597,0.5362554788589478,-0.050639864057302475,0.6312741637229919,0.5416451096534729,-0.01461456436663866,0.6214684247970581,0.45731666684150696,-0.028509749099612236,0.6193810701370239,0.40536707639694214,-0.04202660173177719,0.6189761161804199,0.359757661819458,-0.05386872589588165,0.6618331670761108,0.5270543694496155,-0.013437550514936447,0.6484400629997253,0.4385656416416168,-0.025870515033602715,0.6421201229095459,0.3782147169113159,-0.03888949006795883,0.6361660957336426,0.3253694772720337,-0.04898747801780701,0.6922258138656616,0.5292401909828186,-0.01621382310986519,0.6793476343154907,0.44751155376434326,-0.028646200895309448,0.6706832051277161,0.39106565713882446,-0.04158217832446098,0.6618351340293884,0.34415769577026367,-0.05095465108752251,0.7259683609008789,0.5444039702415466,-0.022201772779226303,0.7135581374168396,0.4786079227924347,-0.035448942333459854,0.7033146023750305,0.431792676448822,-0.04469962418079376,0.6941707730293274,0.3920969069004059,-0.05115867778658867
B,0.7181003093719482,0.7341476082801819,2.2555624923370488e-07,0.6634026765823364,0.7007731795310974,-0.027305519208312035,0.6339408159255981,0.6216585636138916,-0.03628787398338318,0.6550349593162537,0.5522372722625732,-0.04265883192420006,0.6925202012062073,0.5408188700675964,-0.04702192172408104,0.6319011449813843,0.5416244268417358,-0.01077550183981657,0.6215311884880066,0.45788514614105225,-0.022526852786540985,0.6186099052429199,0.4068574905395508,-0.03473750874400139,0.6179467439651489,0.36242377758026123,-0.045866888016462326,0.6616078615188599,0.5270197987556458,-0.008741735480725765,0.6466467976570129,0.4392310380935669,-0.01954411156475544,0.6396678686141968,0.3798218369483948,-0.031862083822488785,0.633757472038269,0.3285062313079834,-0.04156862944364548,0.6912865042686462,0.5292960405349731,-0.01097903586924076,0.6771061420440674,0.4473976194858551,-0.02282918244600296,0.6681095361709595,0.3912595510482788,-0.03619613125920296,0.6592465043067932,0.3451657295227051,-0.045908451080322266,0.7249065637588501,0.5442374348640442,-0.01646309159696102,0.7118130326271057,0.47853466868400574,-0.029531318694353104,0.7016469836235046,0.43214404582977295,-0.03917229548096657,0.6930903196334839,0.39232122898101807,-0.046004995703697205
B,0.7187795042991638,0.7345998287200928,2.0343725282145897e-07,0.6651052832603455,0.6986797451972961,-0.02656164951622486,0.6368507742881775,0.6181612014770508,-0.034518785774707794,0.6560254693031311,0.5493474006652832,-0.04001012444496155,0.688382089138031,0.5402294397354126,-0.04348783567547798,0.6325401067733765,0.5401872396469116,-0.009051643311977386,0.6218841075897217,0.45731306076049805,-0.02007291465997696,0.6187435388565063,0.40626078844070435,-0.031908657401800156,0.6174259185791016,0.3612073063850403,-0.04303578659892082,0.6618848443031311,0.526017427444458,-0.007450362667441368,0.6471102237701416,0.4390026330947876,-0.01786874234676361,0.6407552361488342,0.3794597387313843,-0.030281538143754005,0.6353439688682556,0.32667306065559387,-0.04036214202642441,0.6912437677383423,0.5283071994781494,-0.010145079344511032,0.6772872805595398,0.44715529680252075,-0.022104978561401367,0.6694697141647339,0.390730619430542,-0.03584805503487587,0.6614948511123657,0.3434457778930664,-0.04605022072792053,0.7244628667831421,0.5426037907600403,-0.01605639047920704,0.7119772434234619,0.4784160256385803,-0.029093164950609207,0.7024073600769043,0.4324403405189514,-0.03890746459364891,0.694238543510437,0.3927912414073944,-0.046213820576667786
B,0.7190802693367004,0.7323576211929321,2.3164666629327257e-07,0.6639153957366943,0.6976843476295471,-0.027289021760225296,0.6335291266441345,0.615951657295227,-0.03577473387122154,0.6557596325874329,0.5483731627464294,-0.04177599027752876,0.6934987306594849,0.5415405035018921,-0.045797497034072876,0.6319084763526917,0.5383660197257996,-0.009405645541846752,0.6215672492980957,0.4560271203517914,-0.02089773863554001,0.6189945340156555,0.40518254041671753,-0.03365910425782204,0.6183692812919617,0.36023443937301636,-0.04546521231532097,0.6620470285415649,0.5238261818885803,-0.007469571195542812,0.6479374170303345,0.43850839138031006,-0.017740987241268158,0.6414391994476318,0.3795047402381897,-0.030342573300004005,0.6360654830932617,0.32715246081352234,-0.0404522605240345,0.6917749643325806,0.526094913482666,-0.009915773756802082,0.6782410144805908,0.44684919714927673,-0.021016763523221016,0.669741153717041,0.3912317156791687,-0.03429160267114639,0.6613414287567139,0.3447042405605316,-0.0441320464015007,0.7255464196205139,0.5411625504493713,-0.015794089064002037,0.7130857706069946,0.4765690267086029,-0.027959682047367096,0.7029750347137451,0.4307071566581726,-0.03712386265397072,0.6943103075027466,0.3913145959377289,-0.04387851431965828
B,0.7169471383094788,0.7327290177345276,2.1972229546918243e-07,0.6631700992584229,0.6986831426620483,-0.02698639966547489,0.6336958408355713,0.6179200410842896,-0.03589913994073868,0.6559040546417236,0.5503717660903931,-0.04222496226429939,0.6942973136901855,0.5419033765792847,-0.046646300703287125,0.6315940022468567,0.5374555587768555,-0.01134257111698389,0.6219715476036072,0.45557817816734314,-0.02295817621052265,0.6192700266838074,0.40493762493133545,-0.03529903292655945,0.6183913946151733,0.360263854265213,-0.04684426635503769,0.6620045900344849,0.52360999584198,-0.009708303026854992,0.6476568579673767,0.4376540184020996,-0.02040257304906845,0.6411707401275635,0.3790057301521301,-0.03270188346505165,0.6354172825813293,0.3273444175720215,-0.042598143219947815,0.6919534802436829,0.5266238451004028,-0.0122288903221488,0.678115725517273,0.44691821932792664,-0.023974455893039703,0.6695165634155273,0.3911377787590027,-0.037040140479803085,0.660808265209198,0.3446791470050812,-0.046735841780900955,0.7257280945777893,0.5423560738563538,-0.01801583357155323,0.7133204340934753,0.4782712459564209,-0.03088655322790146,0.703433096408844,0.43257367610931396,-0.04010877013206482,0.6950647234916687,0.39336806535720825,-0.04683889448642731
B,0.718799352645874,0.7318500280380249,2.251574926503963e-07,0.6652445793151855,0.6962569952011108,-0.02673177607357502,0.6350393295288086,0.6176093816757202,-0.035543542355298996,0.6566150188446045,0.5511500835418701,-0.04184723645448685,0.6941717863082886,0.5406634211540222,-0.046338796615600586,0.6321172118186951,0.5404943823814392,-0.01165611483156681,0.6212800741195679,0.4580550789833069,-0.02397366613149643,0.6182525753974915,0.4066365361213684,-0.036769699305295944,0.6169523000717163,0.3610748052597046,-0.048419754952192307,0.6619886159896851,0.5259318947792053,-0.009995692409574986,0.6477373242378235,0.4392397403717041,-0.021204520016908646,0.6409245729446411,0.37937164306640625,-0.034054290503263474,0.6348162293434143,0.3262398838996887,-0.044241148978471756,0.691542387008667,0.5280762910842896,-0.01242552138864994,0.6782254576683044,0.44782525300979614,-0.024538153782486916,0.6697394847869873,0.3916943073272705,-0.03844790533185005,0.6609581112861633,0.3447116017341614,-0.04855990409851074,0.7248504161834717,0.543127179145813,-0.018035661429166794,0.7135034203529358,0.4783877730369568,-0.031092599034309387,0.7039002776145935,0.43238312005996704,-0.04089942201972008,0.6952208876609802,0.3930397629737854,-0.047992974519729614
B,0.7196170091629028,0.7342725396156311,1.9121141292544053e-07,0.6665935516357422,0.7007891535758972,-0.02585441805422306,0.6379271149635315,0.6225631237030029,-0.033613983541727066,0.6574509143829346,0.5552566051483154,-0.038938697427511215,0.691838800907135,0.5439749956130981,-0.04223477467894554,0.6330233812332153,0.5416638255119324,-0.0095719825476408,0.6224960088729858,0.45784348249435425,-0.020593928173184395,0.619147002696991,0.4066426157951355,-0.032157205045223236,0.6173216700553894,0.36183086037635803,-0.0428532212972641,0.6625674962997437,0.5264976024627686,-0.007851208560168743,0.6484239101409912,0.4385407865047455,-0.018123432993888855,0.6417025327682495,0.3791133761405945,-0.0303757693618536,0.635488748550415,0.32680875062942505,-0.040102269500494,0.691977858543396,0.5277159214019775,-0.01016499474644661,0.6780774593353271,0.4460441470146179,-0.02169766277074814,0.6697945594787598,0.389546275138855,-0.035603564232587814,0.6609602570533752,0.3417254090309143,-0.04577178880572319,0.7248972654342651,0.5417269468307495,-0.015539162792265415,0.7123435139656067,0.47657084465026855,-0.028202509507536888,0.7027079463005066,0.43056589365005493,-0.03802943229675293,0.6942917108535767,0.3906938433647156,-0.04516429081559181
B,0.7197287082672119,0.7344856858253479,2.1382297177297005e-07,0.6655946373939514,0.7008090019226074,-0.027342544868588448,0.6354485750198364,0.6240620613098145,-0.03674686700105667,0.6540734767913818,0.5579421520233154,-0.04362157732248306,0.6879085302352905,0.5469439625740051,-0.04847490042448044,0.6327906847000122,0.5404959321022034,-0.011517009697854519,0.622581958770752,0.4585331380367279,-0.024113550782203674,0.6196059584617615,0.4078325033187866,-0.037032369524240494,0.6184338927268982,0.36310720443725586,-0.04867444559931755,0.6624420285224915,0.5254929065704346,-0.009884610772132874,0.647735059261322,0.4385223388671875,-0.021373804658651352,0.6410815715789795,0.37948065996170044,-0.034083109349012375,0.6352397799491882,0.32737278938293457,-0.04420723766088486,0.6918677091598511,0.5272951126098633,-0.012531385757029057,0.6782374382019043,0.44548964500427246,-0.024989649653434753,0.6698313355445862,0.3896421790122986,-0.03847971186041832,0.6611148118972778,0.3427466154098511,-0.04836306720972061,0.7251753807067871,0.5420230031013489,-0.018454764038324356,0.7126255631446838,0.47735071182250977,-0.031837932765483856,0.7028247714042664,0.4320102632045746,-0.041449569165706635,0.6942961812019348,0.39268070459365845,-0.048363059759140015
B,0.7196991443634033,0.7339110970497131,2.218923214059032e-07,0.6663566827774048,0.698540449142456,-0.028347786515951157,0.6374441385269165,0.6214810609817505,-0.03780323639512062,0.6584764719009399,0.5562667846679688,-0.04433437064290047,0.6923524737358093,0.5444616675376892,-0.04878880828619003,0.6324465870857239,0.5405521988868713,-0.012535618618130684,0.6225144863128662,0.45750436186790466,-0.02478620409965515,0.6198920011520386,0.40664032101631165,-0.03751993179321289,0.6189352869987488,0.3615568280220032,-0.049038153141736984,0.6625396609306335,0.5254319906234741,-0.009867461398243904,0.6481684446334839,0.4383668899536133,-0.020570160821080208,0.6418187618255615,0.3800189793109894,-0.03275702893733978,0.6359089612960815,0.3286340832710266,-0.04267631098628044,0.692123293876648,0.5267833471298218,-0.011495198123157024,0.6786655783653259,0.4460717737674713,-0.022906195372343063,0.6704126596450806,0.391390323638916,-0.035797346383333206,0.6616187691688538,0.34537971019744873,-0.045475639402866364,0.7249445915222168,0.5408779382705688,-0.016527224332094193,0.7121737599372864,0.47708725929260254,-0.029075006023049355,0.7022657990455627,0.4324765205383301,-0.03821605443954468,0.693637490272522,0.3940655589103699,-0.044869937002658844
B,0.7202953100204468,0.7350847721099854,2.2889611273058108e-07,0.6656155586242676,0.7011921405792236,-0.02724134363234043,0.6363621950149536,0.6228986978530884,-0.03622448071837425,0.657654345035553,0.5566829442977905,-0.042491793632507324,0.6934092044830322,0.54499751329422,-0.046737298369407654,0.6319820284843445,0.5417503714561462,-0.011851663701236248,0.622225821018219,0.45818889141082764,-0.023974064737558365,0.6201179623603821,0.4071046710014343,-0.03640854358673096,0.6196845769882202,0.36229127645492554,-0.04767228290438652,0.6620143055915833,0.5276363492012024,-0.009884320199489594,0.6476010084152222,0.44010213017463684,-0.020921479910612106,0.6417014002799988,0.38085225224494934,-0.03329112380743027,0.6364254951477051,0.3286616802215576,-0.04307796433568001,0.6918895244598389,0.5299188494682312,-0.012098935432732105,0.6780397295951843,0.44884392619132996,-0.02413851022720337,0.6705801486968994,0.39272433519363403,-0.03737238422036171,0.6628347039222717,0.34572315216064453,-0.047024428844451904,0.7254530191421509,0.5447908639907837,-0.017543606460094452,0.7131607532501221,0.48011109232902527,-0.030553018674254417,0.7037163972854614,0.4344135820865631,-0.0398390106856823,0.6955679655075073,0.3950309753417969,-0.04649012163281441
B,0.7187834978103638,0.7369396686553955,1.642225555542609e-07,0.6648197770118713,0.7018412947654724,-0.026159850880503654,0.6370900869369507,0.6220280528068542,-0.03377816453576088,0.6585394144058228,0.5569484829902649,-0.03936971351504326,0.6927377581596375,0.5472571849822998,-0.04319153353571892,0.6338979005813599,0.5416150689125061,-0.008363302797079086,0.6226077079772949,0.460654079914093,-0.019951753318309784,0.6188482046127319,0.4100564122200012,-0.032678600400686264,0.6162737607955933,0.36429113149642944,-0.044556669890880585,0.66364586353302,0.5268650054931641,-0.007444851100444794,0.6495474576950073,0.4403032064437866,-0.018147306516766548,0.6429958343505859,0.38180309534072876,-0.031339190900325775,0.636721134185791,0.32928407192230225,-0.04219713434576988,0.6928653120994568,0.5291160941123962,-0.010817499831318855,0.6791349649429321,0.44820648431777954,-0.023153863847255707,0.6714172959327698,0.39289194345474243,-0.037325941026210785,0.6630755066871643,0.34586310386657715,-0.04790506139397621,0.7255484461784363,0.5439540147781372,-0.017446454614400864,0.7133436799049377,0.47935354709625244,-0.03049893118441105,0.7037546634674072,0.4339393079280853,-0.040196679532527924,0.6954854726791382,0.3945523202419281,-0.047615110874176025
B,0.7212899327278137,0.7366241216659546,2.0067031414328085e-07,0.6666135191917419,0.7028296589851379,-0.029677864164114,0.6377920508384705,0.6256879568099976,-0.039214737713336945,0.6582599878311157,0.5593585968017578,-0.04571036249399185,0.6921537518501282,0.5477032661437988,-0.050010450184345245,0.6351215243339539,0.5439468622207642,-0.012258208356797695,0.6237550377845764,0.46171340346336365,-0.02478497102856636,0.6202857494354248,0.41061079502105713,-0.03798484057188034,0.618162989616394,0.364642858505249,-0.04984084889292717,0.6647844910621643,0.5280634760856628,-0.00907573290169239,0.6500218510627747,0.44086953997612,-0.020092446357011795,0.6430313587188721,0.3810471296310425,-0.032956067472696304,0.6365783214569092,0.32760241627693176,-0.043294791132211685,0.6938871741294861,0.5292003154754639,-0.010361077263951302,0.67976313829422,0.4479641318321228,-0.02231106348335743,0.6712144017219543,0.3915824890136719,-0.03600684553384781,0.6622371077537537,0.3437325954437256,-0.04611203074455261,0.7265982031822205,0.5436568856239319,-0.015195519663393497,0.7140963077545166,0.47870558500289917,-0.02767140418291092,0.7040498852729797,0.43386873602867126,-0.036910176277160645,0.6951181292533875,0.39529961347579956,-0.0437195710837841
B,0.7206298112869263,0.7369168996810913,2.0988473181660083e-07,0.6670699119567871,0.7036082148551941,-0.02932305634021759,0.6373304128646851,0.6269466280937195,-0.03953111544251442,0.6559505462646484,0.5583052039146423,-0.0466625802218914,0.691292405128479,0.5451152324676514,-0.05161004886031151,0.6331150531768799,0.5458451509475708,-0.015211716294288635,0.6232851147651672,0.4629599153995514,-0.028849240392446518,0.6208958625793457,0.411190927028656,-0.0420374870300293,0.6199958324432373,0.36505115032196045,-0.05376878008246422,0.6634450554847717,0.5303379893302917,-0.012587016448378563,0.6495587825775146,0.4423755407333374,-0.024979060515761375,0.6431832313537598,0.3822769820690155,-0.037731532007455826,0.6374963521957397,0.32876721024513245,-0.047830693423748016,0.693505585193634,0.5313079357147217,-0.014212777838110924,0.6806020736694336,0.44937828183174133,-0.02749142237007618,0.6721418499946594,0.39217251539230347,-0.04093436896800995,0.6631906032562256,0.34320029616355896,-0.05066420137882233,0.7270101308822632,0.5450838804244995,-0.019215883687138557,0.7141868472099304,0.47946423292160034,-0.03318381682038307,0.7043065428733826,0.433738648891449,-0.042860694229602814,0.6956601142883301,0.39442452788352966,-0.04968646168708801
B,0.7186092734336853,0.7355729341506958,2.094483448900064e-07,0.6661310791969299,0.7008076310157776,-0.027352752164006233,0.6369597911834717,0.6241476535797119,-0.036805927753448486,0.6557217240333557,0.557600736618042,-0.04360659793019295,0.6891360878944397,0.5434775948524475,-0.0483732596039772,0.6330189108848572,0.5415284037590027,-0.01239702943712473,0.6229563355445862,0.4594016373157501,-0.025251561775803566,0.6205664277076721,0.4087223708629608,-0.038178250193595886,0.6197282671928406,0.3637729287147522,-0.04977807402610779,0.6627260446548462,0.5278529524803162,-0.0108339823782444,0.6485751867294312,0.4414873719215393,-0.022822439670562744,0.6425319314002991,0.3827615976333618,-0.035869497805833817,0.6370802521705627,0.33112990856170654,-0.04616484418511391,0.6922338008880615,0.5305929780006409,-0.013438435271382332,0.6782162189483643,0.4498860836029053,-0.02655949629843235,0.6701972484588623,0.39395958185195923,-0.03999846801161766,0.661982536315918,0.34727489948272705,-0.049726590514183044,0.7252972722053528,0.5455716252326965,-0.019241174682974815,0.7130035758018494,0.48075538873672485,-0.03296694532036781,0.7036404609680176,0.43528133630752563,-0.04235309362411499,0.695528507232666,0.3962559103965759,-0.04907470569014549
B,0.719157874584198,0.7389424443244934,2.245525649868796e-07,0.6664268374443054,0.7034906148910522,-0.028073174878954887,0.6374242305755615,0.625305712223053,-0.03772265836596489,0.6562655568122864,0.5579100847244263,-0.04457337409257889,0.6901302933692932,0.5465051531791687,-0.049299173057079315,0.6326029896736145,0.5432024002075195,-0.012687066569924355,0.6226680278778076,0.46018925309181213,-0.025295045226812363,0.6202538013458252,0.409091591835022,-0.038043342530727386,0.6194462776184082,0.36406201124191284,-0.049536097794771194,0.6624026894569397,0.5294875502586365,-0.010630938224494457,0.648490846157074,0.44223538041114807,-0.022222600877285004,0.6420872807502747,0.3823179006576538,-0.034919288009405136,0.6363219022750854,0.329521119594574,-0.04505793750286102,0.6919621825218201,0.5322296023368835,-0.012847104109823704,0.6784588098526001,0.4510231614112854,-0.02538648061454296,0.6705244183540344,0.39493995904922485,-0.03867100551724434,0.6623898148536682,0.3483707904815674,-0.04840031638741493,0.7249420285224915,0.546919584274292,-0.018399348482489586,0.7133235335350037,0.4820142984390259,-0.03148263692855835,0.704071044921875,0.43646565079689026,-0.04078246280550957,0.6959910988807678,0.3978000581264496,-0.04756096005439758
B,0.7193232178688049,0.738717794418335,2.1017059737005184e-07,0.6660169959068298,0.7056064605712891,-0.02803245186805725,0.6366273760795593,0.626281201839447,-0.03716399893164635,0.6553127765655518,0.557343065738678,-0.04345044866204262,0.6882365942001343,0.5457145571708679,-0.047653134912252426,0.6333325505256653,0.5449440479278564,-0.012787221930921078,0.6231728792190552,0.46125108003616333,-0.025028282776474953,0.620439350605011,0.41013115644454956,-0.0373832993209362,0.6191481351852417,0.3650802969932556,-0.04863814637064934,0.6630139946937561,0.530707836151123,-0.010578090324997902,0.6490124464035034,0.44193506240844727,-0.022053547203540802,0.6426212787628174,0.38154903054237366,-0.03471777215600014,0.6367461681365967,0.328290730714798,-0.044799454510211945,0.6925253868103027,0.5330415964126587,-0.012568292208015919,0.6786816120147705,0.45067787170410156,-0.02520499750971794,0.670947253704071,0.3940674066543579,-0.03896248713135719,0.6628841757774353,0.34683167934417725,-0.04900762811303139,0.7256044149398804,0.5475884079933167,-0.017839383333921432,0.7132844924926758,0.4824851155281067,-0.03127607703208923,0.7038366794586182,0.43659207224845886,-0.04117751494050026,0.6957245469093323,0.39713549613952637,-0.048389777541160583
B,0.7200777530670166,0.7369368076324463,2.0300367964409816e-07,0.6665905117988586,0.7028002142906189,-0.02845132350921631,0.6375605463981628,0.625787079334259,-0.03778333216905594,0.6570868492126465,0.5577101707458496,-0.044101495295763016,0.6910822987556458,0.5464105010032654,-0.048418838530778885,0.6336114406585693,0.5456435680389404,-0.013945888727903366,0.6228910684585571,0.46130824089050293,-0.026597045361995697,0.6200516819953918,0.41001462936401367,-0.03922393172979355,0.6189386248588562,0.36410003900527954,-0.050603993237018585,0.6640057563781738,0.5304429531097412,-0.011315063573420048,0.6500594019889832,0.4410409927368164,-0.022698448970913887,0.6435173153877258,0.3806435763835907,-0.035290177911520004,0.6374255418777466,0.3270464539527893,-0.04540564864873886,0.6936278939247131,0.5319329500198364,-0.012841645628213882,0.6804618239402771,0.44945839047431946,-0.02532310038805008,0.6719754934310913,0.3922880291938782,-0.03934380039572716,0.662807822227478,0.34369465708732605,-0.04963776469230652,0.7264118790626526,0.5463884472846985,-0.017648570239543915,0.7140727043151855,0.48069024085998535,-0.031146029010415077,0.7044420838356018,0.43487900495529175,-0.04127783328294754,0.6959683895111084,0.39532703161239624,-0.0486292764544487
B,0.7200145125389099,0.7370973825454712,2.4386270069953753e-07,0.6660885810852051,0.7045251727104187,-0.02934487722814083,0.6348887085914612,0.6259320378303528,-0.03982694447040558,0.655070424079895,0.5560999512672424,-0.04717979580163956,0.6936265230178833,0.5452045798301697,-0.05253738909959793,0.6319896578788757,0.5455824136734009,-0.015558578073978424,0.6225277781486511,0.4615292549133301,-0.029092183336615562,0.6201747059822083,0.40961411595344543,-0.04251481965184212,0.6198295950889587,0.3640967309474945,-0.05457180738449097,0.6627960205078125,0.5304151177406311,-0.012882539071142673,0.6487487554550171,0.44209620356559753,-0.02521306648850441,0.6421921849250793,0.3820377588272095,-0.03828928619623184,0.6365227699279785,0.3294895887374878,-0.04862980544567108,0.6926929950714111,0.5322262048721313,-0.014427359215915203,0.679950475692749,0.4506761431694031,-0.027422824874520302,0.6717663407325745,0.3942541480064392,-0.041314490139484406,0.6633819937705994,0.3476089835166931,-0.05143869295716286,0.7257543206214905,0.5471792817115784,-0.01933334954082966,0.7137179970741272,0.4822964072227478,-0.033319320529699326,0.7039315700531006,0.43654948472976685,-0.043592821806669235,0.6953094005584717,0.3977096676826477,-0.050934597849845886
B,0.7193096280097961,0.7373337745666504,1.8361954801093816e-07,0.6658821105957031,0.7037615180015564,-0.024837691336870193,0.6358860731124878,0.626995861530304,-0.03361975774168968,0.6539955735206604,0.5588284134864807,-0.040049538016319275,0.6879974603652954,0.5451916456222534,-0.044758740812540054,0.6337488293647766,0.547511637210846,-0.013763828203082085,0.6228151321411133,0.4633934795856476,-0.02677975781261921,0.6199038028717041,0.4113924503326416,-0.03899412602186203,0.6189048886299133,0.36627423763275146,-0.04984750971198082,0.6636875867843628,0.532656729221344,-0.013208290562033653,0.6490613222122192,0.44330379366874695,-0.02498098835349083,0.6422758102416992,0.3827937841415405,-0.036819588392972946,0.6362204551696777,0.33094850182533264,-0.046211954206228256,0.6933856010437012,0.5341735482215881,-0.016391968354582787,0.6794359683990479,0.4509793519973755,-0.02893093042075634,0.6707383990287781,0.39412838220596313,-0.0415380485355854,0.6620367765426636,0.34699350595474243,-0.05076998472213745,0.7263950109481812,0.5484971404075623,-0.022502796724438667,0.7136591672897339,0.4823032021522522,-0.036142393946647644,0.7037397027015686,0.43584901094436646,-0.045433565974235535,0.6951690912246704,0.39653366804122925,-0.052001141011714935
B,0.7209234237670898,0.7397485375404358,2.1833024277384538e-07,0.6668161153793335,0.7065334916114807,-0.02856830507516861,0.635791003704071,0.6261739730834961,-0.03803911805152893,0.6551229953765869,0.5566412806510925,-0.044427163898944855,0.6905528903007507,0.5443792939186096,-0.04887040704488754,0.6330496072769165,0.5491196513175964,-0.015237385407090187,0.6224585771560669,0.4643605351448059,-0.02791280299425125,0.6197079420089722,0.4120033383369446,-0.04045851528644562,0.6183772683143616,0.36570829153060913,-0.051894836127758026,0.6629733443260193,0.5343111157417297,-0.01268371008336544,0.6486588716506958,0.4458646774291992,-0.024330738931894302,0.6421513557434082,0.3854941129684448,-0.03695845231413841,0.6362123489379883,0.332206130027771,-0.04699035733938217,0.6926526427268982,0.5359813570976257,-0.014169606380164623,0.6782428026199341,0.4542003571987152,-0.02677054889500141,0.6699322462081909,0.39645129442214966,-0.040604256093502045,0.6614522337913513,0.34794649481773376,-0.050735145807266235,0.725979745388031,0.5500699281692505,-0.018922869116067886,0.7134454846382141,0.4844076931476593,-0.03245091065764427,0.7037531733512878,0.43736982345581055,-0.04246081784367561,0.69538414478302,0.3970615863800049,-0.049748122692108154
B,0.7203224301338196,0.739482581615448,2.2093247764587431e-07,0.6650587916374207,0.7072907090187073,-0.028025096282362938,0.6350587010383606,0.6275990009307861,-0.037068698555231094,0.6542959213256836,0.5573991537094116,-0.04320467635989189,0.6874411106109619,0.5445082783699036,-0.04724676534533501,0.632325291633606,0.5449181795120239,-0.011966394260525703,0.6216890811920166,0.4611377418041229,-0.023883113637566566,0.6191776990890503,0.40979188680648804,-0.03606964275240898,0.6186531782150269,0.365227609872818,-0.04716743528842926,0.662747323513031,0.530876874923706,-0.009530860930681229,0.6480993032455444,0.44347915053367615,-0.020342929288744926,0.6419492363929749,0.3841548562049866,-0.03239468112587929,0.6367925405502319,0.3324859142303467,-0.042077336460351944,0.6927216649055481,0.5335820913314819,-0.011442534625530243,0.678454577922821,0.4521034061908722,-0.023453904315829277,0.6701335906982422,0.39582377672195435,-0.03660109266638756,0.6617932319641113,0.3495944142341614,-0.04635215550661087,0.7263373136520386,0.5484299063682556,-0.016675541177392006,0.7138469815254211,0.48399776220321655,-0.02992130257189274,0.7037515640258789,0.43801894783973694,-0.0396602600812912,0.6950758099555969,0.3985551595687866,-0.04674011841416359
B,0.7206157445907593,0.7423267364501953,2.096655862260377e-07,0.666129469871521,0.7112002372741699,-0.029260924085974693,0.6354784965515137,0.6329604387283325,-0.03962540626525879,0.6544215083122253,0.561625599861145,-0.04675314202904701,0.6902270317077637,0.5458007454872131,-0.05179660767316818,0.6328468322753906,0.5506176948547363,-0.017138054594397545,0.6219784021377563,0.4654885530471802,-0.031245797872543335,0.6189607381820679,0.41260337829589844,-0.044455479830503464,0.6179226636886597,0.3665778636932373,-0.05602451041340828,0.6630287170410156,0.534752607345581,-0.014443446882069111,0.6481447815895081,0.44489380717277527,-0.027033669874072075,0.6412367224693298,0.38405680656433105,-0.03928951919078827,0.6353480219841003,0.3312718868255615,-0.048929911106824875,0.692850649356842,0.5359278917312622,-0.01590849459171295,0.6786175966262817,0.45244792103767395,-0.028967931866645813,0.6697629690170288,0.39557087421417236,-0.041806336492300034,0.6610936522483826,0.3484318256378174,-0.05115906894207001,0.7262865304946899,0.5502411723136902,-0.02075917087495327,0.7126396298408508,0.48380810022354126,-0.03482695296406746,0.7022069096565247,0.4375346302986145,-0.04448999837040901,0.6934072971343994,0.3985096216201782,-0.05123268440365791
B,0.7187213897705078,0.7381297945976257,2.350135730466718e-07,0.6641039848327637,0.707815945148468,-0.02850494161248207,0.6337950825691223,0.6306637525558472,-0.0381663516163826,0.6537221074104309,0.5628841519355774,-0.04499056935310364,0.6877790093421936,0.548958420753479,-0.050009168684482574,0.6311589479446411,0.5483290553092957,-0.014111234806478024,0.6210306286811829,0.46514537930488586,-0.02773994393646717,0.6182684302330017,0.4133336544036865,-0.0411120243370533,0.6173554062843323,0.36839619278907776,-0.05282782018184662,0.6616308689117432,0.5333144068717957,-0.012057645246386528,0.6469376683235168,0.4449771046638489,-0.024666400626301765,0.6398571729660034,0.3843975067138672,-0.03789898380637169,0.6337493062019348,0.331844687461853,-0.0480840802192688,0.691704511642456,0.5356004238128662,-0.014289668761193752,0.6777567267417908,0.45310455560684204,-0.02783961407840252,0.6691769361495972,0.39622414112091064,-0.04187236726284027,0.6606669425964355,0.3491290807723999,-0.05185316130518913,0.7253595590591431,0.550722599029541,-0.019777938723564148,0.7125766277313232,0.4851180911064148,-0.03421775996685028,0.7024209499359131,0.4389013648033142,-0.04434523731470108,0.69387286901474,0.39884692430496216,-0.05140923708677292
B,0.7178194522857666,0.7371270060539246,2.3686469319272874e-07,0.6632999777793884,0.7062569856643677,-0.02773470990359783,0.6331952214241028,0.6310468912124634,-0.03796527534723282,0.6517756581306458,0.564643383026123,-0.04531215503811836,0.6867527961730957,0.5481410026550293,-0.05087472125887871,0.6297915577888489,0.5511935949325562,-0.017168162390589714,0.6196815967559814,0.4661334455013275,-0.031905293464660645,0.6169179677963257,0.41313186287879944,-0.04520640894770622,0.6155831813812256,0.3675507605075836,-0.05646046623587608,0.6600562930107117,0.5359731912612915,-0.015387561172246933,0.6461286544799805,0.4458513557910919,-0.02874666266143322,0.6392215490341187,0.3844664692878723,-0.04166489839553833,0.6330847144126892,0.3312157094478607,-0.051429782062768936,0.6901359558105469,0.5368413925170898,-0.017524754628539085,0.6770259141921997,0.4532923400402069,-0.031030960381031036,0.668250322341919,0.3958132863044739,-0.04461098089814186,0.6593519449234009,0.34764888882637024,-0.05423562973737717,0.7236442565917969,0.5504330992698669,-0.022756749764084816,0.7108041048049927,0.48471227288246155,-0.03684836998581886,0.7004028558731079,0.43837571144104004,-0.046510808169841766,0.6915433406829834,0.3985220193862915,-0.053087711334228516
B,0.7139252424240112,0.7403680682182312,2.0901809705264895e-07,0.6603896617889404,0.7064905166625977,-0.02283179946243763,0.6301600933074951,0.6287165880203247,-0.03138929605484009,0.6501283049583435,0.5627381205558777,-0.03817613795399666,0.6847121715545654,0.5486904382705688,-0.04352177679538727,0.6279650330543518,0.5473055839538574,-0.012864220887422562,0.6175916194915771,0.4644472002983093,-0.02649805136024952,0.6151975989341736,0.41229742765426636,-0.03967589884996414,0.6147825717926025,0.36713188886642456,-0.05128074437379837,0.6582817435264587,0.5322340130805969,-0.013904758729040623,0.6439027786254883,0.4441574215888977,-0.026163065806031227,0.6376811265945435,0.3840932846069336,-0.03885289654135704,0.6321434378623962,0.3319808840751648,-0.04887692257761955,0.6881292462348938,0.5341646671295166,-0.018523717299103737,0.6751360297203064,0.45186981558799744,-0.031128179281949997,0.6667673587799072,0.39547067880630493,-0.044029753655195236,0.658163845539093,0.3485638201236725,-0.053639452904462814,0.7209070324897766,0.5496105551719666,-0.025923797860741615,0.708573579788208,0.4838443696498871,-0.039669573307037354,0.6983139514923096,0.43763548135757446,-0.048832714557647705,0.6894906163215637,0.3980674147605896,-0.05536479875445366
B,0.7133989930152893,0.7412605285644531,2.222667063733752e-07,0.6596777439117432,0.7086825966835022,-0.02793850749731064,0.6277867555618286,0.6333124041557312,-0.03948970139026642,0.6454908847808838,0.564418613910675,-0.04829801246523857,0.6842361688613892,0.5485969185829163,-0.05505180358886719,0.6261628866195679,0.5482295155525208,-0.01612566038966179,0.6154496073722839,0.4652843177318573,-0.03126739338040352,0.6125415563583374,0.4136927127838135,-0.04551108554005623,0.6120179295539856,0.36881518363952637,-0.0576193630695343,0.6560814380645752,0.533559262752533,-0.014546286314725876,0.6409122347831726,0.44536903500556946,-0.027910083532333374,0.6338660717010498,0.38546767830848694,-0.04095395281910896,0.6284665465354919,0.3332282304763794,-0.0509924553334713,0.686144232749939,0.5353781580924988,-0.01700858771800995,0.6724252104759216,0.45298635959625244,-0.03045320324599743,0.6631118059158325,0.3965371251106262,-0.04337037727236748,0.654373049736023,0.3494613766670227,-0.052555862814188004,0.7200363278388977,0.5505933165550232,-0.0226913932710886,0.7068448066711426,0.4845491051673889,-0.03669634088873863,0.6960069537162781,0.43834030628204346,-0.045913100242614746,0.6866556406021118,0.39943739771842957,-0.05207851901650429
B,0.7125155925750732,0.7429670691490173,2.078982390685269e-07,0.6585181355476379,0.7079905867576599,-0.02824975922703743,0.6283062100410461,0.6296635270118713,-0.03878127038478851,0.6490563750267029,0.56365567445755,-0.046380698680877686,0.6868812441825867,0.5580845475196838,-0.051968272775411606,0.6247013211250305,0.5486057996749878,-0.01605735532939434,0.6139042377471924,0.46620041131973267,-0.02982926182448864,0.6111291646957397,0.414789617061615,-0.04315002262592316,0.6105173230171204,0.3693767189979553,-0.05501774325966835,0.6548343896865845,0.5332114100456238,-0.014094560407102108,0.6394011378288269,0.44498956203460693,-0.026253122836351395,0.6326739192008972,0.3852256238460541,-0.03833463042974472,0.6271398067474365,0.332601934671402,-0.04787859693169594,0.684901237487793,0.5349822640419006,-0.016181975603103638,0.6701328158378601,0.4529111385345459,-0.028778469190001488,0.6616682410240173,0.39731287956237793,-0.04147866368293762,0.6532912850379944,0.3501705825328827,-0.05065910518169403,0.7185837030410767,0.5508270263671875,-0.02159157395362854,0.7041322588920593,0.48483651876449585,-0.034746669232845306,0.6937081813812256,0.4394385516643524,-0.043693818151950836,0.685128390789032,0.4008665382862091,-0.049994636327028275
B,0.7095339894294739,0.738940954208374,2.3231616808061517e-07,0.6547842621803284,0.706549346446991,-0.026423942297697067,0.6237525939941406,0.6318023204803467,-0.03799726068973541,0.6421982645988464,0.5651949048042297,-0.04695505276322365,0.6788299083709717,0.5521219372749329,-0.054253462702035904,0.6235378384590149,0.5491043925285339,-0.018765857443213463,0.6132421493530273,0.4644719064235687,-0.03416439890861511,0.6101980209350586,0.4116434156894684,-0.047835998237133026,0.6090372204780579,0.36614441871643066,-0.059376977384090424,0.6538132429122925,0.5353754758834839,-0.018134884536266327,0.6393337249755859,0.44580933451652527,-0.032021623104810715,0.632677435874939,0.38540899753570557,-0.04453812539577484,0.6273223161697388,0.33336350321769714,-0.05390755459666252,0.6841235160827637,0.5374573469161987,-0.02110343985259533,0.6697079539299011,0.4538246989250183,-0.034885015338659286,0.6608232259750366,0.39684540033340454,-0.04744041711091995,0.6526089906692505,0.3496019244194031,-0.05619288608431816,0.7180749177932739,0.5530092120170593,-0.027025217190384865,0.7045533061027527,0.4864872097969055,-0.04125182703137398,0.6940852999687195,0.4402417242527008,-0.05015220120549202,0.6851494312286377,0.40138429403305054,-0.0559643916785717
B,0.7079675793647766,0.737788200378418,2.2014995693098172e-07,0.6532313823699951,0.7072156667709351,-0.025460487231612206,0.6233474016189575,0.6292527318000793,-0.0349544882774353,0.6442131996154785,0.5617417097091675,-0.04208957031369209,0.6807782649993896,0.5499818921089172,-0.047692615538835526,0.6218934059143066,0.5462953448295593,-0.015131482854485512,0.612482488155365,0.4623763859272003,-0.02872569113969803,0.6103018522262573,0.4108714461326599,-0.04155661165714264,0.6099194884300232,0.3665173053741455,-0.05286424607038498,0.6525040864944458,0.5320903062820435,-0.014775884337723255,0.6381180882453918,0.44308775663375854,-0.02713126875460148,0.6316754221916199,0.38327494263648987,-0.03931065648794174,0.6259968876838684,0.33212146162986755,-0.04873758181929588,0.6828277111053467,0.5350353717803955,-0.018207484856247902,0.6687723398208618,0.451579749584198,-0.03118649683892727,0.6600510478019714,0.39524203538894653,-0.043937668204307556,0.6515291333198547,0.3487190008163452,-0.05311141163110733,0.7166142463684082,0.551262617111206,-0.024605730548501015,0.7029521465301514,0.4843935966491699,-0.038878925144672394,0.6922504901885986,0.43786942958831787,-0.04830694943666458,0.6833669543266296,0.3981287479400635,-0.05476466566324234
B,0.7095579504966736,0.7368112802505493,2.519911390663765e-07,0.6548845767974854,0.7056319117546082,-0.026611512526869774,0.6243109107017517,0.6273728013038635,-0.03574522212147713,0.6459797620773315,0.5597302317619324,-0.04222448170185089,0.682925820350647,0.5512821078300476,-0.047083862125873566,0.6226096153259277,0.5472447276115417,-0.014137083664536476,0.6124386191368103,0.4631999731063843,-0.027245186269283295,0.609962522983551,0.4107211232185364,-0.04024301841855049,0.609637439250946,0.3654353618621826,-0.05174923315644264,0.6530110239982605,0.5327897071838379,-0.012782120145857334,0.6389005184173584,0.44351401925086975,-0.024905575439333916,0.6323847770690918,0.3820496201515198,-0.03774290159344673,0.6271688938140869,0.3293244540691376,-0.04755473881959915,0.6830694675445557,0.5351336598396301,-0.015335052274167538,0.6694545149803162,0.4536110460758209,-0.028252817690372467,0.6613801717758179,0.3958301544189453,-0.04232267290353775,0.6539319753646851,0.3483639061450958,-0.052248794585466385,0.7171481847763062,0.5506619215011597,-0.020935142412781715,0.7048966288566589,0.484296053647995,-0.03478498384356499,0.6949533224105835,0.4378807544708252,-0.04466802626848221,0.6867967844009399,0.39812541007995605,-0.05151883512735367
B,0.7099336981773376,0.7371992468833923,2.62301739439863e-07,0.6556105613708496,0.7050092220306396,-0.02623572200536728,0.6245863437652588,0.6280162930488586,-0.03633146733045578,0.6440029740333557,0.5590506196022034,-0.043878816068172455,0.6818984746932983,0.5471287965774536,-0.04966151714324951,0.6225714087486267,0.5481868982315063,-0.014599605463445187,0.6139651536941528,0.46333977580070496,-0.02820752002298832,0.612185001373291,0.410306453704834,-0.04115709662437439,0.6118521690368652,0.36471450328826904,-0.05247572436928749,0.6537467241287231,0.5335862636566162,-0.013706179335713387,0.6413472294807434,0.4442908465862274,-0.026112407445907593,0.635709285736084,0.3836997151374817,-0.03884046897292137,0.6303425431251526,0.3314056992530823,-0.048439089208841324,0.6846330165863037,0.5356241464614868,-0.016577567905187607,0.671868085861206,0.4539912939071655,-0.029658406972885132,0.6636708378791809,0.3960970640182495,-0.04327605664730072,0.6554129123687744,0.34794628620147705,-0.05277327448129654,0.7188325524330139,0.551272988319397,-0.022380156442523003,0.7070494294166565,0.4850655794143677,-0.03626297786831856,0.6971191167831421,0.4384181499481201,-0.045722845941782,0.6881856322288513,0.3990267515182495,-0.052048973739147186
B,0.7100447416305542,0.7360109090805054,2.6415941078994365e-07,0.6560112237930298,0.7037534117698669,-0.02734300121665001,0.6249881386756897,0.6291165947914124,-0.03893551602959633,0.643774688243866,0.5606420040130615,-0.04782400652766228,0.681731641292572,0.5470892190933228,-0.05505423992872238,0.6248688697814941,0.5462816953659058,-0.017891714349389076,0.6164736151695251,0.4619426727294922,-0.03357445076107979,0.6151916980743408,0.4083990752696991,-0.04774833843111992,0.615935742855072,0.36214423179626465,-0.05968230962753296,0.6562279462814331,0.5323188304901123,-0.01707262545824051,0.6440090537071228,0.443445086479187,-0.03142280876636505,0.6386823058128357,0.38242805004119873,-0.045096661895513535,0.6341890096664429,0.32954102754592896,-0.05521019920706749,0.687112033367157,0.5351024270057678,-0.019999878481030464,0.6747397184371948,0.4535549283027649,-0.0348663367331028,0.6663890480995178,0.3957548141479492,-0.04903009533882141,0.6584365367889404,0.34719163179397583,-0.058632295578718185,0.7208091616630554,0.5513770580291748,-0.025875335559248924,0.7090579271316528,0.48397088050842285,-0.04156775772571564,0.6994051933288574,0.43665510416030884,-0.05188712477684021,0.6908586025238037,0.39636439085006714,-0.05852832272648811
B,0.7106263041496277,0.7393912076950073,2.4693383693374926e-07,0.6565247178077698,0.7053112387657166,-0.02543536201119423,0.6263834238052368,0.6244884729385376,-0.03503169119358063,0.6478561162948608,0.5554379820823669,-0.04225431755185127,0.6867778301239014,0.5458241701126099,-0.047865841537714005,0.6264503002166748,0.5454039573669434,-0.014162703417241573,0.6188743114471436,0.4612370729446411,-0.027532273903489113,0.61834716796875,0.4086948037147522,-0.040647126734256744,0.6194982528686523,0.36297667026519775,-0.05229773744940758,0.657180905342102,0.5315266847610474,-0.013795465230941772,0.6457502245903015,0.4420236349105835,-0.025867506861686707,0.6409696340560913,0.3807019293308258,-0.03854227066040039,0.6368829607963562,0.32738620042800903,-0.04831565171480179,0.6872853636741638,0.5346001386642456,-0.01715054176747799,0.6758376359939575,0.45239949226379395,-0.029639046639204025,0.6689071655273438,0.39499181509017944,-0.04275213181972504,0.6619306206703186,0.3469316065311432,-0.052159592509269714,0.7206966876983643,0.5513983368873596,-0.023487739264965057,0.7095271944999695,0.48428669571876526,-0.03704841062426567,0.7005116939544678,0.43716633319854736,-0.0462958849966526,0.6928204894065857,0.3970106244087219,-0.05265771970152855
B,0.7107586860656738,0.7449660301208496,2.1551038287270785e-07,0.6565595865249634,0.7102543711662292,-0.02657531574368477,0.6265935897827148,0.6290895342826843,-0.03653559461236,0.6463614106178284,0.5592244863510132,-0.04386071860790253,0.6837218403816223,0.5452019572257996,-0.04929518699645996,0.6283055543899536,0.5488162040710449,-0.01600944809615612,0.6200578808784485,0.46218883991241455,-0.030405305325984955,0.6180171370506287,0.40824562311172485,-0.04359011352062225,0.6180952787399292,0.3618934750556946,-0.054995324462652206,0.6587374210357666,0.5351804494857788,-0.014733443967998028,0.6464189291000366,0.4438527822494507,-0.02763502299785614,0.6407842040061951,0.3816262483596802,-0.04007934033870697,0.636553168296814,0.3282315135002136,-0.04974780231714249,0.6887023448944092,0.5377210974693298,-0.017294667661190033,0.6776928901672363,0.4523497223854065,-0.03057410940527916,0.6701987981796265,0.3937077522277832,-0.0437166802585125,0.6627591848373413,0.345192015171051,-0.05326104909181595,0.7220436334609985,0.5534578561782837,-0.022905603051185608,0.711384654045105,0.4856821894645691,-0.03730715438723564,0.7020940184593201,0.4380159378051758,-0.04716261103749275,0.693791925907135,0.39817243814468384,-0.05396251380443573
B,0.7111862301826477,0.7420416474342346,2.1376428094299627e-07,0.6570752263069153,0.7080332040786743,-0.025636404752731323,0.6274566054344177,0.6286200881004333,-0.03567097336053848,0.6485562324523926,0.5593701004981995,-0.04347367584705353,0.685699462890625,0.546028733253479,-0.049535445868968964,0.6293439865112305,0.5420653223991394,-0.014220471493899822,0.6208751201629639,0.4567161202430725,-0.02853991836309433,0.6199758648872375,0.40445417165756226,-0.04218585789203644,0.6210604906082153,0.3595290780067444,-0.053966548293828964,0.6600040197372437,0.5292848944664001,-0.013855062425136566,0.6472882628440857,0.4386191666126251,-0.02692820318043232,0.6422666311264038,0.3779642581939697,-0.03977485001087189,0.638233482837677,0.32615119218826294,-0.04956716299057007,0.6901296377182007,0.5334491729736328,-0.017381055280566216,0.677749514579773,0.4490283727645874,-0.030767112970352173,0.6706435680389404,0.3919101357460022,-0.043833695352077484,0.6637118458747864,0.345144659280777,-0.05315431207418442,0.723533034324646,0.5514087080955505,-0.02392241358757019,0.7121294140815735,0.4835786521434784,-0.03814148157835007,0.7028141021728516,0.43660232424736023,-0.047605615109205246,0.6948238015174866,0.39678189158439636,-0.05407122150063515
B,0.7089617848396301,0.7404725551605225,2.0694430702405953e-07,0.6557030081748962,0.7064834833145142,-0.02489677630364895,0.626934289932251,0.6268743276596069,-0.034734077751636505,0.6473339796066284,0.5570551156997681,-0.04238694906234741,0.6833879947662354,0.5424985289573669,-0.048458244651556015,0.6291465163230896,0.5430951118469238,-0.015745719894766808,0.6222617030143738,0.4562405049800873,-0.030142731964588165,0.6218608617782593,0.4033016562461853,-0.043153636157512665,0.6229477524757385,0.35836341977119446,-0.05438541993498802,0.6600945591926575,0.530338704586029,-0.015676191076636314,0.648780345916748,0.4380874037742615,-0.028961466625332832,0.6440721750259399,0.3769541382789612,-0.041604604572057724,0.6397070288658142,0.32540202140808105,-0.051240138709545135,0.6902363896369934,0.5340192317962646,-0.0192362442612648,0.6793317198753357,0.4476553201675415,-0.03282108157873154,0.6721610426902771,0.38987159729003906,-0.0461394339799881,0.6646479368209839,0.34286653995513916,-0.0556553490459919,0.7232686281204224,0.5513113141059875,-0.025617705658078194,0.7125411629676819,0.4826197028160095,-0.040264930576086044,0.7033110857009888,0.4348626732826233,-0.050285521894693375,0.6948016285896301,0.3949759602546692,-0.05711032822728157
B,0.7074701189994812,0.7386583089828491,2.1487274182163674e-07,0.6541397571563721,0.7064296007156372,-0.025158563628792763,0.627162516117096,0.6261300444602966,-0.03403019160032272,0.6468956470489502,0.5556870698928833,-0.04071744531393051,0.6788746118545532,0.5407830476760864,-0.0457720085978508,0.6298516392707825,0.5413048267364502,-0.013407275080680847,0.6224331259727478,0.45613351464271545,-0.027180196717381477,0.6219819784164429,0.4033792018890381,-0.04010511562228203,0.6232095956802368,0.35818320512771606,-0.05136680230498314,0.6606324315071106,0.5286940932273865,-0.013222544454038143,0.6490986347198486,0.43777379393577576,-0.026098519563674927,0.6448273658752441,0.3761567175388336,-0.038943059742450714,0.641064465045929,0.32342877984046936,-0.048804789781570435,0.6904139518737793,0.5333885550498962,-0.016935378313064575,0.6796872019767761,0.4492962956428528,-0.03060445375740528,0.6736307740211487,0.3915466368198395,-0.04436199367046356,0.6671042442321777,0.34429019689559937,-0.05424242094159126,0.7230190634727478,0.5509108304977417,-0.023550983518362045,0.7130423784255981,0.4837927222251892,-0.038166485726833344,0.7043581604957581,0.43674802780151367,-0.04838123917579651,0.6964975595474243,0.39634960889816284,-0.05555751919746399
B,0.7078784704208374,0.739856481552124,1.6972100524981215e-07,0.6543542742729187,0.7063051462173462,-0.022685885429382324,0.6278841495513916,0.62531578540802,-0.0302573274821043,0.6468096971511841,0.5551876425743103,-0.03628363832831383,0.6776911020278931,0.5425540208816528,-0.04085004702210426,0.631530225276947,0.5403438210487366,-0.010435551404953003,0.6230668425559998,0.4561114013195038,-0.02333785407245159,0.6218633055686951,0.40382856130599976,-0.03574197366833687,0.6228340864181519,0.3591124415397644,-0.04680366814136505,0.661901593208313,0.5275523662567139,-0.011465951800346375,0.6495358943939209,0.4377840757369995,-0.02365206554532051,0.6448838114738464,0.37686780095100403,-0.03587333485484123,0.6411629319190979,0.32494622468948364,-0.04537598043680191,0.6913754940032959,0.532162070274353,-0.016318542882800102,0.6794528365135193,0.4469684660434723,-0.029563935473561287,0.6727539896965027,0.3894731402397156,-0.04278768226504326,0.6659572720527649,0.3422549068927765,-0.05240676552057266,0.7236002087593079,0.5501393675804138,-0.023942729458212852,0.7128366231918335,0.4823654592037201,-0.038275282829999924,0.7038995027542114,0.435276061296463,-0.04815876483917236,0.6959611177444458,0.395099401473999,-0.05522148311138153
B,0.710735023021698,0.7403088212013245,1.7661442086591705e-07,0.6575487852096558,0.7063910961151123,-0.024693522602319717,0.6298027038574219,0.6253105401992798,-0.03299672529101372,0.6472293734550476,0.5550105571746826,-0.03947336599230766,0.678695559501648,0.5386937856674194,-0.04413687065243721,0.6329631209373474,0.5407522916793823,-0.010157265700399876,0.6240065097808838,0.4569374918937683,-0.023331915959715843,0.6222120523452759,0.40460681915283203,-0.03601060062646866,0.6225564479827881,0.3597424626350403,-0.04713652282953262,0.6628250479698181,0.5282882452011108,-0.010063021443784237,0.6505550146102905,0.43881914019584656,-0.02244267798960209,0.645658016204834,0.3777756094932556,-0.03517948463559151,0.6419305205345154,0.3251502513885498,-0.04499903321266174,0.6918652653694153,0.5325647592544556,-0.014058816246688366,0.6803683638572693,0.44776609539985657,-0.027465157210826874,0.6737246513366699,0.3904288709163666,-0.040863633155822754,0.6671364307403564,0.34275978803634644,-0.05048813298344612,0.723860502243042,0.5497928261756897,-0.021006375551223755,0.7134600877761841,0.48317021131515503,-0.034896183758974075,0.7047070860862732,0.43654435873031616,-0.04450725018978119,0.6970751881599426,0.39648547768592834,-0.05137154087424278
B,0.70937180519104,0.7371159195899963,1.8920628974683495e-07,0.6570468544960022,0.7003064155578613,-0.024616381153464317,0.6321308612823486,0.6205083727836609,-0.033452004194259644,0.6520147323608398,0.553900420665741,-0.04049931466579437,0.6852332353591919,0.5423657894134521,-0.045755889266729355,0.6332160830497742,0.5371004939079285,-0.011270119808614254,0.6252444386482239,0.4530479907989502,-0.024872563779354095,0.6239076852798462,0.4010362923145294,-0.03781360015273094,0.6241292357444763,0.35627830028533936,-0.04910304397344589,0.6634760499000549,0.5251448750495911,-0.011523868888616562,0.6515496969223022,0.4361180067062378,-0.024358946830034256,0.6470198631286621,0.3759567439556122,-0.037222541868686676,0.6431014537811279,0.3235999047756195,-0.04704736918210983,0.6930255889892578,0.5295141935348511,-0.01579652726650238,0.681789755821228,0.4447695016860962,-0.029366644099354744,0.6751982569694519,0.38760414719581604,-0.0426994264125824,0.6682742238044739,0.3399108052253723,-0.05214782804250717,0.7254239320755005,0.546511709690094,-0.023042596876621246,0.7150859236717224,0.47905465960502625,-0.0370301753282547,0.7064029574394226,0.4321781396865845,-0.046482473611831665,0.6982627511024475,0.392392635345459,-0.05309297889471054
B,0.7103255391120911,0.7332171201705933,1.8159094850034307e-07,0.6594184637069702,0.6964501142501831,-0.02316405437886715,0.633778989315033,0.6147428154945374,-0.03124465048313141,0.6545097827911377,0.5494293570518494,-0.03754475340247154,0.6897702813148499,0.5392326712608337,-0.04209764674305916,0.6345633864402771,0.5335686802864075,-0.011148693040013313,0.6264526844024658,0.45075860619544983,-0.02367447316646576,0.6250608563423157,0.3994629681110382,-0.03575543686747551,0.6254140138626099,0.354922890663147,-0.04665607213973999,0.6641642451286316,0.5215791463851929,-0.01165570318698883,0.6527642607688904,0.4339451193809509,-0.02336050383746624,0.6490336656570435,0.375017911195755,-0.035203468054533005,0.6458053588867188,0.3233812153339386,-0.04449194669723511,0.6935276389122009,0.5261448621749878,-0.01589363068342209,0.6824058890342712,0.44340580701828003,-0.028500109910964966,0.676906943321228,0.38762715458869934,-0.040998972952365875,0.6711851358413696,0.34103164076805115,-0.050135333091020584,0.725805401802063,0.5432268381118774,-0.022956926375627518,0.7151251435279846,0.4781423807144165,-0.03620821610093117,0.7069908380508423,0.43250733613967896,-0.045082032680511475,0.7000214457511902,0.39367932081222534,-0.05147132650017738
B,0.7128321528434753,0.7350162863731384,1.5336703995671996e-07,0.6598190665245056,0.6976503729820251,-0.022028865292668343,0.6365138292312622,0.6150921583175659,-0.028180979192256927,0.656958818435669,0.5492141246795654,-0.03283539414405823,0.6853530406951904,0.5369447469711304,-0.03576435148715973,0.6360749006271362,0.5344367623329163,-0.007020096760243177,0.6273758411407471,0.4523486793041229,-0.01889093779027462,0.6257367134094238,0.4006829261779785,-0.031031614169478416,0.6254695057868958,0.35588064789772034,-0.041843101382255554,0.6660506129264832,0.521220326423645,-0.007755172438919544,0.6539971232414246,0.43354693055152893,-0.018790891394019127,0.6495407223701477,0.3733978867530823,-0.03080812841653824,0.6452339291572571,0.32121121883392334,-0.04012646526098251,0.6952386498451233,0.5250408053398132,-0.012391645461320877,0.6838581562042236,0.44188418984413147,-0.024654263630509377,0.6780921220779419,0.38510024547576904,-0.03740755468606949,0.6714856028556824,0.33758509159088135,-0.04660524055361748,0.7269833087921143,0.5414373874664307,-0.019854597747325897,0.7167314291000366,0.47515103220939636,-0.03281278535723686,0.7081379890441895,0.42890846729278564,-0.041511546820402145,0.7002885937690735,0.3894919157028198,-0.047729216516017914
B,0.7122387886047363,0.7316065430641174,1.939849312293518e-07,0.6607515811920166,0.6945489645004272,-0.026647521182894707,0.6362673044204712,0.61302649974823,-0.035576026886701584,0.6567599177360535,0.5443820953369141,-0.042041562497615814,0.6924586892127991,0.534160852432251,-0.046412624418735504,0.6356746554374695,0.5327333211898804,-0.011611195281147957,0.628708004951477,0.44959643483161926,-0.02487054467201233,0.6272948384284973,0.39779531955718994,-0.03789350762963295,0.6273818016052246,0.35269975662231445,-0.04933210462331772,0.6661331057548523,0.5202602744102478,-0.010311064310371876,0.6544376611709595,0.4324100613594055,-0.022452201694250107,0.6494356393814087,0.3713087737560272,-0.03497439995408058,0.6450254321098328,0.3175254464149475,-0.044673409312963486,0.695867657661438,0.5246291160583496,-0.013241514563560486,0.6849547624588013,0.4420270025730133,-0.026249753311276436,0.6781826615333557,0.38499367237091064,-0.03940453380346298,0.6711335182189941,0.33645522594451904,-0.04875978082418442,0.7285546064376831,0.5414319038391113,-0.01937110908329487,0.7172456383705139,0.47480177879333496,-0.033271100372076035,0.7087630033493042,0.4277125597000122,-0.04286441579461098,0.7017139792442322,0.3873869776725769,-0.0494781993329525
B,0.7126287817955017,0.731995701789856,1.839687229221454e-07,0.6623981595039368,0.692618191242218,-0.024844281375408173,0.6385013461112976,0.6124319434165955,-0.033677712082862854,0.6598385572433472,0.5466789603233337,-0.04059170186519623,0.6948845386505127,0.5346552729606628,-0.04566439613699913,0.6369637846946716,0.5327767729759216,-0.01158901210874319,0.6295735239982605,0.45022502541542053,-0.025322042405605316,0.6285784244537354,0.39841049909591675,-0.03854436054825783,0.628708004951477,0.352641224861145,-0.050198543816804886,0.6670848727226257,0.5204076766967773,-0.011687132529914379,0.6557930707931519,0.432533323764801,-0.024584010243415833,0.6518837213516235,0.3718973994255066,-0.0377204604446888,0.6480101346969604,0.31813907623291016,-0.0479782372713089,0.6966703534126282,0.5243717432022095,-0.015770945698022842,0.6856671571731567,0.4417189359664917,-0.029466573148965836,0.6800308227539062,0.38454002141952515,-0.04303469508886337,0.6737902760505676,0.335737943649292,-0.052787620574235916,0.7289220094680786,0.5408321022987366,-0.022854313254356384,0.7185785174369812,0.47411686182022095,-0.03716063126921654,0.7107375264167786,0.42673367261886597,-0.04692256823182106,0.7037011384963989,0.3859431743621826,-0.053860656917095184
B,0.7158188223838806,0.7354588508605957,1.415371713164859e-07,0.6655999422073364,0.694342851638794,-0.024925095960497856,0.6402433514595032,0.6114511489868164,-0.033080101013183594,0.6604405045509338,0.5436959862709045,-0.03923411667346954,0.6954302787780762,0.5278690457344055,-0.04341727867722511,0.6396564245223999,0.5309675335884094,-0.010411791503429413,0.6303715705871582,0.44922879338264465,-0.02323663793504238,0.6282328963279724,0.39767104387283325,-0.03624868765473366,0.6269364356994629,0.35148608684539795,-0.04797731712460518,0.6695801019668579,0.5179115533828735,-0.009898479096591473,0.6583825945854187,0.4299818277359009,-0.02106425166130066,0.6544263362884521,0.3709966838359833,-0.03334692493081093,0.6502748131752014,0.31895875930786133,-0.04350758716464043,0.6983814239501953,0.5220946669578552,-0.013393038883805275,0.6874271035194397,0.4400414526462555,-0.02529982663691044,0.6815308332443237,0.3842431902885437,-0.037831518799066544,0.6749125719070435,0.33715197443962097,-0.04747679829597473,0.7293980121612549,0.5389750599861145,-0.02005307748913765,0.719903826713562,0.4747159481048584,-0.03248526155948639,0.7118040323257446,0.428316593170166,-0.041307516396045685,0.7046234607696533,0.38896429538726807,-0.04807091876864433
B,0.7172578573226929,0.7355679273605347,1.4758782640456047e-07,0.6660576462745667,0.697235107421875,-0.027154069393873215,0.641144335269928,0.6153863668441772,-0.03618793562054634,0.6604553461074829,0.5473645329475403,-0.04274825006723404,0.6923682689666748,0.5293511748313904,-0.04713156074285507,0.6397067308425903,0.5332702994346619,-0.013099675066769123,0.6301921010017395,0.44793426990509033,-0.0270261038094759,0.6287303566932678,0.3949993848800659,-0.04019119217991829,0.6287531852722168,0.3487815260887146,-0.05158344656229019,0.6699129939079285,0.5203044414520264,-0.011400332674384117,0.6577466726303101,0.43062296509742737,-0.023901529610157013,0.6536744832992554,0.3694085478782654,-0.03644661605358124,0.6503301858901978,0.31621623039245605,-0.046512212604284286,0.6995556950569153,0.523874044418335,-0.013967075385153294,0.6877968907356262,0.4400305151939392,-0.027029162272810936,0.6815570592880249,0.3818945288658142,-0.03996419161558151,0.675366997718811,0.33338892459869385,-0.049603551626205444,0.7318206429481506,0.5397687554359436,-0.01983707584440708,0.7213200330734253,0.47267717123031616,-0.03344633802771568,0.7127844095230103,0.42478907108306885,-0.043011657893657684,0.7055650949478149,0.38377535343170166,-0.05004565045237541
B,0.7148582935333252,0.7309169769287109,1.7894964798870205e-07,0.6643316149711609,0.6920735836029053,-0.023542532697319984,0.6394752860069275,0.6123208999633789,-0.03188921511173248,0.6586509346961975,0.5454970002174377,-0.038610201328992844,0.6912152171134949,0.5298519134521484,-0.043516337871551514,0.638657808303833,0.5317979454994202,-0.010364382527768612,0.6305616497993469,0.44859451055526733,-0.023953886702656746,0.6293342709541321,0.39700931310653687,-0.03688407689332962,0.6295923590660095,0.3520195484161377,-0.048164401203393936,0.6687537431716919,0.5194463729858398,-0.01115776039659977,0.6572532057762146,0.4300839304924011,-0.023998724296689034,0.6531721949577332,0.3691079020500183,-0.03719353303313255,0.649346113204956,0.3158971667289734,-0.04739074036478996,0.6984986662864685,0.5237358808517456,-0.015877271071076393,0.6872298717498779,0.43993836641311646,-0.029499100521206856,0.681405246257782,0.38257068395614624,-0.042982351034879684,0.6750454306602478,0.3344290256500244,-0.05264471471309662,0.730926513671875,0.5403055548667908,-0.023446256294846535,0.7204505801200867,0.47298887372016907,-0.03755680471658707,0.7119742035865784,0.42532235383987427,-0.04712574556469917,0.704207181930542,0.3844723105430603,-0.053893618285655975
B,0.716826319694519,0.7316598892211914,1.6011907177926332e-07,0.6651545763015747,0.6931046843528748,-0.022902971133589745,0.6415429711341858,0.6111171245574951,-0.029979078099131584,0.6638377904891968,0.5461271405220032,-0.035413067787885666,0.6958933472633362,0.5344542860984802,-0.039143454283475876,0.6393020153045654,0.5311114192008972,-0.009682495146989822,0.6308884024620056,0.44806885719299316,-0.0218795258551836,0.6293701529502869,0.39687734842300415,-0.03400528058409691,0.6290731430053711,0.3520251512527466,-0.04505947232246399,0.6698302626609802,0.5180084705352783,-0.010373514145612717,0.6580114364624023,0.42909467220306396,-0.021821171045303345,0.6535176634788513,0.36910006403923035,-0.03412024676799774,0.648910403251648,0.316789448261261,-0.04400502145290375,0.6996333599090576,0.5220698118209839,-0.014924444258213043,0.6879810094833374,0.4386458992958069,-0.027340345084667206,0.6816272139549255,0.3819119930267334,-0.040474824607372284,0.6744537353515625,0.33416062593460083,-0.05034172534942627,0.7316202521324158,0.5389323830604553,-0.02233843505382538,0.7208585143089294,0.4724764823913574,-0.035846300423145294,0.7121087312698364,0.42580553889274597,-0.045292697846889496,0.7044095993041992,0.3855740427970886,-0.05228554084897041
B,0.7176352143287659,0.7328112125396729,1.8546417379639024e-07,0.6653590798377991,0.6937219500541687,-0.024988723918795586,0.6417959928512573,0.6112632751464844,-0.03261975198984146,0.6636022925376892,0.5458961129188538,-0.038054704666137695,0.6954755783081055,0.5354290008544922,-0.041417043656110764,0.6387730240821838,0.5322495102882385,-0.009827195666730404,0.6304736733436584,0.4484603703022003,-0.022084945812821388,0.6292533278465271,0.39652618765830994,-0.034552935510873795,0.6294786334037781,0.350913405418396,-0.04576782509684563,0.6691793203353882,0.5186208486557007,-0.00909050926566124,0.6570826768875122,0.4302458167076111,-0.020063823089003563,0.6527060866355896,0.36956340074539185,-0.03215869143605232,0.64886873960495,0.3158760070800781,-0.041871409863233566,0.6991569995880127,0.5220662355422974,-0.012497484683990479,0.687439501285553,0.4392760992050171,-0.024219747632741928,0.6813294887542725,0.38170576095581055,-0.03691360354423523,0.6749142408370972,0.3323792517185211,-0.04645837843418121,0.7319444417953491,0.5382726192474365,-0.01905200444161892,0.7209047079086304,0.47272080183029175,-0.0316668301820755,0.7124730944633484,0.42621827125549316,-0.040501318871974945,0.7056608200073242,0.38542237877845764,-0.04703391343355179
B,0.7185473442077637,0.7335308790206909,1.6545467929063307e-07,0.6669282913208008,0.6935047507286072,-0.025630634278059006,0.6413248777389526,0.6107423901557922,-0.03404100239276886,0.6605933308601379,0.5438471436500549,-0.04018945246934891,0.6944109797477722,0.535372793674469,-0.04419313743710518,0.6397466659545898,0.5303968787193298,-0.01107705570757389,0.6310328245162964,0.44843998551368713,-0.023663705214858055,0.6298006176948547,0.3973158001899719,-0.036203350871801376,0.6303139925003052,0.3515689969062805,-0.04764578863978386,0.6695461273193359,0.517423152923584,-0.010372143238782883,0.6570621728897095,0.43048742413520813,-0.02183975838124752,0.6527092456817627,0.37015920877456665,-0.03390927240252495,0.6493342518806458,0.3159780502319336,-0.043738722801208496,0.6991353631019592,0.5214738249778748,-0.013799947686493397,0.6870195269584656,0.43871015310287476,-0.026489274576306343,0.6804473400115967,0.3812497556209564,-0.03924228250980377,0.673730731010437,0.3314826190471649,-0.04867227002978325,0.7318769693374634,0.5381617546081543,-0.02038818970322609,0.7203033566474915,0.4706547260284424,-0.03368944302201271,0.7120867967605591,0.42439016699790955,-0.04269304871559143,0.7050145268440247,0.38435298204421997,-0.04932349547743797
B,0.7170323729515076,0.7314779162406921,2.1069784850169526e-07,0.6654367446899414,0.6942455172538757,-0.02817140333354473,0.6399999260902405,0.614479660987854,-0.038324251770973206,0.6606840491294861,0.5447891354560852,-0.04577701911330223,0.6962029337882996,0.5297670960426331,-0.05091192200779915,0.6382328271865845,0.5312820076942444,-0.013235596008598804,0.6308688521385193,0.44773322343826294,-0.02706816978752613,0.6296504139900208,0.3959289789199829,-0.040440283715724945,0.6300089955329895,0.3506759703159332,-0.05216746777296066,0.6686488389968872,0.5180057883262634,-0.011436057277023792,0.6568707227706909,0.42972493171691895,-0.023926548659801483,0.6519920825958252,0.3699890375137329,-0.036571722477674484,0.6474016904830933,0.31784796714782715,-0.04650474339723587,0.6986389756202698,0.5215803384780884,-0.014006162993609905,0.6874377131462097,0.43900254368782043,-0.02710958756506443,0.6804419159889221,0.3826790452003479,-0.039793211966753006,0.6729536652565002,0.33523619174957275,-0.04899274930357933,0.7316709756851196,0.537659764289856,-0.01994636282324791,0.7209591269493103,0.47147372364997864,-0.03390488028526306,0.71223384141922,0.4249676764011383,-0.04326101392507553,0.70441734790802,0.38547366857528687,-0.04975605383515358
B,0.7168136239051819,0.7294867634773254,2.1202710343004583e-07,0.6641638278961182,0.6942586302757263,-0.02733476273715496,0.6373494863510132,0.6143205165863037,-0.03758272901177406,0.6584498286247253,0.5450361967086792,-0.045193567872047424,0.6956970691680908,0.5314935445785522,-0.05089747905731201,0.6380541920661926,0.5338165760040283,-0.015774231404066086,0.6305962204933167,0.4490470588207245,-0.03035919927060604,0.6289116740226746,0.3971831202507019,-0.043935347348451614,0.6293573379516602,0.3520320653915405,-0.055680446326732635,0.6688799262046814,0.5210709571838379,-0.014413242228329182,0.6568886041641235,0.43115633726119995,-0.0274715106934309,0.6516399383544922,0.3704814612865448,-0.04029298573732376,0.6477172374725342,0.3174029588699341,-0.05030303820967674,0.6990837454795837,0.5250809192657471,-0.01710463874042034,0.6884931921958923,0.4408627450466156,-0.03070148266851902,0.6810506582260132,0.38294053077697754,-0.04428281635046005,0.6737598180770874,0.33424460887908936,-0.054102540016174316,0.732353925704956,0.542077362537384,-0.02293730340898037,0.7210958003997803,0.47439152002334595,-0.037667810916900635,0.711380124092102,0.42669567465782166,-0.04788053408265114,0.7029820680618286,0.38621246814727783,-0.05491252243518829
B,0.7184823155403137,0.7302160263061523,1.8034033644198644e-07,0.6642293930053711,0.6940361857414246,-0.02727774903178215,0.6379161477088928,0.6147273182868958,-0.036432746797800064,0.6579102873802185,0.5459930896759033,-0.04301762208342552,0.6927040815353394,0.5312594771385193,-0.0474039763212204,0.638995885848999,0.5307298302650452,-0.01158847101032734,0.6308109760284424,0.44717273116111755,-0.02464517578482628,0.6292852759361267,0.3960215449333191,-0.03750996291637421,0.6298230886459351,0.3509443402290344,-0.048913273960351944,0.6696414351463318,0.5169761776924133,-0.009920491836965084,0.6574403047561646,0.429363876581192,-0.021434098482131958,0.6520419716835022,0.3702367842197418,-0.033528536558151245,0.6480062007904053,0.3185029625892639,-0.043223414570093155,0.6995342373847961,0.5209996700286865,-0.01264964696019888,0.6887378692626953,0.43781912326812744,-0.025382431223988533,0.6812622547149658,0.38177478313446045,-0.038069598376750946,0.6738024353981018,0.3339081406593323,-0.04732918739318848,0.7323952317237854,0.5383569002151489,-0.018645843490958214,0.721283495426178,0.47107818722724915,-0.0323767364025116,0.7116509675979614,0.425159215927124,-0.04158969223499298,0.7030082941055298,0.3855499029159546,-0.04802478849887848
B,0.7205186486244202,0.7342269420623779,1.407313732215698e-07,0.6672357320785522,0.6952157020568848,-0.025539133697748184,0.6412250995635986,0.6153326034545898,-0.033599499613046646,0.660140872001648,0.5473430752754211,-0.03947504609823227,0.6906695365905762,0.5349225997924805,-0.04329438507556915,0.6407994031906128,0.5319956541061401,-0.009740577079355717,0.6310753226280212,0.4491022527217865,-0.02191985212266445,0.6291513442993164,0.397868812084198,-0.034412071108818054,0.6290563941001892,0.3522726595401764,-0.04584858939051628,0.6714165210723877,0.5181566476821899,-0.008901284076273441,0.6585589647293091,0.43010419607162476,-0.019831068813800812,0.6537975072860718,0.3705748915672302,-0.031764864921569824,0.6496496200561523,0.31822633743286133,-0.04172201827168465,0.7010326385498047,0.5214200019836426,-0.012300832197070122,0.6883615851402283,0.4384234845638275,-0.024644097313284874,0.6814800500869751,0.38143062591552734,-0.03724529594182968,0.6744422316551208,0.3329384922981262,-0.04686327278614044,0.7335121631622314,0.5375261902809143,-0.018904777243733406,0.7215116024017334,0.4709373116493225,-0.03229442238807678,0.7127217054367065,0.42445045709609985,-0.04148450866341591,0.7053154110908508,0.38440853357315063,-0.04841000959277153
B,0.7191932201385498,0.7343283295631409,1.6009020953333675e-07,0.666197657585144,0.6964384913444519,-0.0259224995970726,0.6402902007102966,0.6155150532722473,-0.03419278934597969,0.6595587730407715,0.5478351712226868,-0.04015856981277466,0.6916177272796631,0.5373930931091309,-0.044109515845775604,0.6400987505912781,0.5342154502868652,-0.010986197739839554,0.6316720843315125,0.45022469758987427,-0.023404479026794434,0.6300991773605347,0.3990491032600403,-0.03569796308875084,0.6302394866943359,0.35342860221862793,-0.04692903533577919,0.6705575585365295,0.5203472375869751,-0.010022337548434734,0.6585338115692139,0.43171045184135437,-0.02150552347302437,0.6533481478691101,0.3716418743133545,-0.03358190506696701,0.6489684581756592,0.31840914487838745,-0.043314047157764435,0.7002980709075928,0.5240219831466675,-0.013262188993394375,0.6887203454971313,0.43968939781188965,-0.026357661932706833,0.681463897228241,0.3826061487197876,-0.039632394909858704,0.6739542484283447,0.3328428566455841,-0.04932641610503197,0.733158528804779,0.5408511161804199,-0.01957956701517105,0.7217671275138855,0.47268161177635193,-0.03360666334629059,0.7131446003913879,0.4266003966331482,-0.04329373687505722,0.7055416703224182,0.38610947132110596,-0.050296034663915634
B,0.7198305130004883,0.7338337898254395,1.7826296527800878e-07,0.6667400002479553,0.6944649815559387,-0.02712872438132763,0.6396670937538147,0.615372359752655,-0.03675423189997673,0.6582459807395935,0.547046959400177,-0.043853115290403366,0.6920103430747986,0.5374580025672913,-0.04859267175197601,0.6400619149208069,0.5324690341949463,-0.012105612084269524,0.6315178871154785,0.44820737838745117,-0.025209300220012665,0.6296611428260803,0.3971484899520874,-0.03778911754488945,0.6300910711288452,0.3518901467323303,-0.04902864992618561,0.6702524423599243,0.518851637840271,-0.010530796833336353,0.6578050851821899,0.43027275800704956,-0.02254326269030571,0.6526128649711609,0.37060055136680603,-0.03424727916717529,0.6489579081535339,0.3177282214164734,-0.043455369770526886,0.7002383470535278,0.5223549008369446,-0.013265806250274181,0.6884528994560242,0.4383188486099243,-0.02651114948093891,0.6812670230865479,0.38203662633895874,-0.03870845586061478,0.6742969751358032,0.33290237188339233,-0.04738885909318924,0.733690619468689,0.5391833782196045,-0.019256513565778732,0.7219165563583374,0.4715520441532135,-0.032947838306427,0.7132138609886169,0.4260154962539673,-0.041831810027360916,0.7057396769523621,0.386181116104126,-0.04800938814878464
B,0.720625638961792,0.738394558429718,1.7710846123009105e-07,0.6687089204788208,0.6985975503921509,-0.02801842987537384,0.6424405574798584,0.6191796064376831,-0.03778650984168053,0.6598304510116577,0.5511695146560669,-0.04488638788461685,0.6905337572097778,0.5392916202545166,-0.049539145082235336,0.6407020688056946,0.533411979675293,-0.012395725585520267,0.6312552690505981,0.4496060609817505,-0.02570917084813118,0.629921555519104,0.39749330282211304,-0.038685400038957596,0.6304308176040649,0.35120889544487,-0.05022941157221794,0.670507550239563,0.5196513533592224,-0.010629712603986263,0.6576134562492371,0.4314339756965637,-0.022548886016011238,0.653160810470581,0.3708914816379547,-0.0343906544148922,0.6495108604431152,0.3172883689403534,-0.04393845796585083,0.7000957727432251,0.5230212211608887,-0.013330064713954926,0.6874006390571594,0.4394778609275818,-0.026384226977825165,0.6807911396026611,0.38188669085502625,-0.03861035779118538,0.6742213368415833,0.3322063088417053,-0.04753972962498665,0.7328361868858337,0.5388889312744141,-0.019465209916234016,0.7213605046272278,0.47128763794898987,-0.03287125006318092,0.7134597301483154,0.4247308373451233,-0.04163792356848717,0.7067007422447205,0.38431596755981445,-0.047979410737752914
B,0.7219082713127136,0.7341950535774231,1.858495579654118e-07,0.6696676015853882,0.6937155723571777,-0.026660572737455368,0.6426655650138855,0.6138427257537842,-0.03538229316473007,0.6622757911682129,0.5481338500976562,-0.041675638407468796,0.6948263645172119,0.5385656952857971,-0.04566960036754608,0.6400763988494873,0.5305033922195435,-0.009972164407372475,0.6311538219451904,0.44675305485725403,-0.022038428112864494,0.6298918724060059,0.395466148853302,-0.03455336019396782,0.6299310326576233,0.3499799370765686,-0.04595095291733742,0.6705537438392639,0.5180384516716003,-0.008495648391544819,0.6579490303993225,0.4302532970905304,-0.019201427698135376,0.653742253780365,0.37052032351493835,-0.0314478762447834,0.6499763131141663,0.31731322407722473,-0.04159073904156685,0.7005743384361267,0.5219218134880066,-0.011332468129694462,0.6879285573959351,0.4406309723854065,-0.023038938641548157,0.6821206212043762,0.3842945098876953,-0.03566672280430794,0.6759904623031616,0.33665651082992554,-0.04524848610162735,0.7337938547134399,0.5378815531730652,-0.01752377487719059,0.7223237752914429,0.47245723009109497,-0.02989872358739376,0.7141677141189575,0.4266226887702942,-0.038634032011032104,0.7074106931686401,0.38737404346466064,-0.045239511877298355
B,0.7208249568939209,0.7321223020553589,2.1069318734134868e-07,0.6680657267570496,0.6960271596908569,-0.026855945587158203,0.6399219632148743,0.6144413352012634,-0.035822249948978424,0.6610497832298279,0.546908438205719,-0.04220246896147728,0.6975597739219666,0.5389700531959534,-0.04654810205101967,0.6395936012268066,0.5336237549781799,-0.013034786097705364,0.6314185857772827,0.4496358036994934,-0.02623048424720764,0.6303445100784302,0.3969712257385254,-0.03920583799481392,0.6311147212982178,0.3515664339065552,-0.050894804298877716,0.6700407862663269,0.5195104479789734,-0.011775350198149681,0.6574339866638184,0.4314737021923065,-0.023874927312135696,0.6522949934005737,0.37037187814712524,-0.03641123324632645,0.6480634212493896,0.3166954517364502,-0.04636844992637634,0.6998888850212097,0.5226094126701355,-0.014711261726915836,0.688789427280426,0.44056105613708496,-0.027607496827840805,0.6817692518234253,0.3834487795829773,-0.041123468428850174,0.6744625568389893,0.33520054817199707,-0.05103413760662079,0.7329221963882446,0.5389772653579712,-0.020878905430436134,0.7219799160957336,0.47356900572776794,-0.03508155420422554,0.7131783366203308,0.42693036794662476,-0.04529722034931183,0.7057983875274658,0.38675522804260254,-0.052592933177948
B,0.7186185717582703,0.7254464030265808,2.1741071520864352e-07,0.6662566065788269,0.6905112862586975,-0.0256262868642807,0.6390950083732605,0.6150034666061401,-0.03582383692264557,0.6598896384239197,0.5495657920837402,-0.04368091747164726,0.6935340762138367,0.5318575501441956,-0.04995172470808029,0.6389243602752686,0.5348682403564453,-0.017251670360565186,0.6306356191635132,0.44878196716308594,-0.03309514746069908,0.6293215751647949,0.39552611112594604,-0.04702015966176987,0.6296202540397644,0.34943103790283203,-0.058666132390499115,0.66974937915802,0.5220343470573425,-0.017059605568647385,0.657556414604187,0.4323343336582184,-0.03178301826119423,0.6522147059440613,0.3710826635360718,-0.04549436643719673,0.647922933101654,0.3172810971736908,-0.0558248870074749,0.7002636194229126,0.5250406265258789,-0.020583942532539368,0.6893534660339355,0.4412505328655243,-0.03546123951673508,0.6820071935653687,0.3831101655960083,-0.049604739993810654,0.6743861436843872,0.3340732753276825,-0.059509798884391785,0.7340229749679565,0.5413247346878052,-0.026954319328069687,0.7232686877250671,0.4739947021007538,-0.04260812699794769,0.713585615158081,0.4265747368335724,-0.05304986611008644,0.704684317111969,0.3860146403312683,-0.06002384051680565
B,0.7183772325515747,0.7301978468894958,2.0882822582279914e-07,0.6665410399436951,0.6926787495613098,-0.02656319923698902,0.6402095556259155,0.6144604682922363,-0.03599816560745239,0.6603212356567383,0.5490678548812866,-0.042901962995529175,0.6938574314117432,0.537610650062561,-0.047762297093868256,0.6397960186004639,0.5323035717010498,-0.013868187554180622,0.6318132281303406,0.4477601647377014,-0.027699152007699013,0.6311338543891907,0.3959166407585144,-0.040656622499227524,0.6321873664855957,0.35045963525772095,-0.051920920610427856,0.6701158285140991,0.5184398889541626,-0.012773132883012295,0.6577721238136292,0.42961347103118896,-0.025219939649105072,0.6526488065719604,0.36879080533981323,-0.03761061280965805,0.6487280130386353,0.31479403376579285,-0.04723081365227699,0.7001886367797852,0.5219776630401611,-0.015745745971798897,0.689125657081604,0.43890687823295593,-0.0288823414593935,0.6815819144248962,0.38208335638046265,-0.041777994483709335,0.6737321615219116,0.3330831527709961,-0.05100705474615097,0.7335513830184937,0.5388895273208618,-0.021866030991077423,0.7224522829055786,0.47205016016960144,-0.035801611840724945,0.7129283547401428,0.4261193871498108,-0.04499008506536484,0.7043166756629944,0.38620343804359436,-0.05125749111175537
B,0.7206348776817322,0.7299585342407227,2.194022812318508e-07,0.6685632467269897,0.694652795791626,-0.02728215977549553,0.641899585723877,0.6151031255722046,-0.036712583154439926,0.6626999378204346,0.5479580760002136,-0.04347572475671768,0.6960319876670837,0.5352545976638794,-0.04826810583472252,0.6404449939727783,0.5350613594055176,-0.014607779681682587,0.6317540407180786,0.44987547397613525,-0.028383105993270874,0.6308218836784363,0.39721035957336426,-0.04143417254090309,0.6315126419067383,0.35144931077957153,-0.052854783833026886,0.6708168387413025,0.52128005027771,-0.013136222958564758,0.6583415269851685,0.4316127896308899,-0.025696584954857826,0.6534501910209656,0.3707689642906189,-0.038468435406684875,0.6490063071250916,0.31740331649780273,-0.048500046133995056,0.7006429433822632,0.5241698026657104,-0.015776321291923523,0.6893505454063416,0.44101497530937195,-0.02887043170630932,0.6828951239585876,0.383542001247406,-0.042559150606393814,0.6757060885429382,0.3356236219406128,-0.05253557115793228,0.7335681319236755,0.539506733417511,-0.0216240081936121,0.7228391170501709,0.4735419750213623,-0.035597704350948334,0.7138260006904602,0.42664122581481934,-0.04562252759933472,0.7055754661560059,0.38648754358291626,-0.052802830934524536
B,0.7217199206352234,0.7322342395782471,2.3239337565428286e-07,0.6683089733123779,0.6949214935302734,-0.02860228158533573,0.6414201259613037,0.6143901348114014,-0.03889511898159981,0.6626365184783936,0.5452829003334045,-0.046298034489154816,0.6993599534034729,0.5350244641304016,-0.05136818811297417,0.6405889391899109,0.5327603816986084,-0.013740237802267075,0.6324802041053772,0.4477412700653076,-0.02718704752624035,0.6310624480247498,0.3954523801803589,-0.040305037051439285,0.6316065192222595,0.35022109746932983,-0.05188261345028877,0.6710854768753052,0.5191260576248169,-0.011569833382964134,0.65833979845047,0.4297676682472229,-0.02359713241457939,0.6529789566993713,0.36891090869903564,-0.03600678965449333,0.6485400795936584,0.31581515073776245,-0.045780450105667114,0.7011387944221497,0.5223852396011353,-0.013762494549155235,0.6894838809967041,0.4392279088497162,-0.02631021849811077,0.6820657253265381,0.38215136528015137,-0.039147280156612396,0.6743438839912415,0.33467960357666016,-0.04848434776067734,0.7344314455986023,0.5384674072265625,-0.019384877756237984,0.7228181958198547,0.47242769598960876,-0.03290747478604317,0.7131476998329163,0.4253632426261902,-0.0423433892428875,0.7046651244163513,0.38538795709609985,-0.04893339052796364
B,0.7214459180831909,0.7336260080337524,1.9171622511748865e-07,0.6685717105865479,0.6955256462097168,-0.027265379205346107,0.6415120959281921,0.6127994060516357,-0.03556770458817482,0.6614707112312317,0.5449312925338745,-0.04100656881928444,0.696365237236023,0.5399982929229736,-0.04420843720436096,0.6414486765861511,0.533734142780304,-0.01129834819585085,0.6333097219467163,0.4480806589126587,-0.0225361455231905,0.6317510604858398,0.39606714248657227,-0.033977583050727844,0.6320666074752808,0.3504555821418762,-0.044736407697200775,0.6714598536491394,0.5197354555130005,-0.008974441327154636,0.6594337821006775,0.4303944706916809,-0.019137952476739883,0.654179036617279,0.36989712715148926,-0.030536489561200142,0.6500203013420105,0.3163757920265198,-0.03980576992034912,0.7009577751159668,0.5231440663337708,-0.010858902707695961,0.6897034645080566,0.43932247161865234,-0.02256304956972599,0.6822987794876099,0.3824814558029175,-0.03571941703557968,0.6747152805328369,0.3328620195388794,-0.04544542357325554,0.7337780594825745,0.5395935773849487,-0.01593894325196743,0.7224633097648621,0.472248911857605,-0.028989776968955994,0.714109480381012,0.4262910783290863,-0.03863288834691048,0.7069026231765747,0.3858530819416046,-0.04563317075371742
B,0.723053514957428,0.7354587316513062,1.7545244190841913e-07,0.6710927486419678,0.6946718692779541,-0.027896391227841377,0.6446976065635681,0.6115605235099792,-0.03677022457122803,0.6644138693809509,0.5433806777000427,-0.04271812364459038,0.6982825994491577,0.5390343070030212,-0.046311188489198685,0.643283486366272,0.5335059762001038,-0.012693247757852077,0.6327438354492188,0.44821518659591675,-0.024818215519189835,0.6311169862747192,0.3961900770664215,-0.03675335645675659,0.6317093968391418,0.3505871295928955,-0.04769103601574898,0.6730197668075562,0.5195556879043579,-0.01033621747046709,0.6594211459159851,0.4305047392845154,-0.02120829001069069,0.6541659235954285,0.3696812391281128,-0.03245419263839722,0.6499879956245422,0.31666988134384155,-0.04152989014983177,0.7022222876548767,0.5227465033531189,-0.012258058413863182,0.688839316368103,0.43922966718673706,-0.024574697017669678,0.6813450455665588,0.38108885288238525,-0.0372905507683754,0.6740493178367615,0.3314068019390106,-0.04654835909605026,0.7346012592315674,0.5389624238014221,-0.017512988299131393,0.7229551672935486,0.47133252024650574,-0.03040800616145134,0.7148706912994385,0.42484039068222046,-0.03947290778160095,0.7080286741256714,0.38495373725891113,-0.04610314965248108
B,0.7214046716690063,0.7299158573150635,2.1666984650892118e-07,0.6688120365142822,0.6924540996551514,-0.02908075600862503,0.6404792666435242,0.6130193471908569,-0.04071816802024841,0.6613683700561523,0.5444620251655579,-0.0493185929954052,0.7004251480102539,0.5345814228057861,-0.0557260699570179,0.6420042514801025,0.532176673412323,-0.017245525494217873,0.6329725384712219,0.44728323817253113,-0.03211665898561478,0.6310330629348755,0.39562803506851196,-0.04588283598423004,0.6314167380332947,0.3501887917518616,-0.05779204145073891,0.6726195812225342,0.5195585489273071,-0.014979814179241657,0.659199059009552,0.430087149143219,-0.0283359345048666,0.6532946825027466,0.36912381649017334,-0.0412168987095356,0.6489211320877075,0.31523382663726807,-0.0512521006166935,0.70273756980896,0.5232526063919067,-0.016835687682032585,0.6914317607879639,0.4402146339416504,-0.030453430488705635,0.6831604838371277,0.38292843103408813,-0.04372755065560341,0.6751562356948853,0.3342632055282593,-0.05324120447039604,0.7358831763267517,0.5398479104042053,-0.0220255758613348,0.7239279747009277,0.47384175658226013,-0.03635410964488983,0.71412593126297,0.4270584285259247,-0.04625740647315979,0.7057491540908813,0.38731133937835693,-0.05302194133400917
B,0.7209703326225281,0.7303472757339478,1.9674629925248155e-07,0.6694027781486511,0.6928082704544067,-0.027708519250154495,0.643028736114502,0.6157716512680054,-0.037965066730976105,0.6626355648040771,0.5481732487678528,-0.04556889459490776,0.6959783434867859,0.5338967442512512,-0.050904616713523865,0.6413827538490295,0.5318607091903687,-0.014039243571460247,0.6324164867401123,0.44812893867492676,-0.028095753863453865,0.6307300925254822,0.39669352769851685,-0.041325658559799194,0.6308256983757019,0.3514477014541626,-0.052942611277103424,0.6716920137405396,0.518623948097229,-0.012492449954152107,0.6591992974281311,0.4299837350845337,-0.025382474064826965,0.6542747616767883,0.36999428272247314,-0.038116488605737686,0.6501164436340332,0.31714528799057007,-0.04822394996881485,0.7017074823379517,0.5222980380058289,-0.015183309093117714,0.6900534629821777,0.43956106901168823,-0.028899582102894783,0.6828032732009888,0.38263869285583496,-0.041859887540340424,0.6753389835357666,0.3340896964073181,-0.0513058602809906,0.7347798943519592,0.5387101769447327,-0.021128486841917038,0.7237468361854553,0.4728243947029114,-0.03540334478020668,0.7147907614707947,0.4266502559185028,-0.04496263712644577,0.7069901823997498,0.38668668270111084,-0.05174415186047554
B,0.7218239903450012,0.7292402982711792,1.9034284548524738e-07,0.6706228852272034,0.6937136650085449,-0.0263934675604105,0.6449718475341797,0.6128098368644714,-0.03465554863214493,0.665438711643219,0.5458714962005615,-0.04057524353265762,0.6958551406860352,0.5360825657844543,-0.04450977221131325,0.6416065692901611,0.5299731492996216,-0.01048124860972166,0.6327639818191528,0.44745755195617676,-0.022448115050792694,0.6309865713119507,0.3964667022228241,-0.034818921238183975,0.6304598450660706,0.3518926501274109,-0.04616710916161537,0.6714896559715271,0.5168583393096924,-0.009300138801336288,0.6590086817741394,0.4289819598197937,-0.020467029884457588,0.6538949608802795,0.3691651225090027,-0.03285596892237663,0.6491332650184631,0.31646785140037537,-0.042916152626276016,0.700883150100708,0.5205894708633423,-0.012366372160613537,0.6889268755912781,0.4381468594074249,-0.024747293442487717,0.682476282119751,0.3818579316139221,-0.037912365049123764,0.6755715608596802,0.3346569538116455,-0.047771990299224854,0.7333367466926575,0.5365511178970337,-0.018680468201637268,0.7228763699531555,0.4717119336128235,-0.03192967548966408,0.7144412994384766,0.4255968928337097,-0.04140284284949303,0.7073476910591125,0.38564133644104004,-0.04850031062960625
B,0.7218397259712219,0.7292355895042419,1.9682657637076773e-07,0.6705327033996582,0.694201648235321,-0.025118311867117882,0.6439394950866699,0.614355206489563,-0.03355295956134796,0.6634842753410339,0.5480054616928101,-0.03973662480711937,0.697353184223175,0.5382711887359619,-0.04400215297937393,0.6417825222015381,0.5330896973609924,-0.012152853421866894,0.6329586505889893,0.4483875036239624,-0.02504866197705269,0.6314030289649963,0.39642369747161865,-0.037471793591976166,0.631693422794342,0.35147035121917725,-0.04851832985877991,0.6720379590988159,0.5193163156509399,-0.011525420472025871,0.6595084071159363,0.43023955821990967,-0.023068079724907875,0.6546109318733215,0.36985206604003906,-0.034944798797369,0.6504920721054077,0.31681162118911743,-0.044311754405498505,0.7022249102592468,0.5224133729934692,-0.014886477030813694,0.6901484727859497,0.4390218257904053,-0.027029169723391533,0.6830800771713257,0.38185766339302063,-0.03965998813509941,0.6759278178215027,0.3326537013053894,-0.0489860400557518,0.7352719306945801,0.5385167598724365,-0.021312307566404343,0.723331868648529,0.47212502360343933,-0.03452640026807785,0.7146362066268921,0.42582178115844727,-0.043723609298467636,0.7075020670890808,0.38524454832077026,-0.05032043904066086
B,0.7223089933395386,0.7319712042808533,1.9794629224634264e-07,0.6701256036758423,0.6930925846099854,-0.025314301252365112,0.6435326337814331,0.6122270822525024,-0.033767640590667725,0.6641284823417664,0.5462736487388611,-0.0401189848780632,0.6996479630470276,0.5376597046852112,-0.044292151927948,0.6426793932914734,0.5302066206932068,-0.009492193348705769,0.6335704922676086,0.4458702802658081,-0.02153697796165943,0.6319845914840698,0.39439231157302856,-0.03381947800517082,0.6322413682937622,0.34925150871276855,-0.04498773068189621,0.672934889793396,0.5170536041259766,-0.008783707395195961,0.6599436402320862,0.42847543954849243,-0.019842753186821938,0.6550743579864502,0.3682211637496948,-0.032221581786870956,0.6511381268501282,0.3147481083869934,-0.04210402071475983,0.7030138373374939,0.5207319259643555,-0.012247138656675816,0.690330982208252,0.43818342685699463,-0.024169908836483955,0.6836235523223877,0.38097038865089417,-0.037365831434726715,0.6769737601280212,0.3324108421802521,-0.04710747301578522,0.7362809777259827,0.5371357798576355,-0.018860479816794395,0.7242286205291748,0.4712425172328949,-0.03151622787117958,0.7153332233428955,0.4246080219745636,-0.04073461890220642,0.7080179452896118,0.3842596709728241,-0.04747404903173447
B,0.7232805490493774,0.733699381351471,2.1615710465994198e-07,0.67137211561203,0.6958585381507874,-0.028185375034809113,0.6445760726928711,0.6112533807754517,-0.03699634596705437,0.6661115288734436,0.5433698296546936,-0.04305441677570343,0.7026205062866211,0.5411022901535034,-0.046710893511772156,0.644019603729248,0.530458390712738,-0.009846408851444721,0.6350667476654053,0.4458940625190735,-0.020980462431907654,0.6327406167984009,0.39428818225860596,-0.033153075724840164,0.6318672895431519,0.3496016263961792,-0.044536855071783066,0.6741830110549927,0.5172047019004822,-0.007367545273154974,0.6619937419891357,0.4288634955883026,-0.017539074644446373,0.6565069556236267,0.368419349193573,-0.0299417432397604,0.6512234807014465,0.3153204917907715,-0.03992334380745888,0.7037602663040161,0.5212655663490295,-0.009349771775305271,0.6918032765388489,0.4387676417827606,-0.020306747406721115,0.6848581433296204,0.38163384795188904,-0.03387551009654999,0.6773101687431335,0.33358579874038696,-0.04402070492506027,0.7363166809082031,0.5379040837287903,-0.014813198707997799,0.7249806523323059,0.47197651863098145,-0.02663123421370983,0.7161926031112671,0.4253702759742737,-0.036187879741191864,0.7085485458374023,0.38543474674224854,-0.04336196184158325
B,0.7233039736747742,0.7304109334945679,2.3037804908199178e-07,0.6719816327095032,0.6931842565536499,-0.027774536982178688,0.6444639563560486,0.6147109866142273,-0.038105521351099014,0.6659520864486694,0.5469342470169067,-0.04576394334435463,0.7027807235717773,0.5317428112030029,-0.05123530700802803,0.6427212953567505,0.5320494174957275,-0.01395372487604618,0.6341814398765564,0.44831669330596924,-0.02781970426440239,0.6330242156982422,0.3967331647872925,-0.041513774544000626,0.6337917447090149,0.35146307945251465,-0.053507428616285324,0.673225462436676,0.5181047916412354,-0.01229399535804987,0.6609163284301758,0.43028193712234497,-0.02454323135316372,0.6561154723167419,0.3706529140472412,-0.037717413157224655,0.6519997715950012,0.3181253671646118,-0.04819507151842117,0.7030531764030457,0.521073043346405,-0.014824689365923405,0.6918307542800903,0.4394255578517914,-0.02732143923640251,0.6848375797271729,0.38281428813934326,-0.040650077164173126,0.6775550246238708,0.33559560775756836,-0.050547193735837936,0.7354966998100281,0.5369600653648376,-0.020685551688075066,0.7247014045715332,0.47173988819122314,-0.034088242799043655,0.7156440615653992,0.425370454788208,-0.043699730187654495,0.7076478600502014,0.38622426986694336,-0.050550881773233414
B,0.7251272201538086,0.7318580150604248,2.1257199023239082e-07,0.6717121005058289,0.6942881345748901,-0.02820952981710434,0.644893229007721,0.6150099039077759,-0.03772076219320297,0.664628267288208,0.5472931861877441,-0.04431678727269173,0.6994369029998779,0.5329724550247192,-0.048479363322257996,0.6444498300552368,0.53337162733078,-0.01251818984746933,0.6349804401397705,0.4491059482097626,-0.02576075866818428,0.6335426568984985,0.397402286529541,-0.03862043470144272,0.634205162525177,0.3523124158382416,-0.04981363192200661,0.6746902465820312,0.519113302230835,-0.010128091089427471,0.6618428230285645,0.43112677335739136,-0.02170366421341896,0.6565746068954468,0.37120580673217773,-0.03389974683523178,0.6525511741638184,0.3187991976737976,-0.04354768618941307,0.7043498158454895,0.521755039691925,-0.012154703959822655,0.6925163865089417,0.43908751010894775,-0.02442118525505066,0.6849480271339417,0.3820832371711731,-0.036965880542993546,0.6773623824119568,0.3339913487434387,-0.046156078577041626,0.736763596534729,0.5370333194732666,-0.01756925880908966,0.7256889343261719,0.470793217420578,-0.030525371432304382,0.7164122462272644,0.42462462186813354,-0.039371125400066376,0.7080621719360352,0.3850489556789398,-0.04559643939137459
B,0.7251707315444946,0.7330930233001709,2.192114862964445e-07,0.6731200814247131,0.6944296360015869,-0.030483277514576912,0.6457235217094421,0.6184059381484985,-0.04199547693133354,0.6649264693260193,0.5504814386367798,-0.05034932121634483,0.7014763355255127,0.5322719216346741,-0.056106794625520706,0.6446775197982788,0.5341726541519165,-0.014430568553507328,0.6352147459983826,0.4498326778411865,-0.029192524030804634,0.6337462663650513,0.39819401502609253,-0.043151117861270905,0.6343854665756226,0.3530368208885193,-0.05499425157904625,0.6750525236129761,0.5208841562271118,-0.01128325890749693,0.6620553135871887,0.43204355239868164,-0.02439899742603302,0.6567949652671814,0.3714049458503723,-0.03772906959056854,0.6528592705726624,0.317923367023468,-0.048217058181762695,0.7048075199127197,0.5237941145896912,-0.012775235809385777,0.6926633715629578,0.4408043622970581,-0.026480158790946007,0.6851027607917786,0.3834807872772217,-0.03977363556623459,0.6779079437255859,0.33509647846221924,-0.04937281459569931,0.7375231981277466,0.5390973091125488,-0.017790967598557472,0.726314127445221,0.47341132164001465,-0.03159547597169876,0.7170363664627075,0.4271106719970703,-0.04104442894458771,0.7087231874465942,0.3872467279434204,-0.04771404340863228
B,0.7261860966682434,0.7351650595664978,1.8738246865268593e-07,0.6751208901405334,0.6944370269775391,-0.02894420176744461,0.6481975317001343,0.6149477362632751,-0.038787778466939926,0.6683046817779541,0.5490767359733582,-0.04576432332396507,0.7040037512779236,0.5379242300987244,-0.05023777112364769,0.6450716853141785,0.5333352088928223,-0.012317461892962456,0.6346822381019592,0.4501401484012604,-0.025647658854722977,0.6333936452865601,0.39842817187309265,-0.03895922005176544,0.633966326713562,0.3529556691646576,-0.050676584243774414,0.674992561340332,0.5203596949577332,-0.0097909364849329,0.6616217494010925,0.43287745118141174,-0.021608181297779083,0.6571462154388428,0.3721907138824463,-0.03420107439160347,0.6538376212120056,0.3182975649833679,-0.0444176122546196,0.7045493721961975,0.5232848525047302,-0.011813194490969181,0.6913573741912842,0.44190067052841187,-0.02460462972521782,0.6848470568656921,0.3843366801738739,-0.03744395077228546,0.678766131401062,0.33555787801742554,-0.04695677384734154,0.7370020151138306,0.5381787419319153,-0.01738515868782997,0.7249858975410461,0.47251832485198975,-0.030531208962202072,0.7165704369544983,0.4266326129436493,-0.039490003138780594,0.7096716165542603,0.38755691051483154,-0.0460970476269722
B,0.7258821129798889,0.7335900068283081,1.8760476905299583e-07,0.6749318242073059,0.6948193311691284,-0.026323582977056503,0.6475791931152344,0.6210505962371826,-0.036280784755945206,0.664465069770813,0.5564778447151184,-0.04374723508954048,0.6955717206001282,0.5342078804969788,-0.04880432412028313,0.644760012626648,0.5333431363105774,-0.012519813142716885,0.6346014738082886,0.4497004449367523,-0.026606468483805656,0.6331901550292969,0.3989464044570923,-0.03977877274155617,0.6340199708938599,0.35409724712371826,-0.050930317491292953,0.6740104556083679,0.5192004442214966,-0.011391906067728996,0.6599210500717163,0.431270569562912,-0.023998692631721497,0.6548202633857727,0.371768057346344,-0.03643597662448883,0.6515704989433289,0.319254070520401,-0.04614252224564552,0.7036436796188354,0.5222998857498169,-0.014448108151555061,0.6906521320343018,0.4385789632797241,-0.02801026776432991,0.6835579872131348,0.38235652446746826,-0.04024392366409302,0.6767769455909729,0.3339497745037079,-0.04894990101456642,0.7366943955421448,0.5388429164886475,-0.020581450313329697,0.7252554297447205,0.47130459547042847,-0.03446231409907341,0.7161014676094055,0.42636996507644653,-0.042812034487724304,0.7079374194145203,0.3873368501663208,-0.0484258271753788
B,0.7261122465133667,0.7329378128051758,2.1699979413369874e-07,0.675468385219574,0.6922439336776733,-0.025371044874191284,0.6493769288063049,0.615238606929779,-0.03378566727042198,0.6706834435462952,0.5505777597427368,-0.03993535414338112,0.7039222121238708,0.5338285565376282,-0.04396718367934227,0.6434237360954285,0.5341305732727051,-0.010630080476403236,0.6347481608390808,0.44974419474601746,-0.023617899045348167,0.633894145488739,0.39827960729599,-0.03647056967020035,0.6348515748977661,0.35305672883987427,-0.04767480865120888,0.673878014087677,0.5199413299560547,-0.009734898805618286,0.6605496406555176,0.43125027418136597,-0.021400857716798782,0.6558007597923279,0.3711300492286682,-0.0341358482837677,0.652066171169281,0.31831610202789307,-0.044163260608911514,0.704321563243866,0.5227131843566895,-0.012941952794790268,0.6912622451782227,0.4400540888309479,-0.02541816420853138,0.6842308640480042,0.3837839961051941,-0.03817041963338852,0.6770616769790649,0.33591145277023315,-0.04749484360218048,0.7376726865768433,0.5384683609008789,-0.019232353195548058,0.725766658782959,0.4728580713272095,-0.03252685070037842,0.7163740396499634,0.4274282157421112,-0.041273560374975204,0.7084535360336304,0.38830694556236267,-0.047347862273454666
B,0.7259697318077087,0.7309494614601135,2.1796228111270466e-07,0.6747222542762756,0.6922751665115356,-0.026082104071974754,0.6489246487617493,0.6095408797264099,-0.03369636461138725,0.6749240756034851,0.5454099178314209,-0.038712237030267715,0.7127482295036316,0.5376827716827393,-0.04178008809685707,0.6427179574966431,0.531864583492279,-0.010458291508257389,0.6346535682678223,0.44837743043899536,-0.02146921493113041,0.6338011622428894,0.3977257311344147,-0.03336025029420853,0.6348690390586853,0.35326164960861206,-0.04442844167351723,0.67412269115448,0.5183506011962891,-0.008658727630972862,0.6610225439071655,0.430497944355011,-0.01829959824681282,0.6559085249900818,0.37100160121917725,-0.030030574649572372,0.6515156626701355,0.31852424144744873,-0.039760708808898926,0.7046105265617371,0.5215508341789246,-0.010987672954797745,0.6923940777778625,0.43999940156936646,-0.021887537091970444,0.6849792003631592,0.3844158351421356,-0.03468049317598343,0.6770046353340149,0.3372843265533447,-0.04441084340214729,0.7376878261566162,0.5374240875244141,-0.016494620591402054,0.725400984287262,0.47224053740501404,-0.029055222868919373,0.7160465717315674,0.4268167018890381,-0.038131650537252426,0.708314836025238,0.38782650232315063,-0.044767070561647415
B,0.7262256145477295,0.7318953275680542,2.089843036401362e-07,0.6749043464660645,0.6949856281280518,-0.027377557009458542,0.6485816240310669,0.6144052743911743,-0.03645447641611099,0.6724799275398254,0.5486332178115845,-0.042812082916498184,0.7092875242233276,0.5375937223434448,-0.04704403132200241,0.6440771222114563,0.5323489904403687,-0.012563696131110191,0.6349233984947205,0.4486473798751831,-0.02536589466035366,0.6337412595748901,0.39752209186553955,-0.03836730495095253,0.6347999572753906,0.3531237840652466,-0.04999770596623421,0.6745016574859619,0.5190547108650208,-0.010506105609238148,0.6615927219390869,0.43113207817077637,-0.021871738135814667,0.6568579077720642,0.3714671730995178,-0.03420158103108406,0.6534839272499084,0.3190980553627014,-0.04415992647409439,0.7047004699707031,0.5224882364273071,-0.012723690830171108,0.692950427532196,0.4404911994934082,-0.024765238165855408,0.6858340501785278,0.38357651233673096,-0.037688929587602615,0.6789214611053467,0.3356096148490906,-0.04740041121840477,0.7378628253936768,0.5389361381530762,-0.0182441845536232,0.7256556749343872,0.4731367528438568,-0.03151492401957512,0.7160264253616333,0.4277200698852539,-0.04085341840982437,0.7082943916320801,0.3887179493904114,-0.047579627484083176
B,0.7255030274391174,0.735020637512207,2.0334130113042193e-07,0.6743383407592773,0.6963685750961304,-0.028443163260817528,0.6484629511833191,0.6144416332244873,-0.0377587154507637,0.6712624430656433,0.5470085740089417,-0.044156379997730255,0.7084144353866577,0.5361295938491821,-0.04824275150895119,0.6458192467689514,0.5331931114196777,-0.012263081967830658,0.6367278695106506,0.45014315843582153,-0.02493218705058098,0.6349694132804871,0.3987917900085449,-0.0379200354218483,0.6352298259735107,0.35415413975715637,-0.04956729710102081,0.6757435202598572,0.5195420384407043,-0.009683441370725632,0.6629137992858887,0.43224573135375977,-0.020867647603154182,0.657500147819519,0.3722260892391205,-0.03312351554632187,0.653077244758606,0.3199329376220703,-0.043043989688158035,0.7052204608917236,0.5230541825294495,-0.01155130285769701,0.6934716105461121,0.4407103657722473,-0.02355412021279335,0.6859124898910522,0.38407570123672485,-0.03621615841984749,0.6783162951469421,0.3363896608352661,-0.045683689415454865,0.7375506162643433,0.5398431420326233,-0.016851963475346565,0.7261068820953369,0.4738619327545166,-0.029694538563489914,0.7169812917709351,0.4280862808227539,-0.03864008188247681,0.7093830108642578,0.3888859748840332,-0.04511735588312149
B,0.7256123423576355,0.7349995970726013,2.0094941532988742e-07,0.675505518913269,0.6939775943756104,-0.02831641025841236,0.6505409479141235,0.6132367253303528,-0.03725117817521095,0.6710110306739807,0.548723578453064,-0.04319338500499725,0.7038566470146179,0.537168562412262,-0.04668153077363968,0.6452087163925171,0.5330588221549988,-0.012160221114754677,0.6358460187911987,0.44922757148742676,-0.0245441272854805,0.6347353458404541,0.3978963792324066,-0.03711063414812088,0.635582685470581,0.35239315032958984,-0.048474956303834915,0.6744693517684937,0.5195074081420898,-0.009585662744939327,0.6610902547836304,0.4316861629486084,-0.02074815146625042,0.6564275026321411,0.3715450167655945,-0.03280403092503548,0.6529632210731506,0.3186275362968445,-0.042705535888671875,0.7036309838294983,0.5231658816337585,-0.01145892683416605,0.6917155385017395,0.4402434825897217,-0.023974748328328133,0.6849098205566406,0.3835453689098358,-0.036785535514354706,0.6778359413146973,0.3354412615299225,-0.04631512984633446,0.7361902594566345,0.5393237471580505,-0.016735583543777466,0.7254242897033691,0.47316089272499084,-0.03015902452170849,0.7169445157051086,0.4274557828903198,-0.03944234549999237,0.7096038460731506,0.3877750039100647,-0.04620516672730446
B,0.7253223061561584,0.7310072779655457,2.2437099289618345e-07,0.6737999320030212,0.6942645311355591,-0.0272830743342638,0.6474868655204773,0.61493319272995,-0.0373043492436409,0.6711616516113281,0.5504501461982727,-0.04445304349064827,0.7088072896003723,0.5378814339637756,-0.04961651563644409,0.6448971629142761,0.5354411602020264,-0.016849733889102936,0.6362466812133789,0.45019227266311646,-0.030964476987719536,0.6349638104438782,0.39772605895996094,-0.0438704788684845,0.6356977820396423,0.35211700201034546,-0.05507217347621918,0.6752145886421204,0.5224895477294922,-0.01522655040025711,0.6620111465454102,0.43232786655426025,-0.02798326127231121,0.6567226052284241,0.37132027745246887,-0.04015849158167839,0.6527504324913025,0.31761759519577026,-0.049655426293611526,0.7052271962165833,0.5257827043533325,-0.017517827451229095,0.6933820843696594,0.44138839840888977,-0.030769700184464455,0.6857530474662781,0.38364022970199585,-0.043536342680454254,0.677976131439209,0.334600567817688,-0.05269366502761841,0.7384173274040222,0.5418664216995239,-0.02292662113904953,0.7265920042991638,0.474397212266922,-0.037076979875564575,0.7172161936759949,0.42740654945373535,-0.04638364911079407,0.7091019153594971,0.38722658157348633,-0.05267280712723732
B,0.7260236144065857,0.7306258678436279,2.2453410508660454e-07,0.6739998459815979,0.6943079233169556,-0.02749490551650524,0.6480897665023804,0.6139413118362427,-0.036672428250312805,0.673681914806366,0.5483663082122803,-0.04303589463233948,0.7116368412971497,0.5367287993431091,-0.047392770648002625,0.6449489593505859,0.5346782803535461,-0.013767380267381668,0.6366133689880371,0.4506329298019409,-0.026756368577480316,0.6352958083152771,0.399472713470459,-0.0396539643406868,0.6360304355621338,0.35467058420181274,-0.051158059388399124,0.6755664348602295,0.520108163356781,-0.011654429137706757,0.6630128026008606,0.43118816614151,-0.023196661844849586,0.6575461030006409,0.37082964181900024,-0.0356949046254158,0.6531285643577576,0.31766241788864136,-0.04563099518418312,0.7056747674942017,0.5232235193252563,-0.013660584576427937,0.6941039562225342,0.44080036878585815,-0.025854796171188354,0.6864470839500427,0.3842979371547699,-0.039273690432310104,0.6784839034080505,0.33642786741256714,-0.04921114444732666,0.7389117479324341,0.5400300025939941,-0.01888343133032322,0.7274011969566345,0.47466257214546204,-0.032283585518598557,0.7175271511077881,0.4290813207626343,-0.04192251339554787,0.7091306447982788,0.38976427912712097,-0.04874182492494583
B,0.7288268208503723,0.7337386608123779,1.9929915140437515e-07,0.6760100722312927,0.6963742971420288,-0.02804042398929596,0.6490312218666077,0.6155382990837097,-0.03733912110328674,0.6716628074645996,0.548564612865448,-0.04360288754105568,0.7081776261329651,0.5359628200531006,-0.04763374850153923,0.646219789981842,0.5355490446090698,-0.01446143351495266,0.6371817588806152,0.4517448842525482,-0.027611348778009415,0.6360892057418823,0.3999720513820648,-0.04052333906292915,0.6370116472244263,0.35426875948905945,-0.05211399123072624,0.6761878728866577,0.5207825899124146,-0.012036271393299103,0.6635392904281616,0.43299606442451477,-0.023592814803123474,0.6583314538002014,0.37289679050445557,-0.03556836396455765,0.654181182384491,0.32012853026390076,-0.04538583755493164,0.7057318687438965,0.5232396125793457,-0.013822466135025024,0.6942640542984009,0.44117721915245056,-0.026099104434251785,0.6867119669914246,0.38457754254341125,-0.03872795030474663,0.6789984703063965,0.33656638860702515,-0.04827098175883293,0.7385025024414062,0.5388811230659485,-0.018952954560518265,0.7272747159004211,0.4733579456806183,-0.03233196958899498,0.7180535793304443,0.4275703430175781,-0.041669849306344986,0.7101472616195679,0.38819974660873413,-0.04844723641872406
B,0.7270064353942871,0.7321420311927795,2.3037505059164687e-07,0.6752671599388123,0.6948323249816895,-0.02953188307583332,0.6487720608711243,0.6149744987487793,-0.03965660184621811,0.6729434132575989,0.5482863187789917,-0.0466371588408947,0.7121267914772034,0.5366357564926147,-0.05134819075465202,0.6453292965888977,0.5334474444389343,-0.013847263529896736,0.637285590171814,0.45088788866996765,-0.02727227471768856,0.6361147165298462,0.39944159984588623,-0.040884945541620255,0.636864185333252,0.35423052310943604,-0.05293716862797737,0.6760498285293579,0.5199247598648071,-0.010919701308012009,0.6637869477272034,0.43229377269744873,-0.022773006930947304,0.658557116985321,0.3713441491127014,-0.03578803688287735,0.6543111801147461,0.3176443576812744,-0.046243734657764435,0.7060860395431519,0.5234459638595581,-0.012431548908352852,0.6947051882743835,0.44241854548454285,-0.024977777153253555,0.6872119903564453,0.3852944076061249,-0.03856721520423889,0.679546594619751,0.3373579978942871,-0.048607807606458664,0.7391402125358582,0.5397218465805054,-0.01742757111787796,0.7273975610733032,0.4746067523956299,-0.031082533299922943,0.7174232006072998,0.42835575342178345,-0.04091471806168556,0.709002673625946,0.3889898657798767,-0.04788241162896156
B,0.7283756732940674,0.7325208783149719,2.267908740805069e-07,0.6762414574623108,0.6956663131713867,-0.0301425252109766,0.6493662595748901,0.614918053150177,-0.03941106051206589,0.671598494052887,0.5478816032409668,-0.04533425718545914,0.7087231278419495,0.5385923981666565,-0.048832107335329056,0.646742582321167,0.5330093502998352,-0.011897423304617405,0.6381147503852844,0.4498911499977112,-0.024000296369194984,0.6366739869117737,0.3982959985733032,-0.036882009357213974,0.6370252370834351,0.35348016023635864,-0.04854101687669754,0.6767419576644897,0.5189628601074219,-0.0081452252343297,0.6644189953804016,0.43201252818107605,-0.018814168870449066,0.6593291759490967,0.37183260917663574,-0.031415436416864395,0.6554357409477234,0.31862929463386536,-0.04161760210990906,0.7061014771461487,0.5222376585006714,-0.00903012789785862,0.6946084499359131,0.4412039518356323,-0.020625529810786247,0.6875958442687988,0.3845043182373047,-0.034265682101249695,0.6807066202163696,0.33673208951950073,-0.04451730474829674,0.7384270429611206,0.5387921333312988,-0.01350076962262392,0.7275151014328003,0.4743499159812927,-0.026216086000204086,0.7188507914543152,0.4287397563457489,-0.03602302074432373,0.7119194865226746,0.3892783522605896,-0.0432550422847271
B,0.7267249226570129,0.732907235622406,2.2149734490994888e-07,0.6765339374542236,0.6963212490081787,-0.024287203326821327,0.6488070487976074,0.6178028583526611,-0.0326525904238224,0.6685142517089844,0.5519331693649292,-0.03876747190952301,0.7023699283599854,0.5348465442657471,-0.04294165223836899,0.6459473371505737,0.5344006419181824,-0.011588916182518005,0.637770414352417,0.45042750239372253,-0.024568043649196625,0.6371920704841614,0.3982565402984619,-0.03738963603973389,0.6382439136505127,0.35281574726104736,-0.04869961738586426,0.6763308048248291,0.520749568939209,-0.011455966159701347,0.6640843152999878,0.4317496120929718,-0.023168053478002548,0.6600831747055054,0.3712172508239746,-0.035883743315935135,0.6561339497566223,0.318716824054718,-0.04590185731649399,0.7065699696540833,0.5248954892158508,-0.015164881944656372,0.6938561797142029,0.44205600023269653,-0.02754933387041092,0.6875246167182922,0.385164737701416,-0.040467847138643265,0.6803368926048279,0.33835840225219727,-0.04996754974126816,0.73973548412323,0.5422443151473999,-0.02178683690726757,0.7283689379692078,0.47548383474349976,-0.03534376993775368,0.7192690968513489,0.4290512204170227,-0.04446941241621971,0.7109271287918091,0.38959699869155884,-0.05086182802915573
B,0.7272567749023438,0.7320978045463562,2.3045571140301035e-07,0.6775960922241211,0.6945514678955078,-0.025269901379942894,0.6496336460113525,0.6162516474723816,-0.03365999832749367,0.6711305975914001,0.5504888892173767,-0.039764653891325,0.7060767412185669,0.5328600406646729,-0.043979860842227936,0.6453572511672974,0.534328043460846,-0.011200887151062489,0.6377053260803223,0.4497661590576172,-0.024005647748708725,0.6372513175010681,0.3977963924407959,-0.037148602306842804,0.6382103562355042,0.35213106870651245,-0.04886492341756821,0.6754651665687561,0.5201524496078491,-0.010539012961089611,0.6638079285621643,0.4312148094177246,-0.02203366719186306,0.6600762009620667,0.3707346022129059,-0.03519517555832863,0.6563708186149597,0.31795167922973633,-0.04566763713955879,0.7053412795066833,0.5237582325935364,-0.013880196958780289,0.6935916543006897,0.4413940906524658,-0.026046812534332275,0.6879129409790039,0.3848545551300049,-0.0395752377808094,0.6812924742698669,0.33805859088897705,-0.04965663328766823,0.7383548021316528,0.5406575798988342,-0.020272146910429,0.7278897166252136,0.47412827610969543,-0.033717624843120575,0.7193683385848999,0.42790335416793823,-0.043240223079919815,0.711750328540802,0.3884255886077881,-0.05008505657315254
B,0.7273479104042053,0.7321978807449341,1.979263544171772e-07,0.6785074472427368,0.6948617100715637,-0.02620900422334671,0.6514056324958801,0.6174188256263733,-0.03491583094000816,0.6723173260688782,0.5523849129676819,-0.041159436106681824,0.7065510749816895,0.5378431677818298,-0.045268360525369644,0.6456670165061951,0.5324023962020874,-0.011503968387842178,0.6377723813056946,0.4486893117427826,-0.024260804057121277,0.6368858218193054,0.39729559421539307,-0.03719782084226608,0.6371206045150757,0.3524540960788727,-0.048906948417425156,0.6755944490432739,0.5186256766319275,-0.010515457950532436,0.6639536023139954,0.4301682114601135,-0.02230692096054554,0.659974992275238,0.3699667155742645,-0.03526458516716957,0.6560019850730896,0.31758221983909607,-0.04581596329808235,0.7053813338279724,0.5223526358604431,-0.013736721128225327,0.6937573552131653,0.43980634212493896,-0.026675574481487274,0.6874341368675232,0.3829437494277954,-0.04046190530061722,0.6804656982421875,0.33540481328964233,-0.050841718912124634,0.7383894324302673,0.5390741229057312,-0.020109007135033607,0.7275668382644653,0.473572701215744,-0.03454931080341339,0.7188439965248108,0.4272000193595886,-0.044921670109033585,0.7114478349685669,0.3871236741542816,-0.0525219589471817
B,0.7283550500869751,0.7324280738830566,1.9216270175093086e-07,0.6793829798698425,0.6917099952697754,-0.02483442984521389,0.6530765295028687,0.6152743101119995,-0.03362787514925003,0.6720470786094666,0.5518161654472351,-0.0400390699505806,0.7040138840675354,0.5359376072883606,-0.0442558191716671,0.6468932628631592,0.532694399356842,-0.012108948081731796,0.6382519006729126,0.44877374172210693,-0.025281768292188644,0.6375160813331604,0.39714884757995605,-0.03798990696668625,0.6385509967803955,0.35257488489151,-0.049035146832466125,0.6766237020492554,0.5190935730934143,-0.011592770926654339,0.6645689606666565,0.4302401840686798,-0.023180577903985977,0.6602798104286194,0.36946260929107666,-0.035318125039339066,0.6566575765609741,0.31736284494400024,-0.045041050761938095,0.7063965201377869,0.522217869758606,-0.014998718164861202,0.6941031813621521,0.4391501545906067,-0.02724548615515232,0.6875813007354736,0.3819625973701477,-0.03940572217106819,0.6809009313583374,0.33405083417892456,-0.04845437780022621,0.7391918897628784,0.5383001565933228,-0.021408148109912872,0.7279030084609985,0.4718824625015259,-0.03439813479781151,0.7191969752311707,0.4260155260562897,-0.04267378896474838,0.7117811441421509,0.38717177510261536,-0.048519838601350784
B,0.7278245687484741,0.7305539846420288,2.2032506308278244e-07,0.6774823069572449,0.6949942111968994,-0.024799734354019165,0.6503169536590576,0.616812527179718,-0.03397407755255699,0.671090304851532,0.5517255663871765,-0.040707994252443314,0.7055873274803162,0.5353392958641052,-0.04563070461153984,0.6451503038406372,0.5342246294021606,-0.015579210594296455,0.6379837393760681,0.4495687782764435,-0.029684970155358315,0.6376813054084778,0.39710402488708496,-0.04270285367965698,0.6388911008834839,0.3519657850265503,-0.053924210369586945,0.675602912902832,0.5210681557655334,-0.015289844945073128,0.6636959910392761,0.4316883385181427,-0.027831293642520905,0.6596408486366272,0.3712995946407318,-0.03997594863176346,0.6562132239341736,0.31879162788391113,-0.04949120432138443,0.7062006592750549,0.5246421694755554,-0.01866549253463745,0.6944607496261597,0.44079187512397766,-0.0316276028752327,0.6879540085792542,0.3836275637149811,-0.04392768442630768,0.6810590028762817,0.33585014939308167,-0.05287626385688782,0.7396361231803894,0.5413202047348022,-0.024928582832217216,0.7280128598213196,0.4739097058773041,-0.039196889847517014,0.71882164478302,0.4266776740550995,-0.0481952503323555,0.7107555866241455,0.38676443696022034,-0.05421546474099159
B,0.7276265025138855,0.732783317565918,1.9350365221271204e-07,0.6780194044113159,0.6963219046592712,-0.02739989198744297,0.6515018939971924,0.6151729226112366,-0.03587915748357773,0.6736536622047424,0.5508913397789001,-0.04167183116078377,0.709006667137146,0.5409104824066162,-0.045261502265930176,0.64677494764328,0.5327236652374268,-0.012051185593008995,0.638185977935791,0.4492601752281189,-0.02424905262887478,0.6370548009872437,0.39795804023742676,-0.03675443306565285,0.6370726227760315,0.3531290888786316,-0.04814838245511055,0.6767438054084778,0.5193639993667603,-0.010107026435434818,0.6644743084907532,0.43176621198654175,-0.021159689873456955,0.6600002646446228,0.3716971278190613,-0.03349193558096886,0.6559364795684814,0.3189133405685425,-0.043584492057561874,0.7064483165740967,0.522874653339386,-0.012457328848540783,0.6944338083267212,0.4411553144454956,-0.02453150972723961,0.6881439685821533,0.38432347774505615,-0.0377500019967556,0.6815405488014221,0.3364216089248657,-0.04772740229964256,0.7391466498374939,0.5390046834945679,-0.018159549683332443,0.7276889681816101,0.47347450256347656,-0.031313713639974594,0.718902051448822,0.42776578664779663,-0.040759872645139694,0.7117244005203247,0.38844728469848633,-0.0478045679628849
B,0.7273809909820557,0.733382523059845,2.2857594217384758e-07,0.6770309805870056,0.6945734024047852,-0.028470441699028015,0.6521913409233093,0.6147652864456177,-0.038138728588819504,0.6757730841636658,0.549521803855896,-0.04483262822031975,0.7115061283111572,0.5375255346298218,-0.049323856830596924,0.6451980471611023,0.5326780676841736,-0.013796650804579258,0.6372883319854736,0.4491978883743286,-0.027023665606975555,0.6370248198509216,0.3983917236328125,-0.04016823321580887,0.6383100748062134,0.3535188138484955,-0.05171285569667816,0.6756169199943542,0.5192510485649109,-0.011388479731976986,0.6639147996902466,0.4306032657623291,-0.02314809523522854,0.659489095211029,0.37051141262054443,-0.035494640469551086,0.6556254625320435,0.3175585865974426,-0.04529377445578575,0.7058490514755249,0.5227733850479126,-0.0132888313382864,0.6945049166679382,0.440282940864563,-0.025741010904312134,0.6876542568206787,0.38420191407203674,-0.03831266984343529,0.6803612112998962,0.3361656069755554,-0.047512464225292206,0.7389703392982483,0.5390836000442505,-0.01856881193816662,0.7277629971504211,0.47252362966537476,-0.031737346202135086,0.7190371155738831,0.4271914064884186,-0.04044897109270096,0.7116968631744385,0.38800138235092163,-0.04655821993947029
B,0.7265519499778748,0.7298474311828613,2.597240325030725e-07,0.678622305393219,0.6917368173599243,-0.02593887783586979,0.6541927456855774,0.6169856190681458,-0.03633556887507439,0.6769058108329773,0.5552402138710022,-0.04425393417477608,0.7103464603424072,0.5355421900749207,-0.05030864104628563,0.6439786553382874,0.5356618762016296,-0.01702122949063778,0.6373533010482788,0.4498977065086365,-0.032307710498571396,0.6381093859672546,0.39688509702682495,-0.04605669900774956,0.6396865248680115,0.3509015142917633,-0.05750223621726036,0.6756547689437866,0.5221429467201233,-0.01635555922985077,0.6642497181892395,0.43240660429000854,-0.030000992119312286,0.6605910062789917,0.3720555901527405,-0.042989302426576614,0.6565854549407959,0.319357693195343,-0.052959881722927094,0.7069140672683716,0.5248351097106934,-0.01938154175877571,0.6952149271965027,0.4409835636615753,-0.033129166811704636,0.6888483762741089,0.38489511609077454,-0.045487869530916214,0.6811503171920776,0.33738380670547485,-0.054299261420965195,0.7398201823234558,0.5402596592903137,-0.025345807895064354,0.7295169830322266,0.47318196296691895,-0.039880089461803436,0.7207890152931213,0.4270534813404083,-0.04858371987938881,0.7120847105979919,0.3877859115600586,-0.05425732955336571
B,0.7286561131477356,0.7341588735580444,2.0884019136246934e-07,0.6813443303108215,0.6946172714233398,-0.0244488213211298,0.6565228700637817,0.6167480945587158,-0.03296862170100212,0.6799073815345764,0.5555140376091003,-0.03922336921095848,0.7147295475006104,0.5386111736297607,-0.04350106418132782,0.6455199122428894,0.5343067646026611,-0.012907975353300571,0.6374609470367432,0.45027077198028564,-0.026318201795220375,0.6371897459030151,0.3988814949989319,-0.03933810442686081,0.6381793022155762,0.3538721799850464,-0.05060200020670891,0.6760467886924744,0.5204378962516785,-0.012515740469098091,0.6633989214897156,0.431710809469223,-0.024263914674520493,0.6591609120368958,0.37204036116600037,-0.03653109818696976,0.6550978422164917,0.3193386495113373,-0.04618888348340988,0.7070209980010986,0.5234200358390808,-0.015895171090960503,0.6936202645301819,0.4402814507484436,-0.027891376987099648,0.6871996521949768,0.38492387533187866,-0.03972332179546356,0.68004310131073,0.33718740940093994,-0.048451632261276245,0.7404026985168457,0.5397046208381653,-0.022247903048992157,0.7278444170951843,0.4726141691207886,-0.03520645946264267,0.718576967716217,0.42736998200416565,-0.043144915252923965,0.7107053995132446,0.3883044719696045,-0.048547569662332535
B,0.7260676026344299,0.7347352504730225,2.051823742021952e-07,0.6792706847190857,0.6953082084655762,-0.027824098244309425,0.6564949154853821,0.6187427639961243,-0.03730444237589836,0.6805048584938049,0.5575839281082153,-0.04403529688715935,0.7150305509567261,0.5402741432189941,-0.048425450921058655,0.6455600261688232,0.5322407484054565,-0.012618611566722393,0.6371190547943115,0.448242723941803,-0.02569706365466118,0.636996328830719,0.39731326699256897,-0.03884418308734894,0.6380895376205444,0.3528771698474884,-0.050386641174554825,0.6756405234336853,0.5193949341773987,-0.010526826605200768,0.6634294986724854,0.4303922653198242,-0.02213849313557148,0.6596519947052002,0.3709501028060913,-0.034858036786317825,0.6560013294219971,0.3188750743865967,-0.04520554468035698,0.7059628963470459,0.5230535864830017,-0.012796260416507721,0.69408118724823,0.4394940137863159,-0.025236336514353752,0.6879668235778809,0.3835746645927429,-0.03825588896870613,0.68131422996521,0.33593985438346863,-0.048050880432128906,0.7390025854110718,0.5394383668899536,-0.01839008368551731,0.7276998162269592,0.4730478823184967,-0.031888872385025024,0.7189093828201294,0.42760974168777466,-0.04111660644412041,0.7114610075950623,0.38808244466781616,-0.047838833183050156
B,0.7281394600868225,0.7378366589546204,1.9284024688204227e-07,0.6824183464050293,0.7005454897880554,-0.026868367567658424,0.6582608222961426,0.6225138902664185,-0.03581264615058899,0.680191159248352,0.5597290396690369,-0.04212016239762306,0.713831901550293,0.5372710824012756,-0.04610336944460869,0.6464990377426147,0.535133421421051,-0.012277518399059772,0.6380621790885925,0.45148345828056335,-0.025398533791303635,0.6375377178192139,0.4005774259567261,-0.03854743018746376,0.6379207968711853,0.35586872696876526,-0.05013822764158249,0.6759616136550903,0.5208670496940613,-0.010749763809144497,0.6635734438896179,0.4317131042480469,-0.02248365432024002,0.6595017910003662,0.37250661849975586,-0.03520337492227554,0.6552225947380066,0.320371150970459,-0.04552336037158966,0.7059524655342102,0.5242350697517395,-0.013495751656591892,0.6939093470573425,0.44002771377563477,-0.02622358873486519,0.6876291632652283,0.38386070728302,-0.03927577659487724,0.6803731322288513,0.33541470766067505,-0.049132708460092545,0.7387770414352417,0.5403712391853333,-0.019426677376031876,0.7279731631278992,0.47395941615104675,-0.03348279744386673,0.7191171050071716,0.42829495668411255,-0.04292832314968109,0.7112848162651062,0.3879055976867676,-0.04975336417555809
B,0.7276931405067444,0.7383045554161072,2.1729455568220146e-07,0.6806800365447998,0.7015706896781921,-0.027571609243750572,0.6577906608581543,0.6224508881568909,-0.036782924085855484,0.6810746192932129,0.557927131652832,-0.04312068596482277,0.7138140201568604,0.5310186743736267,-0.04728621616959572,0.6444850564002991,0.5372673273086548,-0.014352474361658096,0.6372100114822388,0.4518960416316986,-0.028089316561818123,0.6376460790634155,0.4002712368965149,-0.04148228093981743,0.6389249563217163,0.3548206388950348,-0.05308426544070244,0.6749128103256226,0.5234861969947815,-0.0124569833278656,0.6633013486862183,0.4331573247909546,-0.024712255224585533,0.6594848036766052,0.37315261363983154,-0.03782452642917633,0.6554710268974304,0.3199675977230072,-0.04834800213575363,0.7056230306625366,0.5271787047386169,-0.014775566756725311,0.6939430832862854,0.4423159658908844,-0.027811506763100624,0.6877184510231018,0.3853798508644104,-0.041212450712919235,0.6804609298706055,0.3364965319633484,-0.051261529326438904,0.7387373447418213,0.5434310436248779,-0.020244227722287178,0.7276017665863037,0.4762577712535858,-0.034846216440200806,0.7187315225601196,0.429445743560791,-0.04478421062231064,0.7110431790351868,0.3880123794078827,-0.05180159956216812
B,0.7282752394676208,0.7368856072425842,2.1017989126903558e-07,0.6813452243804932,0.7031677961349487,-0.026529576629400253,0.6572155356407166,0.6221317052841187,-0.0354280099272728,0.6809534430503845,0.5570011734962463,-0.041569340974092484,0.7145161628723145,0.5322388410568237,-0.045691050589084625,0.6450566053390503,0.5370872616767883,-0.015103691257536411,0.6376911401748657,0.4513530731201172,-0.02840319834649563,0.6373125910758972,0.3995722532272339,-0.04120665416121483,0.6381202936172485,0.3551015853881836,-0.05231914296746254,0.6759915351867676,0.5233204364776611,-0.01333255972713232,0.6636892557144165,0.43263810873031616,-0.024914365261793137,0.6593607068061829,0.3730688691139221,-0.03701814264059067,0.655134916305542,0.32152968645095825,-0.04676448553800583,0.706978440284729,0.5266030430793762,-0.015502344816923141,0.6949309706687927,0.44133493304252625,-0.027469340711832047,0.6883780360221863,0.38547319173812866,-0.039843909442424774,0.6808888912200928,0.3381812572479248,-0.04934614896774292,0.7398356199264526,0.5422117114067078,-0.020720165222883224,0.7284949421882629,0.4750065505504608,-0.03418133780360222,0.7194711565971375,0.4294351041316986,-0.04322369396686554,0.7115746140480042,0.38999804854393005,-0.04966440051794052
B,0.7285664677619934,0.7369362115859985,2.0870200501121872e-07,0.6813257336616516,0.701088011264801,-0.026170317083597183,0.6577277183532715,0.6204726099967957,-0.03510620817542076,0.6824215650558472,0.5564976334571838,-0.04160958528518677,0.7157078385353088,0.5306976437568665,-0.04615599289536476,0.6465360522270203,0.5361822843551636,-0.013601544313132763,0.6381420493125916,0.4509855806827545,-0.027086257934570312,0.6376890540122986,0.39956945180892944,-0.040251925587654114,0.6379801630973816,0.35456281900405884,-0.051718734204769135,0.6766157746315002,0.5218858122825623,-0.012435457669198513,0.6643996834754944,0.43207788467407227,-0.0242123082280159,0.6606376767158508,0.37389135360717773,-0.03681562840938568,0.656204104423523,0.3230409026145935,-0.04691401124000549,0.706741988658905,0.5250059962272644,-0.015318138524889946,0.6944816708564758,0.4406404495239258,-0.027180807664990425,0.688416600227356,0.3858329653739929,-0.03946881741285324,0.6810827255249023,0.3390163481235504,-0.048920705914497375,0.7388744950294495,0.5407727956771851,-0.02134057506918907,0.7278529405593872,0.47400611639022827,-0.034189771860837936,0.7191498875617981,0.4288089871406555,-0.042789626866579056,0.7111427187919617,0.38934123516082764,-0.049073610454797745
B,0.7274356484413147,0.7347102165222168,2.4764230488472094e-07,0.6787917017936707,0.6989208459854126,-0.02563672885298729,0.6548213362693787,0.6197139620780945,-0.03523262217640877,0.6806346774101257,0.5562666654586792,-0.04239753261208534,0.715161144733429,0.5323721170425415,-0.047968655824661255,0.6466988325119019,0.5380616784095764,-0.01673084683716297,0.6396459341049194,0.4508299231529236,-0.031394269317388535,0.639194130897522,0.3972143530845642,-0.044928353279829025,0.6396462917327881,0.3510403633117676,-0.05634647235274315,0.6773707866668701,0.5236960649490356,-0.016083061695098877,0.6665080189704895,0.4311507046222687,-0.02886745147407055,0.6624005436897278,0.37036293745040894,-0.041735462844371796,0.6575978994369507,0.3186850845813751,-0.05176464468240738,0.7073298692703247,0.5267990827560425,-0.01910371147096157,0.6966153979301453,0.4398409128189087,-0.031630463898181915,0.690255343914032,0.3836559057235718,-0.044076815247535706,0.6824012994766235,0.3369765877723694,-0.053359273821115494,0.7386583089828491,0.542922854423523,-0.025065520778298378,0.7286903858184814,0.47406190633773804,-0.03855427727103233,0.7197405099868774,0.42789649963378906,-0.04721299186348915,0.7110092639923096,0.38849902153015137,-0.053197503089904785
B,0.7269538640975952,0.7329239845275879,2.3751090338919312e-07,0.6799022555351257,0.6962528228759766,-0.025787772610783577,0.6568622589111328,0.6192036867141724,-0.03592541813850403,0.6814907789230347,0.5566404461860657,-0.04357074946165085,0.7153830528259277,0.5321041345596313,-0.04946532100439072,0.6452879309654236,0.5382956266403198,-0.01806776039302349,0.6384599208831787,0.45099830627441406,-0.033131182193756104,0.6382484436035156,0.39810365438461304,-0.046447426080703735,0.6387372016906738,0.3522036671638489,-0.057608459144830704,0.6765190958976746,0.5242149829864502,-0.017513055354356766,0.6654192805290222,0.43163877725601196,-0.03072855994105339,0.6608859896659851,0.3710665702819824,-0.04335946962237358,0.6555063724517822,0.3189963400363922,-0.05324575677514076,0.7074354887008667,0.5271207690238953,-0.02056596241891384,0.6961665749549866,0.4401702880859375,-0.03374461084604263,0.6890828013420105,0.3835550844669342,-0.04601568356156349,0.6803492903709412,0.33598458766937256,-0.055102135986089706,0.7397756576538086,0.5428653955459595,-0.02649983949959278,0.7291499972343445,0.47409185767173767,-0.04060259088873863,0.7198191285133362,0.42742758989334106,-0.0492829903960228,0.7105267643928528,0.38785111904144287,-0.055186547338962555
B,0.72674560546875,0.7314845323562622,2.2379369113423309e-07,0.6799246668815613,0.6980724334716797,-0.02697598934173584,0.6564042568206787,0.6218271255493164,-0.03689407557249069,0.6789559125900269,0.5580330491065979,-0.044033754616975784,0.710106611251831,0.5285941362380981,-0.04915705323219299,0.6437957882881165,0.5367001295089722,-0.01723996363580227,0.6370595097541809,0.4506324231624603,-0.03198499605059624,0.6367994546890259,0.39849793910980225,-0.04521920531988144,0.6374197602272034,0.3535890281200409,-0.05633744224905968,0.674456775188446,0.5226238369941711,-0.01573968306183815,0.6631896495819092,0.43152064085006714,-0.0288929995149374,0.6590754389762878,0.3720431923866272,-0.041560620069503784,0.6546446681022644,0.3202623128890991,-0.051530614495277405,0.7054312229156494,0.5254911184310913,-0.0181255079805851,0.6944519877433777,0.4393954277038574,-0.031663812696933746,0.6882399320602417,0.3837786614894867,-0.04397787153720856,0.6805957555770874,0.3363395929336548,-0.05312075838446617,0.738524854183197,0.5407409071922302,-0.023481840267777443,0.7278002500534058,0.4734586179256439,-0.03793372958898544,0.718531608581543,0.4281046390533447,-0.04681510478258133,0.7098056077957153,0.38864412903785706,-0.05291033536195755
B,0.7278841733932495,0.7324628233909607,2.3651779201827594e-07,0.680293083190918,0.6987481117248535,-0.025980379432439804,0.6563631296157837,0.6209373474121094,-0.035590872168540955,0.6804388165473938,0.5568926930427551,-0.04258493334054947,0.7133243083953857,0.5298171639442444,-0.0478631854057312,0.6449350714683533,0.5373258590698242,-0.01719311811029911,0.6376581192016602,0.4509592056274414,-0.03179951012134552,0.6373730301856995,0.3978620767593384,-0.04516078904271126,0.6380878686904907,0.35183772444725037,-0.05653788149356842,0.6759352087974548,0.5229487419128418,-0.01645202748477459,0.6646137833595276,0.4316027760505676,-0.029319187626242638,0.6602062582969666,0.3713069558143616,-0.04220610111951828,0.6555269360542297,0.319037526845932,-0.05237998440861702,0.7066739201545715,0.5261995792388916,-0.019407039508223534,0.6956921219825745,0.44059455394744873,-0.03245113417506218,0.6893017888069153,0.38400521874427795,-0.04534398391842842,0.6816495060920715,0.3362632691860199,-0.055044714361429214,0.7389152646064758,0.54264235496521,-0.025233013555407524,0.7282233238220215,0.4754570424556732,-0.03940591216087341,0.7190141081809998,0.42895251512527466,-0.048603836447000504,0.7104724049568176,0.38846057653427124,-0.055050719529390335
B,0.7279457449913025,0.732471764087677,2.246758867840981e-07,0.6803213357925415,0.6959799528121948,-0.025547871366143227,0.6563523411750793,0.6180869340896606,-0.03468573838472366,0.6805902123451233,0.5556783080101013,-0.04124365746974945,0.713396430015564,0.5301854014396667,-0.046048566699028015,0.6458102464675903,0.5379725098609924,-0.016854308545589447,0.6379861831665039,0.4516046345233917,-0.031184468418359756,0.6374726891517639,0.3987393081188202,-0.04426431655883789,0.6381781101226807,0.3528338372707367,-0.05534401535987854,0.6762588620185852,0.5235028266906738,-0.01586414873600006,0.6646358370780945,0.4320572316646576,-0.028326116502285004,0.6603099703788757,0.3715673089027405,-0.040752846747636795,0.6558730602264404,0.3196495771408081,-0.05060482770204544,0.7065210342407227,0.525946855545044,-0.018510831519961357,0.695216953754425,0.4401838481426239,-0.031146178022027016,0.6887052059173584,0.3840980529785156,-0.04361074045300484,0.6807746887207031,0.3366103172302246,-0.052958615124225616,0.7385686039924622,0.5412980914115906,-0.02403910830616951,0.7283279895782471,0.4729357659816742,-0.037869829684495926,0.7191628217697144,0.42712849378585815,-0.04673086479306221,0.7099975943565369,0.3876425623893738,-0.052899591624736786
B,0.7284899950027466,0.7314780950546265,2.2333946958497108e-07,0.6815782785415649,0.6964715719223022,-0.025306737050414085,0.6564819812774658,0.6220086216926575,-0.03506492078304291,0.6782103180885315,0.559256911277771,-0.042510177940130234,0.708920419216156,0.5315362811088562,-0.04826732352375984,0.6446660161018372,0.536816418170929,-0.016743797808885574,0.6369739174842834,0.4503226578235626,-0.03193632513284683,0.6367424130439758,0.39744988083839417,-0.0456828847527504,0.6375184059143066,0.3517717719078064,-0.05715189501643181,0.6757037043571472,0.5229531526565552,-0.01630442962050438,0.6639021635055542,0.43146735429763794,-0.02983553148806095,0.6598259210586548,0.37114644050598145,-0.04296036437153816,0.6555114984512329,0.31900036334991455,-0.05323270708322525,0.7068161964416504,0.5259498953819275,-0.019527098163962364,0.6953821778297424,0.43967023491859436,-0.033221907913684845,0.6890087723731995,0.38368409872055054,-0.04588589072227478,0.6812034249305725,0.3361899256706238,-0.055208656936883926,0.7397233247756958,0.5421181917190552,-0.025565480813384056,0.7287717461585999,0.4733659625053406,-0.04035634547472,0.7194180488586426,0.42697519063949585,-0.04949729144573212,0.7103101015090942,0.3869749903678894,-0.05568475276231766
B,0.7266209721565247,0.7305958867073059,2.4660684516675246e-07,0.6780157089233398,0.6954410076141357,-0.02378041297197342,0.6541687846183777,0.6164343953132629,-0.03197290375828743,0.6794235706329346,0.5542994141578674,-0.03822211176156998,0.7121015191078186,0.5364543199539185,-0.04303508251905441,0.6456731557846069,0.5363233089447021,-0.013351564295589924,0.6383864879608154,0.45072993636131287,-0.02704113908112049,0.6377001404762268,0.39729318022727966,-0.04014373943209648,0.6379730105400085,0.35143035650253296,-0.051488496363162994,0.6765895485877991,0.5216668844223022,-0.013388212770223618,0.6655275821685791,0.4311425983905792,-0.025601010769605637,0.6613457798957825,0.3706965446472168,-0.03819442167878151,0.656257152557373,0.31911396980285645,-0.04799874871969223,0.7068870067596436,0.5249332189559937,-0.017046833410859108,0.6956874132156372,0.43970197439193726,-0.029408374801278114,0.6889424920082092,0.3837115168571472,-0.04180130362510681,0.6804630756378174,0.33688825368881226,-0.05100478231906891,0.7389581799507141,0.5417616963386536,-0.023530295118689537,0.7291945219039917,0.47436636686325073,-0.03679322823882103,0.7198754549026489,0.4286392331123352,-0.045308731496334076,0.7104677557945251,0.3891638517379761,-0.051296476274728775
B,0.7266209721565247,0.7305958867073059,2.4660684516675246e-07,0.6780157089233398,0.6954410076141357,-0.02378041297197342,0.6541687846183777,0.6164343953132629,-0.03197290375828743,0.6794235706329346,0.5542994141578674,-0.03822211176156998,0.7121015191078186,0.5364543199539185,-0.04303508251905441,0.6456731557846069,0.5363233089447021,-0.013351564295589924,0.6383864879608154,0.45072993636131287,-0.02704113908112049,0.6377001404762268,0.39729318022727966,-0.04014373943209648,0.6379730105400085,0.35143035650253296,-0.051488496363162994,0.6765895485877991,0.5216668844223022,-0.013388212770223618,0.6655275821685791,0.4311425983905792,-0.025601010769605637,0.6613457798957825,0.3706965446472168,-0.03819442167878151,0.656257152557373,0.31911396980285645,-0.04799874871969223,0.7068870067596436,0.5249332189559937,-0.017046833410859108,0.6956874132156372,0.43970197439193726,-0.029408374801278114,0.6889424920082092,0.3837115168571472,-0.04180130362510681,0.6804630756378174,0.33688825368881226,-0.05100478231906891,0.7389581799507141,0.5417616963386536,-0.023530295118689537,0.7291945219039917,0.47436636686325073,-0.03679322823882103,0.7198754549026489,0.4286392331123352,-0.045308731496334076,0.7104677557945251,0.3891638517379761,-0.051296476274728775
B,0.7273434996604919,0.7328364253044128,2.393214231233287e-07,0.6800302863121033,0.696709930896759,-0.028500650078058243,0.656408965587616,0.6161863207817078,-0.03751910477876663,0.683221697807312,0.5530955195426941,-0.043290551751852036,0.7194692492485046,0.5348827242851257,-0.04698285833001137,0.6449357867240906,0.534357488155365,-0.01485610380768776,0.6378248929977417,0.4494270384311676,-0.027396494522690773,0.6374452114105225,0.3979373574256897,-0.040201298892498016,0.6380316019058228,0.35298973321914673,-0.051580436527729034,0.6756794452667236,0.5203288197517395,-0.011831939220428467,0.6638259887695312,0.43094485998153687,-0.022651324048638344,0.6593462824821472,0.3713958263397217,-0.034755393862724304,0.6547124981880188,0.31955140829086304,-0.04461798444390297,0.7059856057167053,0.5236670970916748,-0.012994476594030857,0.6940904855728149,0.4400898218154907,-0.024433698505163193,0.6872153282165527,0.38417643308639526,-0.03724781051278114,0.6793550252914429,0.33683526515960693,-0.04703497886657715,0.7385331988334656,0.5393458604812622,-0.017491573467850685,0.7275722026824951,0.4733007848262787,-0.030692527070641518,0.7181702256202698,0.4274631142616272,-0.04010184481739998,0.7100329995155334,0.3874913454055786,-0.04686325788497925
B,0.7264739274978638,0.7324259281158447,2.46145560822697e-07,0.6793473958969116,0.6958659291267395,-0.027560044080018997,0.6568360328674316,0.6133376359939575,-0.03568260371685028,0.6845201253890991,0.5515366792678833,-0.040839362889528275,0.7206815481185913,0.5362396240234375,-0.04409812390804291,0.6458472609519958,0.5360084176063538,-0.014338284730911255,0.6384700536727905,0.4503535330295563,-0.026608845219016075,0.6380717158317566,0.39829593896865845,-0.039035454392433167,0.6385548710823059,0.35252606868743896,-0.050133056938648224,0.6767047047615051,0.5210124850273132,-0.011739577166736126,0.6651549339294434,0.4307047128677368,-0.022301530465483665,0.6605339646339417,0.37069815397262573,-0.03426048159599304,0.6551977396011353,0.3186327815055847,-0.04396232217550278,0.7068186402320862,0.523680567741394,-0.013178427703678608,0.6955156326293945,0.43911421298980713,-0.024380967020988464,0.688576340675354,0.38328486680984497,-0.037173524498939514,0.6798457503318787,0.3360878825187683,-0.04687968268990517,0.7385174036026001,0.5388026237487793,-0.017886921763420105,0.7284054756164551,0.4715648889541626,-0.030769919976592064,0.7191287279129028,0.42551910877227783,-0.03997836261987686,0.7101204991340637,0.38565975427627563,-0.04663227126002312
B,0.7277582883834839,0.7321335077285767,2.3148339778344962e-07,0.6782204508781433,0.6969831585884094,-0.027623506262898445,0.6563625931739807,0.6180881261825562,-0.03692512959241867,0.6825390458106995,0.5563462972640991,-0.04316159710288048,0.7165245413780212,0.5378260612487793,-0.04739551618695259,0.6453262567520142,0.5361413955688477,-0.01630464196205139,0.6370074152946472,0.4501964747905731,-0.029780231416225433,0.6366075873374939,0.3985655903816223,-0.042612046003341675,0.6376417875289917,0.35340416431427,-0.053618285804986954,0.6760513186454773,0.5221307873725891,-0.014054677449166775,0.6637881994247437,0.4321914315223694,-0.02573162317276001,0.659328043460846,0.3724810779094696,-0.03773123025894165,0.65530925989151,0.3195040225982666,-0.04720199480652809,0.7067081332206726,0.5248184204101562,-0.015791162848472595,0.6951411962509155,0.44079315662384033,-0.027818690985441208,0.6880927681922913,0.3850196599960327,-0.0403362438082695,0.6802486777305603,0.3368247151374817,-0.049611713737249374,0.7398949265480042,0.5398446917533875,-0.020708775147795677,0.7282514572143555,0.47266721725463867,-0.03403361141681671,0.7186570167541504,0.4272294044494629,-0.042891960591077805,0.7102317810058594,0.3876454830169678,-0.04897967353463173
B,0.7276691198348999,0.7341668605804443,2.1805554695220053e-07,0.6808032393455505,0.6965176463127136,-0.026543455198407173,0.6573227047920227,0.6232081651687622,-0.0367443710565567,0.6796268224716187,0.5607177019119263,-0.044264163821935654,0.7110128402709961,0.5324718356132507,-0.049821339547634125,0.6446778774261475,0.5359082818031311,-0.016043178737163544,0.6367591619491577,0.4502720236778259,-0.03102707676589489,0.6365090012550354,0.39887815713882446,-0.04480438306927681,0.6375136971473694,0.3537411689758301,-0.0562877282500267,0.675763726234436,0.5225511193275452,-0.01478338148444891,0.6640812754631042,0.4321061670780182,-0.028044460341334343,0.6599105596542358,0.3727673292160034,-0.041137661784887314,0.6560385227203369,0.3204888105392456,-0.051452118903398514,0.7067359089851379,0.5261613726615906,-0.017419612035155296,0.6956494450569153,0.4409825801849365,-0.031099604442715645,0.6892247796058655,0.38533949851989746,-0.04374564066529274,0.6819466948509216,0.3374565541744232,-0.05310875549912453,0.7394296526908875,0.5425280332565308,-0.02300948277115822,0.7286784648895264,0.4750789403915405,-0.03772980347275734,0.7196176052093506,0.42955467104911804,-0.04682760313153267,0.7114327549934387,0.38968396186828613,-0.053013648837804794
B,0.7279098629951477,0.7323770523071289,2.1035282316006487e-07,0.681286633014679,0.6954343318939209,-0.026735985651612282,0.6579106450080872,0.6226127743721008,-0.036704640835523605,0.6812654733657837,0.560218095779419,-0.04384741559624672,0.7128851413726807,0.5326570272445679,-0.04909394681453705,0.6450436115264893,0.533833920955658,-0.016152450814843178,0.6366637349128723,0.4490674138069153,-0.030640950426459312,0.6360360383987427,0.39802563190460205,-0.044190552085638046,0.636695384979248,0.35304850339889526,-0.05562794581055641,0.6763510704040527,0.5207442045211792,-0.014567350037395954,0.6638107895851135,0.43036457896232605,-0.027343612164258957,0.6595616936683655,0.3711450695991516,-0.040135208517313004,0.6556106209754944,0.31903791427612305,-0.05034320428967476,0.707288384437561,0.5246768593788147,-0.01687343418598175,0.6956183910369873,0.4394155442714691,-0.030415963381528854,0.689014732837677,0.38408857583999634,-0.043014995753765106,0.6814980506896973,0.3364008665084839,-0.052346743643283844,0.7397408485412598,0.5414313077926636,-0.022121446207165718,0.7286361455917358,0.47332122921943665,-0.03693364933133125,0.719499945640564,0.428171306848526,-0.046071264892816544,0.7112382650375366,0.38863593339920044,-0.05226525664329529
B,0.7274860739707947,0.7335046529769897,1.9539982076821616e-07,0.6806250810623169,0.6956682801246643,-0.027538888156414032,0.656345784664154,0.6194130778312683,-0.036832019686698914,0.681121826171875,0.5560845136642456,-0.043320607393980026,0.7151252627372742,0.5324321985244751,-0.04776929318904877,0.6454205513000488,0.5328985452651978,-0.013418277725577354,0.6371384859085083,0.4483415484428406,-0.02670626901090145,0.6368855834007263,0.3977017402648926,-0.04014658182859421,0.6376665234565735,0.35307061672210693,-0.05202699080109596,0.6759364008903503,0.5191882252693176,-0.011422872543334961,0.6641286015510559,0.42986708879470825,-0.023282652720808983,0.6602761745452881,0.3712236285209656,-0.03661297261714935,0.6561114192008972,0.3199853301048279,-0.04759122058749199,0.706190824508667,0.5227063298225403,-0.013675935566425323,0.6950278282165527,0.43916055560112,-0.02654913440346718,0.6886908411979675,0.38344502449035645,-0.04059864953160286,0.6812803745269775,0.336051881313324,-0.051319561898708344,0.7385810017585754,0.5393059849739075,-0.019090887159109116,0.7277252078056335,0.47246646881103516,-0.03377485275268555,0.7187679409980774,0.42688968777656555,-0.044334251433610916,0.7109211087226868,0.3870249092578888,-0.05202692374587059
B,0.7249299883842468,0.7287752628326416,2.5527560865157284e-07,0.6781845688819885,0.6940566301345825,-0.025698170065879822,0.656179666519165,0.6182300448417664,-0.03508268669247627,0.6821830868721008,0.5566992163658142,-0.04178662225604057,0.7156738638877869,0.5321917533874512,-0.047010406851768494,0.6452367305755615,0.5356552004814148,-0.017198851332068443,0.6387914419174194,0.4486358165740967,-0.031412601470947266,0.6381069421768188,0.3947409689426422,-0.04448622465133667,0.6381474137306213,0.34865790605545044,-0.05554443970322609,0.6772550344467163,0.5225656032562256,-0.01617349125444889,0.6663634181022644,0.43145328760147095,-0.02866816148161888,0.6618067622184753,0.37099382281303406,-0.04149562492966652,0.6567217111587524,0.31918591260910034,-0.05146940052509308,0.70817631483078,0.5263739228248596,-0.01870359480381012,0.6972869038581848,0.44134172797203064,-0.031572915613651276,0.6900105476379395,0.38466161489486694,-0.044843029230833054,0.6814092993736267,0.33698225021362305,-0.054575297981500626,0.7398887872695923,0.5430445075035095,-0.023993266746401787,0.7296922206878662,0.4750303328037262,-0.03845468536019325,0.7205942273139954,0.42834895849227905,-0.048005361109972,0.7117854952812195,0.38803738355636597,-0.05440529063344002
B,0.7276172041893005,0.7316367030143738,2.0940919398526603e-07,0.681235671043396,0.6975943446159363,-0.026507660746574402,0.6576246023178101,0.6217930316925049,-0.03654712811112404,0.681138277053833,0.5573940873146057,-0.04376741126179695,0.7137238383293152,0.5297520160675049,-0.049222178757190704,0.6457238793373108,0.5349451899528503,-0.01801423728466034,0.6375757455825806,0.447689414024353,-0.032991763204336166,0.6371510624885559,0.3952796459197998,-0.04643930122256279,0.637999951839447,0.35024160146713257,-0.057658832520246506,0.677047848701477,0.5222089886665344,-0.016603970900177956,0.66434645652771,0.43094784021377563,-0.02980758808553219,0.6600488424301147,0.37176018953323364,-0.04243439435958862,0.6559649109840393,0.32009077072143555,-0.05231129005551338,0.7081929445266724,0.5256555676460266,-0.018939996138215065,0.6959124803543091,0.439789354801178,-0.03236518055200577,0.6890520453453064,0.3839693069458008,-0.04498912766575813,0.6813137531280518,0.336223840713501,-0.05429796501994133,0.7408136129379272,0.5419086813926697,-0.024164168164134026,0.7284876108169556,0.47349950671195984,-0.0390685573220253,0.7188606858253479,0.4272177219390869,-0.04854537919163704,0.7099791169166565,0.38726669549942017,-0.05487774312496185
B,0.7289356589317322,0.7317606210708618,2.1598458488369943e-07,0.6824496388435364,0.6960291862487793,-0.025589754804968834,0.6576238870620728,0.6220752000808716,-0.035422928631305695,0.6797323226928711,0.5590212345123291,-0.042716510593891144,0.7108017206192017,0.5288325548171997,-0.04818398877978325,0.6454165577888489,0.5359720587730408,-0.016773156821727753,0.6376375555992126,0.44968441128730774,-0.03181157633662224,0.6375778913497925,0.39741259813308716,-0.04549160599708557,0.6386861801147461,0.35228461027145386,-0.056836288422346115,0.676109254360199,0.5219292044639587,-0.015965551137924194,0.6643490195274353,0.43062466382980347,-0.02906936965882778,0.660485029220581,0.3708823621273041,-0.04191242530941963,0.6565039753913879,0.3196339011192322,-0.05195792391896248,0.7069624066352844,0.5248181223869324,-0.018870873376727104,0.695175290107727,0.4392435550689697,-0.03218776732683182,0.6888189315795898,0.38371413946151733,-0.04460713639855385,0.6814010739326477,0.33671194314956665,-0.05376492813229561,0.7395159602165222,0.5410270690917969,-0.024618597701191902,0.7283148169517517,0.4722279906272888,-0.039219651371240616,0.7189914584159851,0.4266570210456848,-0.048171259462833405,0.7101115584373474,0.3875568211078644,-0.054143864661455154
B,0.7289356589317322,0.7317606210708618,2.1598458488369943e-07,0.6824496388435364,0.6960291862487793,-0.025589754804968834,0.6576238870620728,0.6220752000808716,-0.035422928631305695,0.6797323226928711,0.5590212345123291,-0.042716510593891144,0.7108017206192017,0.5288325548171997,-0.04818398877978325,0.6454165577888489,0.5359720587730408,-0.016773156821727753,0.6376375555992126,0.44968441128730774,-0.03181157633662224,0.6375778913497925,0.39741259813308716,-0.04549160599708557,0.6386861801147461,0.35228461027145386,-0.056836288422346115,0.676109254360199,0.5219292044639587,-0.015965551137924194,0.6643490195274353,0.43062466382980347,-0.02906936965882778,0.660485029220581,0.3708823621273041,-0.04191242530941963,0.6565039753913879,0.3196339011192322,-0.05195792391896248,0.7069624066352844,0.5248181223869324,-0.018870873376727104,0.695175290107727,0.4392435550689697,-0.03218776732683182,0.6888189315795898,0.38371413946151733,-0.04460713639855385,0.6814010739326477,0.33671194314956665,-0.05376492813229561,0.7395159602165222,0.5410270690917969,-0.024618597701191902,0.7283148169517517,0.4722279906272888,-0.039219651371240616,0.7189914584159851,0.4266570210456848,-0.048171259462833405,0.7101115584373474,0.3875568211078644,-0.054143864661455154
B,0.7263388633728027,0.7288615703582764,2.535374221679376e-07,0.6792178750038147,0.6951242685317993,-0.025966040790081024,0.6563831567764282,0.6173030138015747,-0.03500647097826004,0.6820147037506104,0.555262565612793,-0.04125452786684036,0.7163828611373901,0.5331351161003113,-0.045927494764328,0.6454917192459106,0.5370405912399292,-0.017062611877918243,0.6384718418121338,0.4501822292804718,-0.030942007899284363,0.6380170583724976,0.3964496850967407,-0.04373249039053917,0.6385847330093384,0.35049304366111755,-0.05463384464383125,0.6765078902244568,0.5231945514678955,-0.015816623345017433,0.6654465794563293,0.4316313862800598,-0.028010299429297447,0.6611975431442261,0.3705495297908783,-0.04046376794576645,0.6566243767738342,0.31824004650115967,-0.05016908049583435,0.7069917321205139,0.5265165567398071,-0.01818700134754181,0.6962766051292419,0.44104039669036865,-0.030711209401488304,0.689659059047699,0.38385719060897827,-0.043749142438173294,0.6817992329597473,0.33591216802597046,-0.05333521217107773,0.7388036847114563,0.5426590442657471,-0.02339531108736992,0.7284169793128967,0.4739058017730713,-0.03739740699529648,0.719688355922699,0.42710113525390625,-0.046736814081668854,0.7114459872245789,0.38671958446502686,-0.053101588040590286
B,0.7284470200538635,0.7281450033187866,2.6512785211707524e-07,0.680372416973114,0.6945818662643433,-0.025317275896668434,0.6559624671936035,0.6186144351959229,-0.03503301367163658,0.6801562905311584,0.5579343438148499,-0.04224823787808418,0.7144500613212585,0.5362376570701599,-0.04770796000957489,0.6451250314712524,0.5358278751373291,-0.016576724126935005,0.638059675693512,0.4498139023780823,-0.030878255143761635,0.6371634006500244,0.3963332176208496,-0.04393313080072403,0.637200117111206,0.3505017161369324,-0.054952144622802734,0.6762983798980713,0.5215029120445251,-0.01583334244787693,0.6651204228401184,0.43106067180633545,-0.02831197716295719,0.6609317660331726,0.37084096670150757,-0.040519844740629196,0.6564297676086426,0.3190544843673706,-0.049995746463537216,0.7071769833564758,0.5238921046257019,-0.01866641640663147,0.6962765455245972,0.43942975997924805,-0.03123992122709751,0.6897871494293213,0.3841816782951355,-0.043351463973522186,0.6819538474082947,0.33744603395462036,-0.052222926169633865,0.7395063042640686,0.5395838022232056,-0.024329686537384987,0.7288404107093811,0.4727819859981537,-0.037808891385793686,0.7198849320411682,0.4277087450027466,-0.04604778066277504,0.7111288905143738,0.388906329870224,-0.051529187709093094
B,0.7261820435523987,0.727241039276123,2.7731095997296507e-07,0.6778430938720703,0.69255530834198,-0.0248554740101099,0.6549545526504517,0.6118041276931763,-0.033761508762836456,0.6828557252883911,0.5522713661193848,-0.04041425138711929,0.7198572158813477,0.5405265688896179,-0.045601435005664825,0.6469054222106934,0.5354782342910767,-0.014754347503185272,0.639728307723999,0.4509234130382538,-0.027920717373490334,0.6388862133026123,0.39826351404190063,-0.04068567976355553,0.6389774680137634,0.3529079854488373,-0.051789116114377975,0.6772127151489258,0.5212505459785461,-0.01415414921939373,0.6665790677070618,0.43164724111557007,-0.02562800422310829,0.6627058982849121,0.37150299549102783,-0.03780375421047211,0.6579663157463074,0.31997033953666687,-0.047272615134716034,0.707068145275116,0.5245553255081177,-0.017145724967122078,0.6961321830749512,0.4408557713031769,-0.02843853272497654,0.689450204372406,0.38503336906433105,-0.04088030755519867,0.6813104152679443,0.33838844299316406,-0.050064101815223694,0.7388336658477783,0.5406038761138916,-0.02309649996459484,0.7284589409828186,0.47335368394851685,-0.035117242485284805,0.7190805673599243,0.4273069500923157,-0.043356478214263916,0.7101778388023376,0.3875937759876251,-0.049166467040777206
B,0.7261757850646973,0.726446270942688,2.387040751727909e-07,0.6801382303237915,0.6930583715438843,-0.025899190455675125,0.6573265194892883,0.6191114187240601,-0.03613981977105141,0.6812748312950134,0.55864018201828,-0.04384150356054306,0.7145520448684692,0.5352299213409424,-0.04979217052459717,0.6451801657676697,0.5335143804550171,-0.01729782298207283,0.6378319263458252,0.44845038652420044,-0.03216163069009781,0.637209951877594,0.3964060842990875,-0.04556756466627121,0.6375873684883118,0.35171860456466675,-0.056689273566007614,0.676020622253418,0.5203676223754883,-0.016302870586514473,0.6648585796356201,0.43047764897346497,-0.029116172343492508,0.660638153553009,0.3717808127403259,-0.04136781021952629,0.6563295125961304,0.32101720571517944,-0.050932627171278,0.7067537307739258,0.5236959457397461,-0.018966687843203545,0.695755660533905,0.4393116533756256,-0.031669583171606064,0.6892836093902588,0.38459765911102295,-0.04341275990009308,0.6817108988761902,0.33814316987991333,-0.05210093781352043,0.7392098903656006,0.5398790836334229,-0.024556858465075493,0.7287302613258362,0.4727688729763031,-0.038074981421232224,0.7199161648750305,0.4273429214954376,-0.046244967728853226,0.7115653157234192,0.38819390535354614,-0.05175183713436127
B,0.7291086316108704,0.7281202673912048,2.449470457577263e-07,0.6818208694458008,0.693991482257843,-0.023616235703229904,0.6566146612167358,0.6195933818817139,-0.032735828310251236,0.6786064505577087,0.5592656135559082,-0.039830081164836884,0.7106202840805054,0.5363960266113281,-0.04539866000413895,0.6458271145820618,0.5381239056587219,-0.015624726191163063,0.6385480761528015,0.45320552587509155,-0.03037724830210209,0.6381572484970093,0.39996790885925293,-0.043620605021715164,0.6385431885719299,0.35425710678100586,-0.05464257672429085,0.6765558123588562,0.5235313177108765,-0.015872392803430557,0.6653368473052979,0.4338907301425934,-0.028799837455153465,0.6610337495803833,0.374148428440094,-0.04104876145720482,0.6563237905502319,0.322876513004303,-0.05047139525413513,0.7071740627288818,0.5257918834686279,-0.019570184871554375,0.695975661277771,0.44131049513816833,-0.03248985856771469,0.6894254684448242,0.38617584109306335,-0.04407697170972824,0.6813992261886597,0.3394046425819397,-0.05250019207596779,0.739418089389801,0.5414736270904541,-0.02596721611917019,0.7291533350944519,0.47430217266082764,-0.03953583166003227,0.7202923893928528,0.42904362082481384,-0.047301724553108215,0.7115061283111572,0.38989031314849854,-0.05243157222867012
B,0.7290855646133423,0.7313109040260315,2.4565116518715513e-07,0.6818865537643433,0.6948848962783813,-0.026306137442588806,0.6574215292930603,0.6202201247215271,-0.0361207015812397,0.678861141204834,0.5579452514648438,-0.043330706655979156,0.7109363079071045,0.5327532887458801,-0.048656217753887177,0.6450355648994446,0.5363882184028625,-0.014990042895078659,0.6371808648109436,0.451741486787796,-0.02926926128566265,0.6366925835609436,0.4002426862716675,-0.04269667714834213,0.6375492215156555,0.35541799664497375,-0.05391163378953934,0.6759762167930603,0.523033618927002,-0.013628407381474972,0.6642900705337524,0.43322038650512695,-0.026053573936223984,0.6595488786697388,0.373555064201355,-0.03898828476667404,0.6550973057746887,0.3213890790939331,-0.04910001903772354,0.7067288160324097,0.5262640118598938,-0.016112156212329865,0.6958069801330566,0.44184163212776184,-0.028868138790130615,0.6894228458404541,0.3863264322280884,-0.04154078662395477,0.6818493008613586,0.33895373344421387,-0.050847865641117096,0.7393065094947815,0.5426360964775085,-0.021514711901545525,0.7289111614227295,0.47577181458473206,-0.035061564296483994,0.7201915979385376,0.43018847703933716,-0.04359230771660805,0.7119235992431641,0.39053019881248474,-0.04938504844903946
B,0.7308041453361511,0.7323404550552368,2.4109741048050637e-07,0.6820167899131775,0.6982414722442627,-0.02502276375889778,0.6567962169647217,0.6216814517974854,-0.03402446210384369,0.6793612241744995,0.558192789554596,-0.0406113900244236,0.711650013923645,0.5354995131492615,-0.045570507645606995,0.6471407413482666,0.5403374433517456,-0.01582913286983967,0.639140248298645,0.4544390141963959,-0.030060242861509323,0.6383333802223206,0.4009586572647095,-0.043171945959329605,0.638704240322113,0.3548522889614105,-0.05434241145849228,0.677787184715271,0.525172233581543,-0.015264437533915043,0.6658254265785217,0.4342467188835144,-0.02784525230526924,0.6610772013664246,0.37339580059051514,-0.04049837961792946,0.6560867428779602,0.3209547996520996,-0.05039239674806595,0.7078726887702942,0.5271727442741394,-0.018291758373379707,0.6964024305343628,0.44221770763397217,-0.030990956351161003,0.689583420753479,0.3861235976219177,-0.04353810474276543,0.6813402771949768,0.3387749195098877,-0.0528646819293499,0.7397035956382751,0.5425500273704529,-0.024159349501132965,0.7292395234107971,0.47545093297958374,-0.03775639086961746,0.720197319984436,0.42995357513427734,-0.04643922671675682,0.7114505171775818,0.3906848430633545,-0.05249090865254402
B,0.7284590005874634,0.73258376121521,2.2694048595894856e-07,0.6795086860656738,0.6989304423332214,-0.024884017184376717,0.6558414101600647,0.6232053637504578,-0.03394549712538719,0.6791216135025024,0.5590929388999939,-0.04065351560711861,0.7113820910453796,0.5324310064315796,-0.045668698847293854,0.6457833051681519,0.5386797785758972,-0.014760416001081467,0.6390458941459656,0.45397132635116577,-0.028605341911315918,0.6385397911071777,0.4021393656730652,-0.041585709899663925,0.6390185356140137,0.35697871446609497,-0.05264529213309288,0.6766575574874878,0.5240629315376282,-0.014304670505225658,0.6657859683036804,0.4342903196811676,-0.026564639061689377,0.661188006401062,0.374476820230484,-0.0391288585960865,0.6562296748161316,0.32282939553260803,-0.04895476624369621,0.7071643471717834,0.5266562700271606,-0.0175466388463974,0.6963316798210144,0.44186633825302124,-0.030288906767964363,0.6895020604133606,0.38568204641342163,-0.042950041592121124,0.6812489628791809,0.3379858136177063,-0.05229363217949867,0.7395868897438049,0.5424429774284363,-0.023578597232699394,0.729134202003479,0.4742890000343323,-0.03754341974854469,0.7199897170066833,0.4284258484840393,-0.04635454714298248,0.7111263275146484,0.3887680768966675,-0.05234215781092644
B,0.7308539748191833,0.7333266139030457,2.2888045236868493e-07,0.6814018487930298,0.6985998749732971,-0.025113677605986595,0.656154990196228,0.624677300453186,-0.03450900688767433,0.6773707270622253,0.559773862361908,-0.04146664962172508,0.7077010869979858,0.5278297662734985,-0.046707041561603546,0.6466917395591736,0.5413342714309692,-0.01558658666908741,0.6394205093383789,0.45556312799453735,-0.03035202994942665,0.6387661695480347,0.4027562141418457,-0.043776221573352814,0.639336347579956,0.3570217490196228,-0.05491195246577263,0.6771947145462036,0.526648998260498,-0.014922454953193665,0.6661293506622314,0.4356112480163574,-0.027956508100032806,0.6613970994949341,0.37474527955055237,-0.04100192338228226,0.6567839980125427,0.3227066397666931,-0.051124922931194305,0.7073879837989807,0.5289483070373535,-0.01792828179895878,0.6965779066085815,0.44347310066223145,-0.0312950573861599,0.689781904220581,0.3867015838623047,-0.044064249843358994,0.6817695498466492,0.3391314446926117,-0.0534512959420681,0.7397177219390869,0.5444591641426086,-0.0236773993819952,0.7298341393470764,0.4765087962150574,-0.03806371986865997,0.7204310894012451,0.4307069778442383,-0.046978678554296494,0.7109687328338623,0.3913573622703552,-0.05298576503992081
B,0.7306202054023743,0.7341087460517883,2.1194550470227114e-07,0.6832963824272156,0.6968206167221069,-0.024294832721352577,0.658451497554779,0.6230388879776001,-0.03306048363447189,0.680009126663208,0.5597221255302429,-0.039720721542835236,0.711333692073822,0.5340818166732788,-0.04456889629364014,0.6468987464904785,0.5395122170448303,-0.012377629056572914,0.6389696598052979,0.4547118842601776,-0.02604345791041851,0.6383883357048035,0.4035141170024872,-0.03919823840260506,0.6392107605934143,0.3590359687805176,-0.050364818423986435,0.677411675453186,0.5255501866340637,-0.011842605657875538,0.6652467846870422,0.435663104057312,-0.023891374468803406,0.66046541929245,0.3763049840927124,-0.036812908947467804,0.6559259295463562,0.32473456859588623,-0.0469575859606266,0.7080888152122498,0.5281144380569458,-0.015030303038656712,0.6955299973487854,0.443575382232666,-0.027431875467300415,0.6885868906974792,0.38807761669158936,-0.03982317075133324,0.6806328296661377,0.34133994579315186,-0.048989616334438324,0.7412465810775757,0.5437021851539612,-0.021008985117077827,0.7297364473342896,0.4762903153896332,-0.03426193445920944,0.7203792333602905,0.4311976432800293,-0.042540036141872406,0.7117251753807068,0.3927631676197052,-0.04821448400616646
B,0.7306202054023743,0.7341087460517883,2.1194550470227114e-07,0.6832963824272156,0.6968206167221069,-0.024294832721352577,0.658451497554779,0.6230388879776001,-0.03306048363447189,0.680009126663208,0.5597221255302429,-0.039720721542835236,0.711333692073822,0.5340818166732788,-0.04456889629364014,0.6468987464904785,0.5395122170448303,-0.012377629056572914,0.6389696598052979,0.4547118842601776,-0.02604345791041851,0.6383883357048035,0.4035141170024872,-0.03919823840260506,0.6392107605934143,0.3590359687805176,-0.050364818423986435,0.677411675453186,0.5255501866340637,-0.011842605657875538,0.6652467846870422,0.435663104057312,-0.023891374468803406,0.66046541929245,0.3763049840927124,-0.036812908947467804,0.6559259295463562,0.32473456859588623,-0.0469575859606266,0.7080888152122498,0.5281144380569458,-0.015030303038656712,0.6955299973487854,0.443575382232666,-0.027431875467300415,0.6885868906974792,0.38807761669158936,-0.03982317075133324,0.6806328296661377,0.34133994579315186,-0.048989616334438324,0.7412465810775757,0.5437021851539612,-0.021008985117077827,0.7297364473342896,0.4762903153896332,-0.03426193445920944,0.7203792333602905,0.4311976432800293,-0.042540036141872406,0.7117251753807068,0.3927631676197052,-0.04821448400616646
B,0.7295131683349609,0.7334521412849426,2.3197775078642735e-07,0.681244432926178,0.6968978643417358,-0.025502758100628853,0.6568040251731873,0.623522162437439,-0.03486088290810585,0.6774841547012329,0.5601791143417358,-0.041697461158037186,0.7074464559555054,0.5314840078353882,-0.04648464173078537,0.6459028720855713,0.5378105044364929,-0.013562577776610851,0.6380947232246399,0.45304495096206665,-0.027583710849285126,0.63816237449646,0.4022885262966156,-0.04074295982718468,0.639679491519928,0.357982873916626,-0.05166405066847801,0.6759570240974426,0.5242128372192383,-0.012342856265604496,0.6640123128890991,0.43477863073349,-0.024555834010243416,0.6601628065109253,0.37605881690979004,-0.03700675815343857,0.6567726731300354,0.324718713760376,-0.04659304767847061,0.7066503763198853,0.5274714827537537,-0.015007436275482178,0.6946249008178711,0.4431905150413513,-0.027621397748589516,0.6882914304733276,0.3878815174102783,-0.03965520113706589,0.6813196539878845,0.34078484773635864,-0.04840186983346939,0.7401711940765381,0.5434526801109314,-0.020574484020471573,0.7289158701896667,0.47619131207466125,-0.034112367779016495,0.7198675870895386,0.431230753660202,-0.042321208864450455,0.711927592754364,0.3921506702899933,-0.047709327191114426
B,0.7317619323730469,0.7328053712844849,2.533709277940943e-07,0.6822755932807922,0.6975206136703491,-0.026937179267406464,0.656154215335846,0.6229378581047058,-0.037196576595306396,0.6784791946411133,0.5597822666168213,-0.044620100408792496,0.7128238081932068,0.5409616231918335,-0.04991564154624939,0.6465637683868408,0.5378429889678955,-0.015668215230107307,0.6384230852127075,0.45232370495796204,-0.029573561623692513,0.6377894282341003,0.4007468819618225,-0.042659055441617966,0.6386220455169678,0.35570192337036133,-0.0537860281765461,0.6766774654388428,0.5241914391517639,-0.0139118991792202,0.6644353270530701,0.4349399209022522,-0.02593967504799366,0.6602673530578613,0.37617069482803345,-0.03796587884426117,0.6566970348358154,0.3241047263145447,-0.04727451875805855,0.7072708606719971,0.5272709727287292,-0.016026165336370468,0.6952167749404907,0.4437083303928375,-0.02815387211740017,0.6888603568077087,0.38879460096359253,-0.040006428956985474,0.6819703578948975,0.34151914715766907,-0.04861633852124214,0.740852952003479,0.5435078740119934,-0.021245896816253662,0.7294919490814209,0.476465106010437,-0.03431029990315437,0.7206984758377075,0.4311410188674927,-0.04249221086502075,0.7129704356193542,0.3920443654060364,-0.04788941144943237
B,0.7288793325424194,0.7348675727844238,2.1063465283077676e-07,0.6814248561859131,0.6971612572669983,-0.026437919586896896,0.6567176580429077,0.6217130422592163,-0.0353679396212101,0.6792479753494263,0.5600575804710388,-0.04173683747649193,0.7136347889900208,0.5416602492332458,-0.04595044255256653,0.6468824148178101,0.5369923710823059,-0.012173917144536972,0.6388846635818481,0.4543050229549408,-0.025079213082790375,0.6388920545578003,0.4040262699127197,-0.03807771950960159,0.6399021744728088,0.3600602149963379,-0.04943114146590233,0.6769179105758667,0.5226179957389832,-0.010665543377399445,0.665209949016571,0.43507134914398193,-0.021939489990472794,0.6611559391021729,0.3761485517024994,-0.034410279244184494,0.6570947766304016,0.3244393765926361,-0.04443982243537903,0.7070931792259216,0.5253384709358215,-0.013306803070008755,0.695346474647522,0.44307196140289307,-0.02535567432641983,0.6888355016708374,0.38752275705337524,-0.03816574066877365,0.6816097497940063,0.34005457162857056,-0.04774731025099754,0.7400100827217102,0.5412628650665283,-0.01908445544540882,0.729195773601532,0.47475260496139526,-0.032148946076631546,0.720422089099884,0.4299062490463257,-0.040841974318027496,0.7125999331474304,0.39119189977645874,-0.047059714794158936
B,0.7312887907028198,0.7314136624336243,2.4323949787685706e-07,0.6825878024101257,0.6951079368591309,-0.02940080128610134,0.6563511490821838,0.6245840191841125,-0.04125696420669556,0.6766207218170166,0.5643210411071777,-0.04969850182533264,0.7101624608039856,0.5464457869529724,-0.055543169379234314,0.6466497182846069,0.534772515296936,-0.016844652593135834,0.638846218585968,0.45091038942337036,-0.03109004534780979,0.6384701728820801,0.4004707932472229,-0.04432770982384682,0.6396279335021973,0.35675281286239624,-0.055428292602300644,0.6765024662017822,0.5215252041816711,-0.013930668123066425,0.6644229292869568,0.43301326036453247,-0.02626175992190838,0.6604503989219666,0.37440013885498047,-0.03816066309809685,0.6573143005371094,0.3224440813064575,-0.047390297055244446,0.70699143409729,0.5248956680297852,-0.015219408087432384,0.6951941251754761,0.4417489469051361,-0.02788076363503933,0.68886399269104,0.38664335012435913,-0.03964277729392052,0.682245671749115,0.33896055817604065,-0.048059362918138504,0.7411353588104248,0.5413071513175964,-0.019816579297184944,0.7298179864883423,0.474168598651886,-0.032778672873973846,0.7212767601013184,0.4299284815788269,-0.040616225451231,0.713849663734436,0.39132529497146606,-0.045808080583810806
B,0.7317409515380859,0.7343869209289551,2.266290550778649e-07,0.6825926303863525,0.6970043182373047,-0.027229994535446167,0.6567122936248779,0.6244597434997559,-0.03710591793060303,0.679217517375946,0.5638017058372498,-0.04423507675528526,0.7126262187957764,0.54320228099823,-0.04921874403953552,0.6468594670295715,0.537755012512207,-0.013156792148947716,0.6385448575019836,0.4543522596359253,-0.026791028678417206,0.6385131478309631,0.4035969376564026,-0.04024967551231384,0.6398872137069702,0.3594481647014618,-0.05175743252038956,0.6768149733543396,0.5235195755958557,-0.011307752691209316,0.6649773716926575,0.4353654980659485,-0.02329082041978836,0.6611309051513672,0.37625637650489807,-0.03603263199329376,0.6577056050300598,0.3247045874595642,-0.04611732438206673,0.7072225213050842,0.5264089107513428,-0.01367194764316082,0.6952857375144958,0.44313323497772217,-0.02627374231815338,0.6892305612564087,0.3872724175453186,-0.03900155797600746,0.6827765703201294,0.33981382846832275,-0.04834550619125366,0.7408014535903931,0.5425506234169006,-0.01919759251177311,0.7295751571655273,0.4755673408508301,-0.032625701278448105,0.7208630442619324,0.4308454692363739,-0.04124917834997177,0.7135293483734131,0.3920402526855469,-0.04723102226853371
B,0.7306463122367859,0.7370845079421997,2.2564978507944033e-07,0.6805198192596436,0.699548602104187,-0.027586525306105614,0.6558087468147278,0.622254490852356,-0.03746822103857994,0.6781497597694397,0.5616733431816101,-0.044432610273361206,0.7115178108215332,0.5463393926620483,-0.0490824393928051,0.6481308937072754,0.537919282913208,-0.014472083188593388,0.6389729380607605,0.4542574882507324,-0.02787785418331623,0.6380791664123535,0.4035939574241638,-0.04049865901470184,0.6392611265182495,0.35913991928100586,-0.051372405141592026,0.6777681112289429,0.5243961215019226,-0.012545428238809109,0.6648433804512024,0.43565893173217773,-0.0245518758893013,0.6608366966247559,0.37659361958503723,-0.036337222903966904,0.6581242680549622,0.32432496547698975,-0.04548996686935425,0.7076471447944641,0.5281071662902832,-0.014834035187959671,0.6952756643295288,0.4439956247806549,-0.02777210809290409,0.6885029673576355,0.38787323236465454,-0.04012575000524521,0.6815924048423767,0.339433878660202,-0.048902034759521484,0.7412592172622681,0.5442516803741455,-0.02031373791396618,0.7295045852661133,0.4768053889274597,-0.03374627232551575,0.7204570174217224,0.4312778115272522,-0.042412880808115005,0.712835431098938,0.39118102192878723,-0.048297904431819916
B,0.7304897308349609,0.7352386713027954,2.3656473047140025e-07,0.68174147605896,0.6995357275009155,-0.025678075850009918,0.6577900648117065,0.6225309371948242,-0.033917300403118134,0.6813212633132935,0.5587318539619446,-0.03955448418855667,0.7141934037208557,0.5363808274269104,-0.04321958124637604,0.6477104425430298,0.541573166847229,-0.012263922020792961,0.6397414803504944,0.4564756751060486,-0.024978620931506157,0.6395853161811829,0.4051136076450348,-0.037542399019002914,0.6403771042823792,0.3603605031967163,-0.04839320480823517,0.6777215600013733,0.5270299315452576,-0.01085091196000576,0.666313886642456,0.43753015995025635,-0.02207622304558754,0.6622602939605713,0.3783831000328064,-0.03457833081483841,0.6576048135757446,0.32737672328948975,-0.04431135952472687,0.7076899409294128,0.5297785997390747,-0.013395707122981548,0.6952872276306152,0.44669395685195923,-0.025246484205126762,0.6890952587127686,0.3905801773071289,-0.03804152458906174,0.681621789932251,0.3440445363521576,-0.04741569608449936,0.7400751709938049,0.545183002948761,-0.018944496288895607,0.7290463447570801,0.47839438915252686,-0.031978506594896317,0.7198188304901123,0.4330747723579407,-0.04069927707314491,0.7111844420433044,0.3945534825325012,-0.04673803597688675
B,0.7302536964416504,0.7311447262763977,2.0621736496195808e-07,0.6830034852027893,0.6949026584625244,-0.02548883855342865,0.6574054956436157,0.6223751306533813,-0.035060327500104904,0.6796283721923828,0.5611337423324585,-0.042018547654151917,0.7140414118766785,0.540839433670044,-0.04700241982936859,0.6479423642158508,0.5365633368492126,-0.014282886870205402,0.6398069262504578,0.4537707567214966,-0.02771550975739956,0.6390888690948486,0.4032787084579468,-0.04077095910906792,0.6398226022720337,0.3592410087585449,-0.05207504704594612,0.677920937538147,0.5223987698554993,-0.013171043246984482,0.6659521460533142,0.435126394033432,-0.02475372515618801,0.6618320941925049,0.3768744170665741,-0.03677351027727127,0.6579684615135193,0.32581526041030884,-0.04652489721775055,0.7078912258148193,0.5251240134239197,-0.01592114195227623,0.6963063478469849,0.4429076313972473,-0.028094664216041565,0.6894686818122864,0.3878973424434662,-0.040328167378902435,0.6819216012954712,0.34086400270462036,-0.04953436926007271,0.7404376864433289,0.5409379601478577,-0.021628934890031815,0.7290794849395752,0.47442927956581116,-0.0352340005338192,0.7198746800422668,0.4297710657119751,-0.04396218806505203,0.711665689945221,0.39126521348953247,-0.05001339688897133
B,0.7302959561347961,0.7373263239860535,2.2621536288625066e-07,0.6819641590118408,0.699070930480957,-0.02752090059220791,0.6571260094642639,0.6226955056190491,-0.037700213491916656,0.6788381934165955,0.5614819526672363,-0.04493666812777519,0.7121208906173706,0.5410834550857544,-0.0498356819152832,0.6476225256919861,0.539800226688385,-0.015476422384381294,0.6391003131866455,0.4546862840652466,-0.02955869771540165,0.6385084390640259,0.40343549847602844,-0.04250383749604225,0.6396511793136597,0.3586865961551666,-0.05348466709256172,0.6772696375846863,0.5259122252464294,-0.013621874153614044,0.6647303104400635,0.4360823631286621,-0.026131397113204002,0.6605656147003174,0.37662309408187866,-0.03821743279695511,0.6571702361106873,0.32420599460601807,-0.047658395022153854,0.7072937488555908,0.5289703011512756,-0.015909381210803986,0.695270836353302,0.4439137876033783,-0.029165692627429962,0.688382625579834,0.38746368885040283,-0.041545700281858444,0.6809126138687134,0.33867233991622925,-0.05048026144504547,0.740789532661438,0.5443311333656311,-0.021311162039637566,0.7291877269744873,0.47702357172966003,-0.03514295443892479,0.719947099685669,0.43167299032211304,-0.043780721724033356,0.7116265296936035,0.39207082986831665,-0.04964524134993553
B,0.7310845255851746,0.7331476211547852,2.2613134831317439e-07,0.6820265054702759,0.6960548162460327,-0.026194574311375618,0.657122015953064,0.620711088180542,-0.03658324107527733,0.6788475513458252,0.5603258609771729,-0.04414068162441254,0.7129032611846924,0.5389581322669983,-0.04961497336626053,0.6481658816337585,0.5414065718650818,-0.01826726831495762,0.6394079923629761,0.45689135789871216,-0.03313605114817619,0.6387649178504944,0.40526634454727173,-0.04611140862107277,0.6396618485450745,0.3602137267589569,-0.05686023086309433,0.6774808168411255,0.527311384677887,-0.017085926607251167,0.664993405342102,0.4368041753768921,-0.02997753396630287,0.6604570150375366,0.3767215609550476,-0.04166192561388016,0.6564379334449768,0.32407742738723755,-0.050731297582387924,0.7073480486869812,0.5293142795562744,-0.019560497254133224,0.6955332159996033,0.44361400604248047,-0.03260326012969017,0.6884603500366211,0.3872438073158264,-0.04405343160033226,0.6805360317230225,0.33886659145355225,-0.05229422450065613,0.7402222156524658,0.5439357757568359,-0.024973144754767418,0.7288063168525696,0.4762713313102722,-0.03857729583978653,0.7196166515350342,0.4303082227706909,-0.04648793116211891,0.7111515998840332,0.3908645212650299,-0.05167941376566887
B,0.7310845255851746,0.7331476211547852,2.2613134831317439e-07,0.6820265054702759,0.6960548162460327,-0.026194574311375618,0.657122015953064,0.620711088180542,-0.03658324107527733,0.6788475513458252,0.5603258609771729,-0.04414068162441254,0.7129032611846924,0.5389581322669983,-0.04961497336626053,0.6481658816337585,0.5414065718650818,-0.01826726831495762,0.6394079923629761,0.45689135789871216,-0.03313605114817619,0.6387649178504944,0.40526634454727173,-0.04611140862107277,0.6396618485450745,0.3602137267589569,-0.05686023086309433,0.6774808168411255,0.527311384677887,-0.017085926607251167,0.664993405342102,0.4368041753768921,-0.02997753396630287,0.6604570150375366,0.3767215609550476,-0.04166192561388016,0.6564379334449768,0.32407742738723755,-0.050731297582387924,0.7073480486869812,0.5293142795562744,-0.019560497254133224,0.6955332159996033,0.44361400604248047,-0.03260326012969017,0.6884603500366211,0.3872438073158264,-0.04405343160033226,0.6805360317230225,0.33886659145355225,-0.05229422450065613,0.7402222156524658,0.5439357757568359,-0.024973144754767418,0.7288063168525696,0.4762713313102722,-0.03857729583978653,0.7196166515350342,0.4303082227706909,-0.04648793116211891,0.7111515998840332,0.3908645212650299,-0.05167941376566887
B,0.7308701872825623,0.7379204034805298,2.285266873514047e-07,0.6830765008926392,0.6987203359603882,-0.027300553396344185,0.6582622528076172,0.6210058331489563,-0.035878363996744156,0.6804592609405518,0.5566409826278687,-0.04162638634443283,0.7161107063293457,0.5374871492385864,-0.04490400850772858,0.6469142436981201,0.5370576977729797,-0.00961849931627512,0.6387340426445007,0.45280757546424866,-0.021146539598703384,0.6383298635482788,0.40261220932006836,-0.03345879167318344,0.6393862366676331,0.35902509093284607,-0.04435553774237633,0.6763898134231567,0.5229552984237671,-0.00704391673207283,0.6646337509155273,0.43482908606529236,-0.017008481547236443,0.660336434841156,0.3756495714187622,-0.029127368703484535,0.656364917755127,0.32426130771636963,-0.03890824690461159,0.7064394354820251,0.5259408950805664,-0.00887969322502613,0.6945326328277588,0.4427665174007416,-0.019924495369195938,0.6880308389663696,0.38677728176116943,-0.03267475217580795,0.6810283660888672,0.3394381105899811,-0.04221440851688385,0.739660382270813,0.541601300239563,-0.013952228240668774,0.728351354598999,0.4744528532028198,-0.026180388405919075,0.7191535234451294,0.4291232228279114,-0.034727249294519424,0.711162269115448,0.39022958278656006,-0.04082327336072922
B,0.7326967120170593,0.7390110492706299,2.1199502953095362e-07,0.6829214096069336,0.7032910585403442,-0.029154587537050247,0.6573184132575989,0.6273156404495239,-0.03916452080011368,0.6787723898887634,0.5630680322647095,-0.04592905193567276,0.713790237903595,0.5438312888145447,-0.05022234842181206,0.6478210091590881,0.541187584400177,-0.014209367334842682,0.639264702796936,0.4564291536808014,-0.027182118967175484,0.6386626958847046,0.4048810303211212,-0.0397234670817852,0.6397965550422668,0.3599036633968353,-0.05076934024691582,0.6767370104789734,0.525322675704956,-0.011129352264106274,0.6642177700996399,0.43685105443000793,-0.022736681625247,0.6598290205001831,0.37774205207824707,-0.03475316986441612,0.6562564969062805,0.3256015181541443,-0.044258762151002884,0.7063215970993042,0.5273054242134094,-0.01239982433617115,0.6943134665489197,0.44355735182762146,-0.025057196617126465,0.6875095367431641,0.3880089521408081,-0.03782358765602112,0.6803256273269653,0.339572548866272,-0.04710140824317932,0.7396318316459656,0.5428312420845032,-0.016958655789494514,0.7284573316574097,0.4748300611972809,-0.030322641134262085,0.7198958992958069,0.43023061752319336,-0.03923869878053665,0.7123206257820129,0.39073890447616577,-0.0454426072537899
C,0.7375048398971558,0.6742201447486877,-2.3434643026121194e-07,0.6832450032234192,0.6706814765930176,-0.007427985314279795,0.6357221603393555,0.6379712820053101,-0.017483973875641823,0.5933266878128052,0.6243492364883423,-0.03202873468399048,0.5593263506889343,0.6057111024856567,-0.04557190462946892,0.6575455665588379,0.5227286219596863,0.00489884614944458,0.6357855200767517,0.4528300166130066,-0.01782963052392006,0.6036563515663147,0.4495379626750946,-0.036646582186222076,0.5788017511367798,0.4649331569671631,-0.04663164168596268,0.6708920001983643,0.5136517286300659,-0.0045242756605148315,0.6412109136581421,0.4338086247444153,-0.026360418647527695,0.6008293628692627,0.4365854263305664,-0.04237404838204384,0.5755906701087952,0.4616994857788086,-0.04911692813038826,0.6861109137535095,0.5139460563659668,-0.01789497584104538,0.655219316482544,0.43611279129981995,-0.03462500497698784,0.6126505732536316,0.44006943702697754,-0.045479871332645416,0.5856597423553467,0.46241146326065063,-0.04888809844851494,0.7023178935050964,0.5244156718254089,-0.03280371427536011,0.6683924794197083,0.4670736491680145,-0.043813806027173996,0.632479727268219,0.458630234003067,-0.0496593676507473,0.6063008308410645,0.4669743776321411,-0.051348913460969925
C,0.736854076385498,0.6690579652786255,-2.1140475325864827e-07,0.6815270781517029,0.6696186661720276,-0.0070348093286156654,0.6328890323638916,0.6381266117095947,-0.016244668513536453,0.5908854007720947,0.6232680082321167,-0.02981160394847393,0.5574670433998108,0.6041960716247559,-0.04249531403183937,0.6560646295547485,0.5222384929656982,0.004727738443762064,0.6327923536300659,0.455763041973114,-0.01645040512084961,0.6028470993041992,0.4492146372795105,-0.034242212772369385,0.5795159935951233,0.4623492956161499,-0.04397185146808624,0.669087290763855,0.5116783976554871,-0.004344319459050894,0.6388446092605591,0.4362831115722656,-0.024834420531988144,0.6001079082489014,0.4380021095275879,-0.04034247621893883,0.5750583410263062,0.460871160030365,-0.04729961231350899,0.6842125058174133,0.5109715461730957,-0.017115550115704536,0.6536391973495483,0.43828263878822327,-0.032714616507291794,0.6120163202285767,0.44132861495018005,-0.04397759959101677,0.5842280387878418,0.4621882438659668,-0.048242393881082535,0.6999784111976624,0.5214574933052063,-0.03140765801072121,0.6684693098068237,0.4666757583618164,-0.04218173399567604,0.6344879865646362,0.45488935708999634,-0.04904529079794884,0.6080849766731262,0.45901989936828613,-0.051797013729810715
C,0.7367734313011169,0.6731839179992676,-2.2789078002460883e-07,0.6837092638015747,0.6695230007171631,-0.007095403037965298,0.6353620290756226,0.6363092660903931,-0.016514217481017113,0.5928199887275696,0.6224007606506348,-0.030241817235946655,0.5592012405395508,0.6050935983657837,-0.04291732236742973,0.6554749608039856,0.5224136114120483,0.0054318867623806,0.633246660232544,0.454784095287323,-0.01639064960181713,0.6024270057678223,0.4493001401424408,-0.03454399108886719,0.5787205696105957,0.4630196988582611,-0.044109541922807693,0.6685622930526733,0.5117696523666382,-0.003793317824602127,0.6407772898674011,0.4325292110443115,-0.02439085580408573,0.602372407913208,0.43240872025489807,-0.03958219662308693,0.5774697065353394,0.45587044954299927,-0.04594754800200462,0.6837849020957947,0.5111064910888672,-0.016906844452023506,0.6541274785995483,0.4356139302253723,-0.03224856033921242,0.6135866641998291,0.4369440972805023,-0.04271458834409714,0.5871014595031738,0.4578673839569092,-0.04625966027379036,0.6999550461769104,0.5213095545768738,-0.0316225029528141,0.6682405471801758,0.46516984701156616,-0.04132165387272835,0.634602427482605,0.4538785517215729,-0.04695762321352959,0.6093811988830566,0.45939284563064575,-0.048856623470783234
C,0.7367505431175232,0.6708300113677979,-2.2699563828609826e-07,0.6832083463668823,0.6673887968063354,-0.007745479233562946,0.634616494178772,0.6353267431259155,-0.018105551600456238,0.5923701524734497,0.6216326355934143,-0.03257016837596893,0.559441864490509,0.602781355381012,-0.04592174291610718,0.655391275882721,0.5213194489479065,0.0025107422843575478,0.6335681676864624,0.4536958634853363,-0.02050291933119297,0.602705717086792,0.4486272931098938,-0.03902484104037285,0.5791529417037964,0.4622277617454529,-0.04860112816095352,0.6682442426681519,0.5110165476799011,-0.006590558681637049,0.6402621865272522,0.43197908997535706,-0.028088198974728584,0.6014880537986755,0.43183642625808716,-0.043154045939445496,0.5768802165985107,0.45381247997283936,-0.04928051680326462,0.683370053768158,0.5109110474586487,-0.019521165639162064,0.6545653939247131,0.4356226921081543,-0.03543076664209366,0.6140624284744263,0.43621769547462463,-0.04560447856783867,0.5878446102142334,0.4555550217628479,-0.04878760501742363,0.6997880339622498,0.5220717191696167,-0.0340539813041687,0.6690553426742554,0.4649480879306793,-0.04395250231027603,0.6354005932807922,0.4521254897117615,-0.049349844455718994,0.6099872589111328,0.45565497875213623,-0.050930898636579514
C,0.7353544235229492,0.6718372702598572,-2.522025965845387e-07,0.6825356483459473,0.6665221452713013,-0.006937482859939337,0.6347047686576843,0.6333587169647217,-0.016610905528068542,0.5923710465431213,0.6203187704086304,-0.030806122347712517,0.5588458180427551,0.6034424901008606,-0.04406289756298065,0.655692994594574,0.5181519389152527,0.005133170168846846,0.6311373710632324,0.45028817653656006,-0.017510605975985527,0.5997832417488098,0.4469045400619507,-0.03639286011457443,0.5761419534683228,0.4631076455116272,-0.04646921902894974,0.6684392690658569,0.5080326795578003,-0.0045406753197312355,0.6372134685516357,0.42948994040489197,-0.025726672261953354,0.5989396572113037,0.4318469762802124,-0.04192829504609108,0.5749329924583435,0.45727232098579407,-0.04916154593229294,0.6832104921340942,0.5082342624664307,-0.018063250929117203,0.6516575217247009,0.4312558174133301,-0.03429747000336647,0.6107356548309326,0.4341818690299988,-0.0454770065844059,0.5846747756004333,0.4570188820362091,-0.04943346977233887,0.6986545920372009,0.5195090770721436,-0.033098116517066956,0.665819525718689,0.4625299870967865,-0.044064711779356,0.631299614906311,0.4500819742679596,-0.050485383719205856,0.6055862903594971,0.454513281583786,-0.0527610145509243
C,0.7352237105369568,0.6735101938247681,-2.393510669662646e-07,0.6822642087936401,0.6687092781066895,-0.008162464015185833,0.6340574026107788,0.6354647874832153,-0.018707240000367165,0.5918720960617065,0.6203576326370239,-0.033549100160598755,0.5584332942962646,0.6017704606056213,-0.0471433587372303,0.6552277207374573,0.5213637351989746,0.0033283685334026814,0.6332418322563171,0.4507257342338562,-0.020535094663500786,0.6019400358200073,0.44714903831481934,-0.03961111232638359,0.5783314108848572,0.4630070924758911,-0.04946310818195343,0.6684664487838745,0.5116780400276184,-0.0057825068943202496,0.6401241421699524,0.4301966428756714,-0.028600918129086494,0.6012293100357056,0.4311148524284363,-0.044463787227869034,0.5769028067588806,0.4548226594924927,-0.05074843764305115,0.6840700507164001,0.5114834308624268,-0.018898962065577507,0.6539056301116943,0.4346458911895752,-0.0359792485833168,0.6128128170967102,0.43699824810028076,-0.046450115740299225,0.5866401195526123,0.4580633044242859,-0.04938427731394768,0.7011599540710449,0.5222781300544739,-0.033673323690891266,0.6696907877922058,0.46489667892456055,-0.044596705585718155,0.6357032060623169,0.4523979425430298,-0.0504542738199234,0.6104944944381714,0.45584672689437866,-0.052081938832998276
C,0.734458863735199,0.672063410282135,-2.2674539934541826e-07,0.6801232695579529,0.6681991815567017,-0.007255834992974997,0.6322903633117676,0.6363475918769836,-0.017243241891264915,0.5909399390220642,0.6214205026626587,-0.031553950160741806,0.5575730204582214,0.6030535101890564,-0.045000459998846054,0.6522218585014343,0.5224292874336243,0.004410448018461466,0.6275420188903809,0.45522424578666687,-0.018061423674225807,0.5980671048164368,0.44944682717323303,-0.03717043995857239,0.5757237672805786,0.46246081590652466,-0.04753825441002846,0.666221559047699,0.5121057629585266,-0.004791789222508669,0.6362157464027405,0.43460458517074585,-0.026695124804973602,0.5987870693206787,0.43372875452041626,-0.04372462257742882,0.5744688510894775,0.45517513155937195,-0.051467008888721466,0.6824954152107239,0.5113083720207214,-0.01771317422389984,0.653132438659668,0.4364197254180908,-0.03374990075826645,0.6140378713607788,0.4361439049243927,-0.045209936797618866,0.5881403684616089,0.45609045028686523,-0.04937047138810158,0.700014054775238,0.5214012265205383,-0.03219529241323471,0.6701309084892273,0.46601602435112,-0.042415693402290344,0.6387393474578857,0.44934263825416565,-0.04887593165040016,0.6141358613967896,0.4489140808582306,-0.051309701055288315
C,0.7347066402435303,0.6701271533966064,-2.210008887004733e-07,0.6811832785606384,0.6672834157943726,-0.009074578061699867,0.6329318881034851,0.6358309984207153,-0.019919458776712418,0.5912594199180603,0.6217166185379028,-0.03458482772111893,0.5577697157859802,0.6038410663604736,-0.04826105013489723,0.6529360413551331,0.5224290490150452,0.001296101720072329,0.6289408802986145,0.45552879571914673,-0.02224421501159668,0.5987969636917114,0.44912055134773254,-0.04187256470322609,0.5755556225776672,0.461728572845459,-0.052538786083459854,0.6665871143341064,0.5120708346366882,-0.007110300473868847,0.6360936164855957,0.43518316745758057,-0.030340095981955528,0.5980165004730225,0.4351142346858978,-0.047813836485147476,0.5732499361038208,0.4570164084434509,-0.055704835802316666,0.6824868321418762,0.5113562345504761,-0.0192760918289423,0.6528971791267395,0.4370657801628113,-0.03652079403400421,0.6130595803260803,0.4369312822818756,-0.04848339781165123,0.5863776803016663,0.456799179315567,-0.05281987413764,0.6995936632156372,0.521571695804596,-0.0330839529633522,0.6699488162994385,0.4661722183227539,-0.04461105540394783,0.6380698084831238,0.4488047659397125,-0.0519532673060894,0.6128349304199219,0.44730132818222046,-0.05482957139611244
C,0.7330437898635864,0.6695322394371033,-2.1438282260533015e-07,0.6789050102233887,0.6666030287742615,-0.008494589477777481,0.6312487125396729,0.6347912549972534,-0.019090671092271805,0.5897669196128845,0.6206213235855103,-0.03366191312670708,0.5567361116409302,0.6018544435501099,-0.047153495252132416,0.6524442434310913,0.5214254260063171,0.002398204058408737,0.6316301226615906,0.4529015123844147,-0.02082875557243824,0.6010768413543701,0.44676536321640015,-0.040250856429338455,0.5763134956359863,0.4599510729312897,-0.05076933652162552,0.6660978198051453,0.510998010635376,-0.006276827771216631,0.6390171051025391,0.43208611011505127,-0.028795894235372543,0.6005713939666748,0.4316551089286804,-0.045695044100284576,0.57517409324646,0.453193724155426,-0.053240589797496796,0.6819531321525574,0.5103027820587158,-0.018747005611658096,0.6536819338798523,0.4349021017551422,-0.035429686307907104,0.6137040257453918,0.43670225143432617,-0.047072190791368484,0.5868945121765137,0.4571974575519562,-0.051339004188776016,0.6991657018661499,0.5207516551017761,-0.032830242067575455,0.669151246547699,0.4652910828590393,-0.04394591599702835,0.6361343860626221,0.4518166184425354,-0.050753362476825714,0.6104657649993896,0.4538768529891968,-0.05337204039096832
C,0.7350894808769226,0.66607666015625,-2.1256133209135442e-07,0.6794753074645996,0.6665915846824646,-0.006578399799764156,0.6314756274223328,0.634884238243103,-0.016571655869483948,0.5891675353050232,0.6213221549987793,-0.031082533299922943,0.5556368827819824,0.6017192006111145,-0.044895466417074203,0.6533461213111877,0.5190917253494263,0.0032009719870984554,0.629287600517273,0.44979503750801086,-0.019218966364860535,0.5987793207168579,0.44362780451774597,-0.03823339194059372,0.5744744539260864,0.4582698345184326,-0.048800189048051834,0.6676769852638245,0.5095192193984985,-0.006887007504701614,0.6354262232780457,0.43413877487182617,-0.028846845030784607,0.5965172052383423,0.43530774116516113,-0.04635785147547722,0.5714318156242371,0.4583207368850708,-0.05502377450466156,0.6840016841888428,0.5098405480384827,-0.020523132756352425,0.6527495384216309,0.4350161552429199,-0.03724566102027893,0.6107791066169739,0.4376068115234375,-0.049848634749650955,0.5824609994888306,0.45934799313545227,-0.0552428774535656,0.7004584074020386,0.521255373954773,-0.03553519770503044,0.6683593988418579,0.46641096472740173,-0.047828562557697296,0.6330380439758301,0.45243921875953674,-0.056007206439971924,0.6050844788551331,0.4553430378437042,-0.0597045011818409
C,0.7363278865814209,0.6715773940086365,-2.402496477316163e-07,0.6828950643539429,0.6694463491439819,-0.007995924912393093,0.6345189213752747,0.6381891965866089,-0.018297899514436722,0.5923589468002319,0.6239174604415894,-0.03290046751499176,0.5587216019630432,0.6053762435913086,-0.046525221318006516,0.6544920802116394,0.5218797922134399,0.003371021244674921,0.6291229128837585,0.454500287771225,-0.01965671218931675,0.5981199741363525,0.44954949617385864,-0.038976605981588364,0.5746091604232788,0.46419432759284973,-0.04946229234337807,0.6675823926925659,0.5114901065826416,-0.006030159071087837,0.6356329321861267,0.4335234761238098,-0.027560295537114143,0.5971572399139404,0.4335300624370575,-0.04426481947302818,0.5727300047874451,0.4565480649471283,-0.05212252959609032,0.6827916502952576,0.5110375881195068,-0.01931731030344963,0.6508992910385132,0.4346722662448883,-0.035587966442108154,0.6101659536361694,0.4367300570011139,-0.04712720587849617,0.5841755867004395,0.4588751196861267,-0.051631469279527664,0.6986368298530579,0.5216115117073059,-0.034245532006025314,0.6651999950408936,0.4648948907852173,-0.04540379345417023,0.6307292580604553,0.45258334279060364,-0.0522061325609684,0.6050468683242798,0.4571494460105896,-0.05494554713368416
C,0.7337727546691895,0.6708666086196899,-2.1452099474572606e-07,0.6813451647758484,0.6682590246200562,-0.009563766419887543,0.633973240852356,0.637891411781311,-0.02080276794731617,0.5925328135490417,0.6238567233085632,-0.035707101225852966,0.5591586828231812,0.605135440826416,-0.04953086003661156,0.6536324620246887,0.5240023732185364,0.0007855439907871187,0.6296751499176025,0.45792800188064575,-0.02270566113293171,0.5997759699821472,0.451127290725708,-0.042196836322546005,0.5759698152542114,0.4637986123561859,-0.05257460102438927,0.6664307713508606,0.5130915641784668,-0.007244396023452282,0.6376286149024963,0.4367797374725342,-0.029575562104582787,0.6004079580307007,0.43482667207717896,-0.046073317527770996,0.5750757455825806,0.45542559027671814,-0.05333981290459633,0.6814904808998108,0.5123365521430969,-0.019106514751911163,0.6525825262069702,0.4389435350894928,-0.0354645773768425,0.613629937171936,0.43738260865211487,-0.046424005180597305,0.5863996744155884,0.455585241317749,-0.050259318202733994,0.6979385018348694,0.5227890014648438,-0.03272261843085289,0.6687695980072021,0.46759262681007385,-0.04364366829395294,0.6374489665031433,0.4512707591056824,-0.050200458616018295,0.6121062636375427,0.45059072971343994,-0.05253537371754646
C,0.7340415120124817,0.6718997955322266,-2.2855806491861586e-07,0.681017279624939,0.6678019762039185,-0.009006528183817863,0.6339300274848938,0.6369391679763794,-0.01974501460790634,0.592495858669281,0.6227182149887085,-0.034637413918972015,0.5591704249382019,0.6036819219589233,-0.048516180366277695,0.6534271240234375,0.522788405418396,0.003029024228453636,0.6298047304153442,0.45579275488853455,-0.020537352189421654,0.5995766520500183,0.4502798914909363,-0.0402633398771286,0.5756531953811646,0.46420058608055115,-0.05084409937262535,0.6659672260284424,0.512212872505188,-0.005621987394988537,0.6370064616203308,0.43409526348114014,-0.028193846344947815,0.5989675521850586,0.43395891785621643,-0.045322831720113754,0.5736607909202576,0.4567924737930298,-0.052953872829675674,0.680901825428009,0.5113897919654846,-0.01823255978524685,0.6518324017524719,0.4356570839881897,-0.03520382195711136,0.6119807362556458,0.4375372529029846,-0.04694461449980736,0.5852833986282349,0.4590298533439636,-0.05109350383281708,0.6973074674606323,0.5215603113174438,-0.03255624696612358,0.6672394871711731,0.46584516763687134,-0.04383179545402527,0.634886622428894,0.4528697431087494,-0.05065182223916054,0.6096101403236389,0.45602938532829285,-0.05315187945961952
C,0.7350543141365051,0.6748061776161194,-2.5811561954469653e-07,0.6817615628242493,0.6685077548027039,-0.008101663552224636,0.6341981887817383,0.6363533735275269,-0.018536744639277458,0.5925250053405762,0.6224495768547058,-0.03334120661020279,0.5591466426849365,0.6040236949920654,-0.04716681316494942,0.653376579284668,0.5228042602539062,0.004085137974470854,0.6301020383834839,0.45402780175209045,-0.019223103299736977,0.599149227142334,0.44999703764915466,-0.0384659543633461,0.576621949672699,0.4650067389011383,-0.04870007932186127,0.6660543084144592,0.5127684473991394,-0.005182607565075159,0.63735032081604,0.43198469281196594,-0.027723969891667366,0.598745584487915,0.4339256286621094,-0.04445464164018631,0.5748684406280518,0.4593072235584259,-0.05173937603831291,0.6810094118118286,0.5121876001358032,-0.018455184996128082,0.6517668962478638,0.435061514377594,-0.03537306189537048,0.6114475727081299,0.43687015771865845,-0.04718943312764168,0.5861049294471741,0.4590783715248108,-0.051496393978595734,0.6975694894790649,0.5221104621887207,-0.033383648842573166,0.6671290993690491,0.4640676975250244,-0.04398229718208313,0.6334927082061768,0.4504759609699249,-0.05064057186245918,0.6083612442016602,0.45396938920021057,-0.05341138690710068
C,0.7347627878189087,0.668152391910553,-2.274701955684577e-07,0.6812254786491394,0.6660290956497192,-0.006259470712393522,0.6339951753616333,0.6349837779998779,-0.015620061196386814,0.5922842621803284,0.6221135258674622,-0.029481304809451103,0.5591315031051636,0.6033316254615784,-0.04253573343157768,0.653220534324646,0.5202122330665588,0.0055918307043612,0.6319668889045715,0.454082727432251,-0.015895651653409004,0.6017419695854187,0.4492163360118866,-0.03404773399233818,0.5780104398727417,0.46334806084632874,-0.043833278119564056,0.6658175587654114,0.5094178318977356,-0.0042082020081579685,0.6377769112586975,0.43212127685546875,-0.024529369547963142,0.5995479226112366,0.4320067763328552,-0.04032159224152565,0.5742531418800354,0.45406684279441833,-0.047480348497629166,0.6809782385826111,0.5086591839790344,-0.01772940531373024,0.6519835591316223,0.43303632736206055,-0.03342001512646675,0.6116929650306702,0.4340251088142395,-0.044659603387117386,0.5848855972290039,0.45413705706596375,-0.048875559121370316,0.6970375180244446,0.5186902284622192,-0.03266347572207451,0.6644659042358398,0.46271440386772156,-0.04292692244052887,0.6306711435317993,0.45155370235443115,-0.04904433712363243,0.6053787469863892,0.4568174183368683,-0.05136227607727051
C,0.7363532781600952,0.6687926650047302,-2.0678233170201565e-07,0.6807533502578735,0.6670960187911987,-0.006190779618918896,0.6328491568565369,0.6357094049453735,-0.016022827476263046,0.5909706354141235,0.6223809123039246,-0.030378755182027817,0.5580357313156128,0.6019932627677917,-0.043863967061042786,0.6537501811981201,0.5210494995117188,0.0053451512940227985,0.6327481865882874,0.45363837480545044,-0.017144475132226944,0.603303849697113,0.44659703969955444,-0.03616603836417198,0.5787197351455688,0.45905354619026184,-0.04632105678319931,0.6668551564216614,0.510920524597168,-0.004668054170906544,0.6393935680389404,0.4334318935871124,-0.02692413702607155,0.6016173362731934,0.4314791262149811,-0.0441967137157917,0.5749368071556091,0.4526351988315582,-0.05183997377753258,0.6823451519012451,0.5104424357414246,-0.018348196521401405,0.653035581111908,0.4362247586250305,-0.03489452973008156,0.613835334777832,0.4354444742202759,-0.04663703590631485,0.5860102772712708,0.45365411043167114,-0.050750844180583954,0.6990171670913696,0.5208231806755066,-0.033456962555646896,0.6685447692871094,0.46500319242477417,-0.04393790289759636,0.6372691988945007,0.4482812285423279,-0.05048591271042824,0.612051248550415,0.4469113051891327,-0.052883245050907135
C,0.7370074987411499,0.6703648567199707,-2.3369956636543066e-07,0.6802387237548828,0.6663225889205933,-0.0038903262466192245,0.6331040263175964,0.6339076161384583,-0.011981681920588017,0.5909902453422546,0.620789110660553,-0.025362446904182434,0.5580377578735352,0.60133296251297,-0.03784952685236931,0.6532695889472961,0.5202507972717285,0.010903810150921345,0.629576563835144,0.45447206497192383,-0.009899940341711044,0.5990632772445679,0.4483064115047455,-0.02825913392007351,0.5747167468070984,0.46139803528785706,-0.03834005072712898,0.6656937599182129,0.5097188353538513,-0.0003234969626646489,0.6353452205657959,0.43393731117248535,-0.020133672282099724,0.5973829030990601,0.43339118361473083,-0.036840733140707016,0.5723493099212646,0.45520147681236267,-0.0449555367231369,0.6806957125663757,0.5085210800170898,-0.015377037227153778,0.6507958769798279,0.433170348405838,-0.030205292627215385,0.6104270219802856,0.4344687759876251,-0.041853517293930054,0.583945631980896,0.45563942193984985,-0.046628113836050034,0.6964225769042969,0.5174744129180908,-0.031863290816545486,0.6652823090553284,0.46108630299568176,-0.04144209250807762,0.6310908794403076,0.44789060950279236,-0.048052068799734116,0.6050328612327576,0.4517795145511627,-0.050962235778570175
C,0.7308069467544556,0.6621485948562622,-2.089939385996331e-07,0.6786632537841797,0.662800133228302,-0.008551678620278835,0.6317528486251831,0.6328791379928589,-0.018531015142798424,0.5901245474815369,0.6186511516571045,-0.032435838133096695,0.5565571784973145,0.5992972254753113,-0.045455846935510635,0.6517314314842224,0.5183605551719666,0.0019240593537688255,0.6299206614494324,0.45148250460624695,-0.020425785332918167,0.599331796169281,0.4452792704105377,-0.038559768348932266,0.5757670998573303,0.4591759145259857,-0.04814448207616806,0.664393961429596,0.5081365704536438,-0.006076453253626823,0.6366460919380188,0.4323517978191376,-0.027273928746581078,0.5978082418441772,0.43314382433891296,-0.04287438839673996,0.5726134777069092,0.4556618332862854,-0.04968805983662605,0.6793453097343445,0.5068469643592834,-0.017814012244343758,0.6508211493492126,0.433079332113266,-0.03415127098560333,0.6089532971382141,0.4343048334121704,-0.04560665413737297,0.5807450413703918,0.45396628975868225,-0.04969951510429382,0.6953731179237366,0.5159227252006531,-0.031053341925144196,0.6638262867927551,0.4605952203273773,-0.042005084455013275,0.6294143199920654,0.449201375246048,-0.04861854016780853,0.6029388904571533,0.45451098680496216,-0.05099137872457504
C,0.7314794063568115,0.6681191325187683,-2.249025641276603e-07,0.6778348088264465,0.663894534111023,-0.006921359803527594,0.6312361359596252,0.6322073936462402,-0.01654454693198204,0.5896098613739014,0.6175406575202942,-0.030782675370573997,0.5560725927352905,0.5973883271217346,-0.044139422476291656,0.6521326303482056,0.5176515579223633,0.006441872101277113,0.6299546360969543,0.45148965716362,-0.015876242890954018,0.5997422337532043,0.445176899433136,-0.035042572766542435,0.5753978490829468,0.4589333236217499,-0.04552581161260605,0.6652052998542786,0.5076378583908081,-0.003151173936203122,0.6362250447273254,0.4316920042037964,-0.024326162412762642,0.5980116724967957,0.4318028390407562,-0.04109853133559227,0.5718477964401245,0.45480361580848694,-0.04886873438954353,0.6805976033210754,0.5069499611854553,-0.01664852909743786,0.6508981585502625,0.4323808550834656,-0.03272286430001259,0.6099260449409485,0.4337466061115265,-0.04416021332144737,0.5818397402763367,0.4539291262626648,-0.04841715842485428,0.696917712688446,0.5169018507003784,-0.0317080020904541,0.6644104719161987,0.4621477425098419,-0.042689207941293716,0.6301361322402954,0.449668824672699,-0.049297675490379333,0.6032776832580566,0.45322710275650024,-0.05176297202706337
C,0.7321292757987976,0.6692982912063599,-2.1316793663572753e-07,0.6784039735794067,0.6670419573783875,-0.008383812382817268,0.6306415796279907,0.636165201663971,-0.018471330404281616,0.589112401008606,0.6211243867874146,-0.03261873126029968,0.556761622428894,0.6003008484840393,-0.045690614730119705,0.6515930891036987,0.5210384726524353,0.004078207071870565,0.6292378902435303,0.45469939708709717,-0.018431419506669044,0.5993624329566956,0.4475122094154358,-0.03714820742607117,0.5757087469100952,0.45975810289382935,-0.047190696001052856,0.6644924283027649,0.5104066133499146,-0.004507396370172501,0.6357308626174927,0.43390727043151855,-0.02602861076593399,0.5981043577194214,0.43313801288604736,-0.04217645153403282,0.5726805925369263,0.45485925674438477,-0.0492386519908905,0.6797472834587097,0.5092706084251404,-0.017032314091920853,0.6495831608772278,0.43561282753944397,-0.03351471200585365,0.6089330911636353,0.43674159049987793,-0.04486647993326187,0.5814342498779297,0.45580562949180603,-0.04878710210323334,0.6963133215904236,0.5191623568534851,-0.031155114993453026,0.6629400253295898,0.46441590785980225,-0.042206618934869766,0.6286545395851135,0.4522671699523926,-0.04883096367120743,0.6022518873214722,0.45549285411834717,-0.051161911338567734
C,0.7295916080474854,0.6675512790679932,-2.111463004439429e-07,0.6768532991409302,0.6673187017440796,-0.009059088304638863,0.628961980342865,0.6372499465942383,-0.01919938251376152,0.5878304839134216,0.6224871277809143,-0.03306526318192482,0.5556892156600952,0.6014148592948914,-0.04579947888851166,0.6499559879302979,0.5229383707046509,0.0018710435833781958,0.6267910599708557,0.4573196768760681,-0.020285220816731453,0.5969534516334534,0.45040592551231384,-0.038653261959552765,0.5739634037017822,0.46288177371025085,-0.04853590205311775,0.6631413698196411,0.512175977230072,-0.006069082301110029,0.6339032649993896,0.43695563077926636,-0.027301955968141556,0.5965867638587952,0.43622887134552,-0.04321853443980217,0.5715944766998291,0.45797210931777954,-0.05032629147171974,0.6783697009086609,0.5108077526092529,-0.01779359206557274,0.6489152908325195,0.43845033645629883,-0.033705294132232666,0.6090536117553711,0.43880075216293335,-0.04485158249735832,0.5818119049072266,0.4577364921569824,-0.04895380511879921,0.6946422457695007,0.520412802696228,-0.031164849177002907,0.6637445092201233,0.466078519821167,-0.04213731363415718,0.6305027604103088,0.4523046314716339,-0.048955485224723816,0.6040118932723999,0.4547440707683563,-0.051559388637542725
C,0.730460524559021,0.6660770773887634,-2.0587116011938633e-07,0.6787036657333374,0.6662251949310303,-0.008892536163330078,0.6311469078063965,0.6357064843177795,-0.018788989633321762,0.5891523361206055,0.6201877593994141,-0.03260427340865135,0.555873692035675,0.6001299619674683,-0.045218560844659805,0.6507355570793152,0.5211278796195984,0.0038399307522922754,0.6298242807388306,0.4562896490097046,-0.01802430860698223,0.5993039608001709,0.44956737756729126,-0.03588707000017166,0.5753802061080933,0.4621378779411316,-0.04535803571343422,0.6629076600074768,0.5099502205848694,-0.004144306760281324,0.6361052393913269,0.4341174066066742,-0.024568282067775726,0.5980958342552185,0.43370091915130615,-0.039385516196489334,0.5726655721664429,0.4545469284057617,-0.04566020891070366,0.6774284839630127,0.5076615810394287,-0.016142260283231735,0.6485761404037476,0.4343096613883972,-0.03225252404808998,0.6075425148010254,0.43622761964797974,-0.04275418817996979,0.5798843502998352,0.4557282626628876,-0.046142276376485825,0.6930330395698547,0.5160019397735596,-0.029800837859511375,0.6599692702293396,0.4615362882614136,-0.040694817900657654,0.6251187324523926,0.45201435685157776,-0.046912893652915955,0.5985136032104492,0.4588123559951782,-0.048984162509441376
C,0.7293646931648254,0.6663112640380859,-2.525619322568673e-07,0.6774353384971619,0.6627079248428345,-0.00797782838344574,0.6305991411209106,0.6308672428131104,-0.017719924449920654,0.5894855856895447,0.6161115765571594,-0.03179033100605011,0.5562763214111328,0.5979321002960205,-0.04492221400141716,0.6506965756416321,0.5141551494598389,0.004941069055348635,0.628172755241394,0.449072003364563,-0.017155243083834648,0.5966798067092896,0.44467198848724365,-0.035823386162519455,0.5733314752578735,0.4580780565738678,-0.04605637118220329,0.6629998087882996,0.5041785836219788,-0.004135265480726957,0.6337369680404663,0.42737486958503723,-0.02470581978559494,0.5951632857322693,0.42888501286506653,-0.04059326648712158,0.5713504552841187,0.45122694969177246,-0.047972746193408966,0.6772801280021667,0.5033383965492249,-0.017176730558276176,0.6478309631347656,0.4268170893192291,-0.0335516482591629,0.6065412759780884,0.4306987226009369,-0.04486347362399101,0.5807216763496399,0.45309269428253174,-0.049072377383708954,0.6925031542778015,0.5131754875183105,-0.03179323300719261,0.6588904857635498,0.4559503495693207,-0.042699895799160004,0.6235758662223816,0.448007196187973,-0.048881467431783676,0.5980666279792786,0.4571024179458618,-0.05122557654976845
C,0.7318662405014038,0.6652557849884033,-2.092077266979686e-07,0.6771121025085449,0.6645898222923279,-0.007011173292994499,0.6297378540039062,0.6348934769630432,-0.016760293394327164,0.5876539349555969,0.6210775375366211,-0.03090289607644081,0.5548430681228638,0.6009488105773926,-0.04397059977054596,0.6505749821662903,0.5200394988059998,0.004846503492444754,0.6269226670265198,0.453888863325119,-0.016854319721460342,0.5965049266815186,0.4472895860671997,-0.03484364226460457,0.5730758905410767,0.4598965048789978,-0.04451464116573334,0.6628883481025696,0.5095298886299133,-0.00442443136125803,0.6327482461929321,0.43432676792144775,-0.025307904928922653,0.5950272083282471,0.4346175193786621,-0.0412476547062397,0.5705140233039856,0.45638853311538696,-0.048480212688446045,0.6774181127548218,0.5080080032348633,-0.01747111789882183,0.6478542685508728,0.4345695376396179,-0.033199016004800797,0.6069197058677673,0.4361180067062378,-0.04435795545578003,0.5794461965560913,0.4562853276729584,-0.04850517958402634,0.6927918195724487,0.5167397260665894,-0.03205882012844086,0.6614376902580261,0.46207424998283386,-0.042838651686906815,0.6275942921638489,0.44859445095062256,-0.049806635826826096,0.6011947393417358,0.451283723115921,-0.05258197337388992
C,0.7276341915130615,0.6652589440345764,-2.1447951326081238e-07,0.6752743124961853,0.6667340397834778,-0.007764950394630432,0.6278636455535889,0.6375109553337097,-0.016919123008847237,0.5863906145095825,0.623740017414093,-0.030057774856686592,0.55500727891922,0.6035455465316772,-0.041938815265893936,0.648950457572937,0.519303560256958,0.005240236409008503,0.6281876564025879,0.45557695627212524,-0.01524937804788351,0.5968799591064453,0.4521176815032959,-0.03209633380174637,0.5737307071685791,0.4672033190727234,-0.04097076505422592,0.6611770391464233,0.5085139870643616,-0.002814095001667738,0.6348654627799988,0.433623731136322,-0.02150762639939785,0.5957594513893127,0.43491795659065247,-0.03534252941608429,0.571162223815918,0.4567708969116211,-0.04111023619771004,0.675403892993927,0.5067315101623535,-0.014744050800800323,0.6476479768753052,0.43416738510131836,-0.029204854741692543,0.6060880422592163,0.43728286027908325,-0.0391240231692791,0.579153835773468,0.45729097723960876,-0.04241585358977318,0.6901713013648987,0.5158748626708984,-0.028263896703720093,0.6565918326377869,0.46311089396476746,-0.037781912833452225,0.6216498613357544,0.4553234875202179,-0.04336116462945938,0.5959706902503967,0.4630541205406189,-0.04509451985359192
C,0.7335191965103149,0.6703771948814392,-2.2529869170284655e-07,0.6777274012565613,0.6688870191574097,-0.0030880237463861704,0.6300944685935974,0.6371743083000183,-0.010932393372058868,0.5879471898078918,0.6247429251670837,-0.023986587300896645,0.5555950999259949,0.6052933931350708,-0.03642529621720314,0.650136411190033,0.5222604274749756,0.010997372679412365,0.6270345449447632,0.4579935669898987,-0.008962535299360752,0.5972024202346802,0.45198291540145874,-0.02671026811003685,0.5729596018791199,0.4648841917514801,-0.03642351180315018,0.6633323431015015,0.5112866163253784,-0.0004146327846683562,0.6334646940231323,0.43744292855262756,-0.019190102815628052,0.5963842868804932,0.4355888366699219,-0.03530116006731987,0.5707323551177979,0.45667341351509094,-0.04306880757212639,0.6785880327224731,0.5105282068252563,-0.01551046408712864,0.6474650502204895,0.4382205903530121,-0.030214035883545876,0.607960045337677,0.43846437335014343,-0.04174067825078964,0.5807649493217468,0.45793426036834717,-0.04642757773399353,0.6941624283790588,0.5202283263206482,-0.03181590884923935,0.6606493592262268,0.46681147813796997,-0.041635479778051376,0.6274384260177612,0.45472079515457153,-0.04797744378447533,0.6014147996902466,0.4585031569004059,-0.050605110824108124
C,0.7325088381767273,0.6687157154083252,-2.066650637289058e-07,0.6800909042358398,0.6682388782501221,-0.006540878210216761,0.6309980154037476,0.6360887289047241,-0.01532219909131527,0.588351845741272,0.6222312450408936,-0.0281525831669569,0.5556994080543518,0.6024206876754761,-0.04009385406970978,0.6509829759597778,0.5208961963653564,0.006636133883148432,0.6287311911582947,0.45746833086013794,-0.013870933093130589,0.5985370874404907,0.44971954822540283,-0.03172777220606804,0.5733925104141235,0.4614684581756592,-0.04126556217670441,0.6645025014877319,0.5095230340957642,-0.0020377926994115114,0.6353006362915039,0.4364827871322632,-0.020891137421131134,0.5984810590744019,0.43284863233566284,-0.03611880540847778,0.5716018676757812,0.45286935567855835,-0.04299135506153107,0.6804625391960144,0.5085700154304504,-0.014456008560955524,0.6494494080543518,0.43641042709350586,-0.02937198430299759,0.6106128692626953,0.4345557391643524,-0.039992157369852066,0.5823593139648438,0.45199012756347656,-0.04372218996286392,0.6972066760063171,0.518975019454956,-0.028235623612999916,0.6640622019767761,0.46604737639427185,-0.0383898951113224,0.6314968466758728,0.4526459574699402,-0.044276777654886246,0.6050242185592651,0.45533791184425354,-0.04613661766052246
C,0.7329182624816895,0.6673996448516846,-2.3064305310072086e-07,0.6785413026809692,0.666487991809845,-0.0036286478862166405,0.6312360763549805,0.6349112391471863,-0.010940024629235268,0.5893543362617493,0.6207605600357056,-0.023324450477957726,0.5569882392883301,0.6011679172515869,-0.03489190712571144,0.6506425142288208,0.5185147523880005,0.011505535803735256,0.6293929219245911,0.4545832872390747,-0.007774545345455408,0.5990520119667053,0.448849618434906,-0.024543127045035362,0.5756437182426453,0.46187883615493774,-0.033545371145009995,0.6632245182991028,0.5069814324378967,0.0009543336345814168,0.634829580783844,0.43196234107017517,-0.017108047381043434,0.5968744158744812,0.43209749460220337,-0.031752631068229675,0.5718267560005188,0.4539865553379059,-0.0382845364511013,0.6782187819480896,0.5052404999732971,-0.013354496099054813,0.648209810256958,0.43109917640686035,-0.027747519314289093,0.6080957651138306,0.4335806369781494,-0.038105808198451996,0.5817905068397522,0.454268217086792,-0.04178239405155182,0.6939274072647095,0.5141371488571167,-0.028916414827108383,0.6606277227401733,0.4593389928340912,-0.03779977932572365,0.6266591548919678,0.4497377872467041,-0.04302607849240303,0.6011983752250671,0.45650652050971985,-0.04485410079360008
C,0.7358395457267761,0.670058012008667,-2.679756789802923e-07,0.6786578893661499,0.6685946583747864,0.0005866746651008725,0.6304638385772705,0.6356778740882874,-0.005255378317087889,0.589061439037323,0.6210834980010986,-0.01744544319808483,0.556282103061676,0.6002418398857117,-0.02936965599656105,0.6514772176742554,0.5196528434753418,0.016615424305200577,0.6284806728363037,0.4561609625816345,-0.0014859708026051521,0.5981582999229431,0.45092201232910156,-0.01859458163380623,0.5739625096321106,0.46417513489723206,-0.028410654515028,0.664654552936554,0.508072018623352,0.0027538819704204798,0.6341562867164612,0.43391162157058716,-0.01445789821445942,0.5956311821937561,0.43401575088500977,-0.030711906030774117,0.5697066187858582,0.45657214522361755,-0.03911365941166878,0.6796784400939941,0.5066299438476562,-0.01466223131865263,0.648573637008667,0.43278154730796814,-0.02783975750207901,0.6079754829406738,0.4342889189720154,-0.03948143869638443,0.5808956027030945,0.4554205536842346,-0.04496629908680916,0.6944233179092407,0.5162404179573059,-0.033189717680215836,0.6605807542800903,0.46007418632507324,-0.04175030440092087,0.625938355922699,0.4486082196235657,-0.0478394590318203,0.599675178527832,0.4543926417827606,-0.05095785856246948
C,0.733890950679779,0.6695605516433716,-2.3746486021991586e-07,0.6799487471580505,0.6663181185722351,-0.00632120668888092,0.631808876991272,0.6336696743965149,-0.015519069507718086,0.5901078581809998,0.6186360716819763,-0.02899600937962532,0.5573968887329102,0.5985943675041199,-0.04160502552986145,0.6521340012550354,0.5200568437576294,0.0056246682070195675,0.6299872398376465,0.45473894476890564,-0.0162250567227602,0.5991740226745605,0.4492347240447998,-0.03487740084528923,0.5741363167762756,0.4625624418258667,-0.04484904929995537,0.664788007736206,0.508780837059021,-0.003673370461910963,0.6367029547691345,0.432842493057251,-0.023792723193764687,0.5992293357849121,0.43134328722953796,-0.03968930244445801,0.5728848576545715,0.4522853195667267,-0.04694788530468941,0.6794843673706055,0.5075273513793945,-0.016672704368829727,0.6499314904212952,0.43334347009658813,-0.031522687524557114,0.6111922264099121,0.4325504004955292,-0.0422939732670784,0.5836310982704163,0.4506961703300476,-0.04638250917196274,0.6953064799308777,0.5172984004020691,-0.03115011751651764,0.6639080047607422,0.4625232517719269,-0.04053384065628052,0.6322463154792786,0.44807764887809753,-0.04626405984163284,0.6067739725112915,0.44915735721588135,-0.048386115580797195
C,0.7313751578330994,0.6660576462745667,-2.206544564842261e-07,0.6774771809577942,0.6653093099594116,-0.006868305150419474,0.6294375061988831,0.6336846947669983,-0.016091277822852135,0.5878720283508301,0.617845892906189,-0.029651278629899025,0.5560205578804016,0.595584511756897,-0.0421367846429348,0.6524628400802612,0.5197570323944092,0.004930990748107433,0.6318018436431885,0.45190858840942383,-0.01664232276380062,0.6009472608566284,0.44492417573928833,-0.034380488097667694,0.5760229825973511,0.45870521664619446,-0.04365598037838936,0.6654835939407349,0.5089364647865295,-0.0041809589602053165,0.6379866600036621,0.4313198924064636,-0.024211332201957703,0.598978579044342,0.43006083369255066,-0.03920113667845726,0.5723943710327148,0.45197415351867676,-0.045643340796232224,0.6802576780319214,0.5068776607513428,-0.017077673226594925,0.6498782634735107,0.432493656873703,-0.032160889357328415,0.6080594062805176,0.4340588450431824,-0.042592912912368774,0.5795029997825623,0.4539535641670227,-0.0462513342499733,0.695776641368866,0.5156055688858032,-0.03151242807507515,0.6616688966751099,0.4606744050979614,-0.041500963270664215,0.6263899803161621,0.4506746530532837,-0.04728231951594353,0.5991661548614502,0.45724448561668396,-0.04920442774891853
C,0.731952965259552,0.6663821935653687,-2.1549270456944214e-07,0.6791528463363647,0.6655620336532593,-0.007653544656932354,0.6313870549201965,0.6340089440345764,-0.017383843660354614,0.5892166495323181,0.6188521981239319,-0.031048987060785294,0.5567934513092041,0.5983439683914185,-0.04348097741603851,0.6530909538269043,0.5191507935523987,0.003788817673921585,0.6318094730377197,0.45220503211021423,-0.01814129576086998,0.6007541418075562,0.4458756148815155,-0.035763371735811234,0.576140284538269,0.45977944135665894,-0.04479174315929413,0.6653282046318054,0.5084732174873352,-0.004533379338681698,0.6372665762901306,0.4316438138484955,-0.024607649073004723,0.5992373824119568,0.43072038888931274,-0.03904213756322861,0.5734735131263733,0.4517262876033783,-0.04494651407003403,0.6795886158943176,0.5070974826812744,-0.016665587201714516,0.6492230892181396,0.43368715047836304,-0.032035596668720245,0.608511745929718,0.43458467721939087,-0.04204503074288368,0.5802283883094788,0.45311129093170166,-0.045134980231523514,0.6946074366569519,0.5169973373413086,-0.030327698215842247,0.6613057255744934,0.4629920423030853,-0.04055564105510712,0.6274332404136658,0.4499649107456207,-0.0464899018406868,0.6006255745887756,0.4521855115890503,-0.048300087451934814
C,0.7337257862091064,0.669939398765564,-2.276802462120031e-07,0.6787905693054199,0.6670379638671875,-0.004512403160333633,0.6315266489982605,0.6345386505126953,-0.012802967801690102,0.589817225933075,0.620043933391571,-0.025985557585954666,0.5572288036346436,0.5998738408088684,-0.03823190554976463,0.6520111560821533,0.5200039148330688,0.009871551766991615,0.6293771862983704,0.45379912853240967,-0.010849476791918278,0.5987478494644165,0.4474133253097534,-0.028929131105542183,0.573976457118988,0.46075159311294556,-0.03868937864899635,0.6651760339736938,0.5096449255943298,-0.0006270026206038892,0.6358352899551392,0.4342538118362427,-0.02014590986073017,0.5982705354690552,0.43264061212539673,-0.036250971257686615,0.5721628665924072,0.45360267162323,-0.04371506720781326,0.6803110837936401,0.5088851451873779,-0.014919298700988293,0.6499840021133423,0.43543800711631775,-0.029411379247903824,0.610039472579956,0.4351920485496521,-0.04042953997850418,0.582088828086853,0.45324528217315674,-0.04468123987317085,0.6961951851844788,0.5186426639556885,-0.030618222430348396,0.6632946729660034,0.46447116136550903,-0.04005756601691246,0.6301960349082947,0.4504125714302063,-0.0462292917072773,0.6040173172950745,0.4515165090560913,-0.04867131635546684
C,0.7312923669815063,0.6699894666671753,-2.41836119130312e-07,0.6777385473251343,0.6656915545463562,-0.006802151445299387,0.6310157179832458,0.6329259872436523,-0.015876786783337593,0.5900274515151978,0.6169552803039551,-0.029397523030638695,0.557686448097229,0.5962083339691162,-0.04181436821818352,0.6528081893920898,0.5194312334060669,0.006733202375471592,0.6326982975006104,0.45267122983932495,-0.014609942212700844,0.6017022132873535,0.4474533200263977,-0.03253443166613579,0.5777230858802795,0.46059536933898926,-0.04222927615046501,0.6649071574211121,0.5090052485466003,-0.0024659400805830956,0.6381784677505493,0.4311665892601013,-0.022357797250151634,0.5995372533798218,0.4313585162162781,-0.037525128573179245,0.574433445930481,0.452539324760437,-0.04434788599610329,0.6791445016860962,0.5075640678405762,-0.015614219009876251,0.6512222290039062,0.4312458336353302,-0.030855001881718636,0.6106709837913513,0.43354159593582153,-0.04126939922571182,0.5841532349586487,0.4538770020008087,-0.04502151161432266,0.6945720911026001,0.5164743661880493,-0.030367210507392883,0.6629348397254944,0.4596273899078369,-0.04019206762313843,0.6289207935333252,0.4496094882488251,-0.04591888189315796,0.6033375859260559,0.4556393325328827,-0.04811906814575195
C,0.7330876588821411,0.6699765920639038,-2.640946945575706e-07,0.6769186854362488,0.663074254989624,-0.003339245915412903,0.6305360198020935,0.6300853490829468,-0.011437613517045975,0.5898796319961548,0.6152856349945068,-0.02498484030365944,0.5575283765792847,0.5948153734207153,-0.0379549041390419,0.6526140570640564,0.5154879093170166,0.011853629723191261,0.6291902661323547,0.4532860815525055,-0.008629826828837395,0.598364531993866,0.44769465923309326,-0.02728770487010479,0.5743519067764282,0.4601169526576996,-0.03778648376464844,0.6658082008361816,0.5040872693061829,0.0002986558247357607,0.6352953910827637,0.42971405386924744,-0.019034545868635178,0.5976560711860657,0.4298059940338135,-0.035745225846767426,0.5725052356719971,0.4520885944366455,-0.043952442705631256,0.6803919672966003,0.5028267502784729,-0.015016717836260796,0.6497464179992676,0.42822879552841187,-0.0295453742146492,0.6104021072387695,0.4291709065437317,-0.040748436003923416,0.5841203331947327,0.4502253532409668,-0.045369233936071396,0.6953926682472229,0.5123974680900574,-0.031740374863147736,0.6638903617858887,0.45755136013031006,-0.041050590574741364,0.6317321062088013,0.44284528493881226,-0.047118328511714935,0.6066636443138123,0.4446375370025635,-0.049740731716156006
C,0.733169674873352,0.6687592267990112,-2.3644861357752234e-07,0.6789287328720093,0.6654030680656433,-0.007016491144895554,0.6311529278755188,0.6318618059158325,-0.01587299443781376,0.5897038578987122,0.6151977777481079,-0.028980746865272522,0.5572270154953003,0.5941643714904785,-0.04118800163269043,0.6528469324111938,0.5160696506500244,0.006331831682473421,0.6306335926055908,0.45042747259140015,-0.015286625362932682,0.6007473468780518,0.44388827681541443,-0.03380785882472992,0.5768402814865112,0.4572394788265228,-0.043756380677223206,0.6658473014831543,0.5053898096084595,-0.002467469312250614,0.6368278861045837,0.4294837713241577,-0.02284199558198452,0.5994477868080139,0.4295310378074646,-0.039198145270347595,0.5736879706382751,0.4518587589263916,-0.04667489975690842,0.6808241605758667,0.5041106343269348,-0.015038084238767624,0.6513680219650269,0.4298308789730072,-0.030622441321611404,0.6118574142456055,0.4316367208957672,-0.04206838458776474,0.5846653580665588,0.4516521990299225,-0.046248696744441986,0.6965475082397461,0.5140010118484497,-0.029085153713822365,0.6645150780677795,0.4582022726535797,-0.03914596140384674,0.6319642066955566,0.4440371096134186,-0.04546986147761345,0.6062911152839661,0.44569456577301025,-0.04781161621212959
C,0.7331393361091614,0.6689515113830566,-2.5512042611808283e-07,0.6792579889297485,0.6658121347427368,-0.0057234689593315125,0.6312239766120911,0.6319254040718079,-0.014059249311685562,0.5896545648574829,0.6155707836151123,-0.02696245163679123,0.5576152205467224,0.5947505235671997,-0.03889494761824608,0.6528521180152893,0.5167099237442017,0.007825186476111412,0.6321474313735962,0.4516001343727112,-0.013158821500837803,0.6012524366378784,0.44686996936798096,-0.031333018094301224,0.5763307213783264,0.46035972237586975,-0.041217900812625885,0.6660836935043335,0.5062430500984192,-0.0016334314132109284,0.6384453177452087,0.43060287833213806,-0.02093409188091755,0.6005336046218872,0.4304675757884979,-0.03644257411360741,0.5745195150375366,0.45174893736839294,-0.04365308955311775,0.6811398267745972,0.5048827528953552,-0.014886001124978065,0.6522924304008484,0.4308731257915497,-0.029246626421809196,0.6124775409698486,0.4324088990688324,-0.03987343609333038,0.584951639175415,0.45205116271972656,-0.043967097997665405,0.6967177391052246,0.5146554112434387,-0.029661381617188454,0.6657247543334961,0.4594650864601135,-0.038730137050151825,0.6327193975448608,0.44666147232055664,-0.044516418129205704,0.6062696576118469,0.45010969042778015,-0.046845585107803345
C,0.7336720824241638,0.6698970198631287,-2.3866354581514315e-07,0.6793151497840881,0.666431725025177,-0.004053914919495583,0.6324668526649475,0.6327008008956909,-0.011316868476569653,0.5909529328346252,0.6174755096435547,-0.023679792881011963,0.5584110021591187,0.5976400375366211,-0.035285353660583496,0.6530292630195618,0.5180643200874329,0.012102841399610043,0.6319842338562012,0.4545038938522339,-0.007615868467837572,0.6018791198730469,0.44732511043548584,-0.025489823892712593,0.5767897963523865,0.4582124948501587,-0.03547489270567894,0.6656732559204102,0.5072316527366638,0.001428451156243682,0.6380130052566528,0.4322468340396881,-0.01717505231499672,0.6001909971237183,0.43019798398017883,-0.0333835743367672,0.5730878114700317,0.4502509832382202,-0.041271060705184937,0.6805466413497925,0.5051429867744446,-0.013057047501206398,0.6518521904945374,0.4313046634197235,-0.0275128111243248,0.6119107007980347,0.43214696645736694,-0.03911856189370155,0.584096372127533,0.4513229429721832,-0.04388893395662308,0.695939302444458,0.5136474967002869,-0.02891242876648903,0.663145899772644,0.45835331082344055,-0.03801734745502472,0.629331111907959,0.4470672607421875,-0.044033490121364594,0.6029683351516724,0.4521152675151825,-0.04663664102554321
C,0.7335389852523804,0.6698465943336487,-2.445552809149376e-07,0.6785712242126465,0.6670544147491455,-0.005997942294925451,0.6311075091362,0.6343628168106079,-0.015090247616171837,0.5898827910423279,0.6175181865692139,-0.02890586666762829,0.5573214292526245,0.5964676141738892,-0.04181217402219772,0.6521722078323364,0.5183835625648499,0.007730483077466488,0.6309175491333008,0.4523085951805115,-0.013752642087638378,0.6004583239555359,0.44641971588134766,-0.032146599143743515,0.5761062502861023,0.45928749442100525,-0.04212494194507599,0.6652054190635681,0.5074381828308105,-0.0021735639311373234,0.6367600560188293,0.43053892254829407,-0.022360974922776222,0.5985366702079773,0.4313840866088867,-0.038150493055582047,0.5732213854789734,0.45310133695602417,-0.04533180966973305,0.6801329851150513,0.5057992339134216,-0.015988992527127266,0.6508146524429321,0.43089112639427185,-0.03138236701488495,0.6103233695030212,0.4331611394882202,-0.042364321649074554,0.5833300948143005,0.4533984065055847,-0.04647483304142952,0.6958043575286865,0.5151998400688171,-0.03132205083966255,0.6636096239089966,0.45911550521850586,-0.04105915501713753,0.6299302577972412,0.44805455207824707,-0.04700629040598869,0.6042596101760864,0.4528963267803192,-0.04938806593418121
C,0.7333059906959534,0.6706515550613403,-2.5037789441739733e-07,0.6806014776229858,0.6661527156829834,-0.007866933010518551,0.6323404908180237,0.6329159736633301,-0.01782233826816082,0.5906822681427002,0.6160301566123962,-0.031990088522434235,0.558285117149353,0.5956552028656006,-0.045037101954221725,0.653346598148346,0.5186253786087036,0.004146340768784285,0.631274402141571,0.4498600363731384,-0.018604474142193794,0.6001395583152771,0.44544240832328796,-0.03723672777414322,0.5768020153045654,0.4602316617965698,-0.047012414783239365,0.6662414073944092,0.5082510709762573,-0.004708164371550083,0.6389035582542419,0.4280579686164856,-0.025906208902597427,0.6006361842155457,0.4278991222381592,-0.04139739274978638,0.5761781930923462,0.450822651386261,-0.04794330894947052,0.6811461448669434,0.507522463798523,-0.017526723444461823,0.6521937251091003,0.43153759837150574,-0.033396270126104355,0.6119568347930908,0.43256187438964844,-0.04416491463780403,0.5858628749847412,0.45289134979248047,-0.0478534996509552,0.6973763108253479,0.5177460312843323,-0.03199828416109085,0.6659544110298157,0.4610888361930847,-0.042137954384088516,0.6326156258583069,0.4490279257297516,-0.04812556132674217,0.6076395511627197,0.45351216197013855,-0.050271354615688324
C,0.7335147857666016,0.6682371497154236,-2.2425841450512962e-07,0.6782034039497375,0.6651836633682251,-0.005354538094252348,0.6305755376815796,0.6320862770080566,-0.014134177006781101,0.589566707611084,0.6165493130683899,-0.027701372280716896,0.5580277442932129,0.5944035053253174,-0.040576811879873276,0.6532837748527527,0.518237292766571,0.007464973255991936,0.6306878328323364,0.45214754343032837,-0.013892224989831448,0.6013107299804688,0.4445946514606476,-0.032523393630981445,0.5772133469581604,0.4571995735168457,-0.042745694518089294,0.6664600968360901,0.5078359842300415,-0.003018684219568968,0.6383589506149292,0.43151623010635376,-0.02353733219206333,0.6011787056922913,0.42826592922210693,-0.04044328257441521,0.5747675895690918,0.4489894509315491,-0.0484548881649971,0.6817261576652527,0.5076451897621155,-0.01725200191140175,0.6527172327041626,0.43346086144447327,-0.032747894525527954,0.6132131814956665,0.4306439459323883,-0.04479895904660225,0.58515864610672,0.4480234980583191,-0.049719348549842834,0.6975469589233398,0.5183947682380676,-0.03291814774274826,0.6665090918540955,0.4621579647064209,-0.043504759669303894,0.6340056657791138,0.4454736113548279,-0.050563838332891464,0.6078505516052246,0.4451070725917816,-0.05361800640821457
C,0.7346563935279846,0.6684677600860596,-2.2949733136101713e-07,0.677430272102356,0.6632080078125,0.0007008617976680398,0.6315208077430725,0.6314666867256165,-0.00570668326690793,0.590535581111908,0.6169889569282532,-0.018793612718582153,0.5584777593612671,0.5946840047836304,-0.031741753220558167,0.653754711151123,0.5174321532249451,0.017673861235380173,0.630630373954773,0.45321398973464966,-0.0004272407677490264,0.6017463207244873,0.44517087936401367,-0.017830539494752884,0.5780824422836304,0.45561346411705017,-0.028295861557126045,0.6670683026313782,0.5065070390701294,0.0032928257714957,0.6366632580757141,0.4321405589580536,-0.0153589379042387,0.5985874533653259,0.430611252784729,-0.03272074833512306,0.5721794366836548,0.4525376558303833,-0.041913047432899475,0.6819691061973572,0.5053986310958862,-0.014759405516088009,0.6512556076049805,0.43264591693878174,-0.02942700870335102,0.6100373268127441,0.4323442578315735,-0.04256259649991989,0.5813525319099426,0.4521487355232239,-0.04896202310919762,0.6969375610351562,0.514409065246582,-0.033900368958711624,0.6646353006362915,0.46044960618019104,-0.044326554983854294,0.6308301091194153,0.4470330774784088,-0.0522519014775753,0.6038187742233276,0.44960397481918335,-0.056666299700737
C,0.7333971261978149,0.665428638458252,-2.0687727442236792e-07,0.6792864799499512,0.6621967554092407,-0.00798918679356575,0.6318196654319763,0.6312648057937622,-0.01803448237478733,0.5900346636772156,0.6163195967674255,-0.0322292260825634,0.5583021640777588,0.5942199230194092,-0.045303210616111755,0.6551063060760498,0.5191837549209595,0.004470558371394873,0.6321417689323425,0.45321035385131836,-0.017973508685827255,0.6015970706939697,0.44429510831832886,-0.036661889404058456,0.5768667459487915,0.45546865463256836,-0.046658262610435486,0.6677467226982117,0.5085319876670837,-0.00450891675427556,0.6396142244338989,0.43141335248947144,-0.026210244745016098,0.6017215251922607,0.42884233593940735,-0.04259655252099037,0.5753805637359619,0.4499925971031189,-0.049771200865507126,0.6824535131454468,0.5070739984512329,-0.017421560361981392,0.6531795263290405,0.4335644245147705,-0.03371172770857811,0.6123381853103638,0.4324674606323242,-0.04539824277162552,0.5837595462799072,0.4506279230117798,-0.049646589905023575,0.698023796081543,0.5162613987922668,-0.03195970132946968,0.6664737462997437,0.4614514708518982,-0.043198246508836746,0.632978081703186,0.447581946849823,-0.05034780129790306,0.6062631607055664,0.44973599910736084,-0.053089484572410583
C,0.7312711477279663,0.6647449731826782,-2.1759161938916805e-07,0.6769527196884155,0.6617960333824158,-0.005864216946065426,0.6301759481430054,0.6311268210411072,-0.015153036452829838,0.5891720652580261,0.6150622963905334,-0.02914871834218502,0.5580129623413086,0.5919048190116882,-0.042238861322402954,0.6533123254776001,0.5185167789459229,0.006920798681676388,0.6322119235992432,0.45236048102378845,-0.014047619886696339,0.6027573943138123,0.4443560838699341,-0.0314665287733078,0.5797147750854492,0.4564349949359894,-0.040773842483758926,0.6660161018371582,0.508112907409668,-0.003074567997828126,0.6392922401428223,0.4305879771709442,-0.023114928975701332,0.6013128757476807,0.42885127663612366,-0.03825412318110466,0.575859546661377,0.45015788078308105,-0.044827695935964584,0.6805663704872131,0.506595253944397,-0.0169000755995512,0.6523075699806213,0.43272119760513306,-0.03201688826084137,0.6115579605102539,0.4320213496685028,-0.042808741331100464,0.5840820670127869,0.4503878355026245,-0.04675028845667839,0.6957891583442688,0.5152432918548584,-0.032230209559202194,0.664017915725708,0.45970380306243896,-0.04217197000980377,0.6305069923400879,0.4468832314014435,-0.04835033044219017,0.6047360301017761,0.4503592252731323,-0.050734926015138626
C,0.7340909242630005,0.6692764163017273,-2.4288146960316226e-07,0.6788423657417297,0.6630833148956299,-0.005877148825675249,0.6320406198501587,0.6300722360610962,-0.0150214321911335,0.5908693671226501,0.6147797107696533,-0.029039792716503143,0.5588988661766052,0.5937636494636536,-0.04217052832245827,0.6537613272666931,0.5174339413642883,0.00825792457908392,0.6326608061790466,0.4516201913356781,-0.013333982788026333,0.6022142767906189,0.4453282654285431,-0.03178277984261513,0.5779141187667847,0.45736610889434814,-0.041837241500616074,0.6665560007095337,0.506576418876648,-0.002091831760481,0.6378795504570007,0.4289233684539795,-0.022792557254433632,0.5993663668632507,0.42859193682670593,-0.03892787918448448,0.5740191340446472,0.4499638080596924,-0.04629607871174812,0.681488037109375,0.5051530599594116,-0.01640116237103939,0.6522781252861023,0.4288672208786011,-0.032391246408224106,0.6114108562469482,0.43148931860923767,-0.04347089305520058,0.584863007068634,0.45243939757347107,-0.04746061563491821,0.6974204182624817,0.5142995119094849,-0.03221980109810829,0.6646496653556824,0.45723527669906616,-0.04245208203792572,0.6299716830253601,0.4462626874446869,-0.048430729657411575,0.6043151617050171,0.45109912753105164,-0.050718244165182114
C,0.7333821058273315,0.6702374219894409,-2.655414448327065e-07,0.6782863140106201,0.663877010345459,-0.004674023017287254,0.6306246519088745,0.630383312702179,-0.012971188873052597,0.5893474817276001,0.6149941086769104,-0.02644878439605236,0.5572620034217834,0.594173014163971,-0.03916967287659645,0.6529226899147034,0.5153998136520386,0.010581600479781628,0.6297956109046936,0.4512033760547638,-0.010202636942267418,0.5996831059455872,0.44594934582710266,-0.028677890077233315,0.57624751329422,0.4589799642562866,-0.038798701018095016,0.6661052107810974,0.5046150088310242,-0.0002737470786087215,0.6364719271659851,0.4283614754676819,-0.019625134766101837,0.5988740921020508,0.4287877082824707,-0.03560643270611763,0.5742672681808472,0.45213764905929565,-0.04313091188669205,0.6808784604072571,0.5041468143463135,-0.015098356641829014,0.6503887176513672,0.4295423626899719,-0.030045336112380028,0.6103172302246094,0.4314178228378296,-0.04108864814043045,0.5844671726226807,0.4530249536037445,-0.04535938799381256,0.6958981156349182,0.5147826671600342,-0.03142063319683075,0.6636343598365784,0.45779097080230713,-0.040930598974227905,0.6297271251678467,0.44576284289360046,-0.046734582632780075,0.6041337251663208,0.45078355073928833,-0.04909859970211983
C,0.7349564433097839,0.669977605342865,-2.392432634223951e-07,0.6804919242858887,0.6649013757705688,-0.006735591683536768,0.6331194639205933,0.6314961910247803,-0.0162968747317791,0.5911177396774292,0.6155633330345154,-0.030432796105742455,0.5584858059883118,0.594246506690979,-0.04365421459078789,0.6540114283561707,0.5171617865562439,0.006507571786642075,0.6321105360984802,0.4496799111366272,-0.015490691177546978,0.601530909538269,0.443927526473999,-0.03411877900362015,0.5774180293083191,0.457308292388916,-0.044103819876909256,0.6670410633087158,0.507063627243042,-0.0030872805509716272,0.6376516222953796,0.42879077792167664,-0.023846792057156563,0.5992324352264404,0.4294658899307251,-0.0399538017809391,0.5743939280509949,0.45238879323005676,-0.04723860323429108,0.6821714639663696,0.5066606998443604,-0.016607867553830147,0.6519951820373535,0.43044283986091614,-0.03239655867218971,0.6111756563186646,0.43356627225875854,-0.04349004104733467,0.5847633481025696,0.4553087651729584,-0.047476254403591156,0.69831782579422,0.5170071721076965,-0.0316750667989254,0.6654669642448425,0.45963218808174133,-0.04189721494913101,0.6306601762771606,0.4479838013648987,-0.04804736375808716,0.6045694351196289,0.45282575488090515,-0.05038832500576973
C,0.7332807779312134,0.6687511205673218,-2.4100197038023907e-07,0.6795380711555481,0.6646279096603394,-0.0077675567008554935,0.6323370337486267,0.6314656138420105,-0.017853060737252235,0.5908361077308655,0.6146514415740967,-0.03226857632398605,0.5583630800247192,0.5931594967842102,-0.04560348019003868,0.6534554362297058,0.5165930986404419,0.004561128560453653,0.633547306060791,0.4481585621833801,-0.01820165105164051,0.602547287940979,0.4434615671634674,-0.0370466485619545,0.577751100063324,0.45769643783569336,-0.046957191079854965,0.6664262413978577,0.5068762302398682,-0.004353454802185297,0.6391192078590393,0.42859017848968506,-0.025301842018961906,0.6000591516494751,0.4294034540653229,-0.04081274941563606,0.5747108459472656,0.45141369104385376,-0.04758325591683388,0.6815575957298279,0.5065162777900696,-0.017264168709516525,0.6529921889305115,0.4304620623588562,-0.03318029269576073,0.611939013004303,0.43376049399375916,-0.04367524012923241,0.5851523876190186,0.4548491835594177,-0.047179777175188065,0.6979200839996338,0.5170718431472778,-0.03180335834622383,0.6666845083236694,0.45956185460090637,-0.041765712201595306,0.6323777437210083,0.4499605894088745,-0.04720490798354149,0.6066629886627197,0.4570876955986023,-0.04896381497383118
C,0.7324385046958923,0.6709972023963928,-2.3113177860523137e-07,0.6774925589561462,0.6659228801727295,-0.00611460255458951,0.6303965449333191,0.6338562965393066,-0.015271021053195,0.5887923240661621,0.6172298192977905,-0.02931078150868416,0.5572761297225952,0.593542218208313,-0.04246724769473076,0.6537020802497864,0.5183101296424866,0.007888282649219036,0.6339015960693359,0.4513961672782898,-0.013618001714348793,0.6038865447044373,0.4441102147102356,-0.03200507536530495,0.5796473622322083,0.45663928985595703,-0.042031094431877136,0.6663034558296204,0.5078073740005493,-0.002122970297932625,0.6382896304130554,0.43122100830078125,-0.022098425775766373,0.5993208885192871,0.43095776438713074,-0.03796415403485298,0.573432445526123,0.45343339443206787,-0.045402735471725464,0.6809168457984924,0.5067178010940552,-0.016143178567290306,0.6516960859298706,0.4312218725681305,-0.031673043966293335,0.6097622513771057,0.43247270584106445,-0.04294389486312866,0.581896185874939,0.4530027508735657,-0.047291841357946396,0.6961599588394165,0.5164979100227356,-0.03170212358236313,0.6627415418624878,0.4599549174308777,-0.041981928050518036,0.627477765083313,0.44919246435165405,-0.04822198301553726,0.6009445786476135,0.4553067982196808,-0.050702083855867386
C,0.7333642840385437,0.670468807220459,-2.57965950822836e-07,0.6787207722663879,0.6678583025932312,-0.003157270373776555,0.631687343120575,0.634626567363739,-0.010635312646627426,0.5901891589164734,0.6194680333137512,-0.023577824234962463,0.5584423542022705,0.5981749892234802,-0.035739850252866745,0.6537748575210571,0.5189539790153503,0.012196878902614117,0.6326214671134949,0.4547935128211975,-0.007450409699231386,0.6013306379318237,0.44939813017845154,-0.02477361634373665,0.5767502188682556,0.462919682264328,-0.03418256342411041,0.6667144298553467,0.5088498592376709,0.0006829921621829271,0.6378962397575378,0.4334351420402527,-0.01699063554406166,0.5988280177116394,0.4329168200492859,-0.0317666120827198,0.5733283758163452,0.45386582612991333,-0.03874668851494789,0.6814584136009216,0.5077275633811951,-0.014742305502295494,0.6517075300216675,0.4318397045135498,-0.028403114527463913,0.6099322438240051,0.4328325688838959,-0.03861391171813011,0.5826984643936157,0.4527932107448578,-0.04260006546974182,0.6960654854774475,0.5172519087791443,-0.03157208487391472,0.6615379452705383,0.45963001251220703,-0.040244098752737045,0.6255998611450195,0.4497417211532593,-0.04535707086324692,0.5990912914276123,0.45791324973106384,-0.04728751257061958
C,0.730666995048523,0.6682835817337036,-2.169483508396297e-07,0.6777539253234863,0.6664870977401733,-0.0037231689784675837,0.6315215826034546,0.6344931125640869,-0.011662017554044724,0.5903618931770325,0.6195265650749207,-0.024620233103632927,0.5590022802352905,0.5980249047279358,-0.036655932664871216,0.6533045172691345,0.5181955099105835,0.010324825532734394,0.6345479488372803,0.454597532749176,-0.009760456159710884,0.6037550568580627,0.44842126965522766,-0.026894791051745415,0.5780549049377441,0.46141576766967773,-0.035836007446050644,0.665964663028717,0.5080143213272095,-0.00021804562129545957,0.6417610049247742,0.4331997036933899,-0.017692631110548973,0.604102373123169,0.4305347800254822,-0.03131544217467308,0.5773674249649048,0.449686199426651,-0.037180181592702866,0.6802380681037903,0.5075263381004333,-0.014562700875103474,0.6532477140426636,0.43374893069267273,-0.028040828183293343,0.6127850413322449,0.43281760811805725,-0.037183988839387894,0.5839444398880005,0.44958731532096863,-0.040143683552742004,0.6944179534912109,0.5183005332946777,-0.030293205752968788,0.6622034907341003,0.4633258879184723,-0.03867014870047569,0.628732442855835,0.4519329071044922,-0.04324391111731529,0.6022602319717407,0.45642709732055664,-0.04447377473115921
C,0.7315942645072937,0.6684700846672058,-2.3080110622686334e-07,0.6790828704833984,0.6646454334259033,-0.008070212788879871,0.6331601738929749,0.6330627799034119,-0.018274551257491112,0.5922752618789673,0.6167583465576172,-0.03264345973730087,0.5595846772193909,0.596328616142273,-0.04578391835093498,0.6542136669158936,0.5195937156677246,0.004261606838554144,0.6348365545272827,0.4513036608695984,-0.0180727019906044,0.6042019128799438,0.44672033190727234,-0.03623761981725693,0.5802265405654907,0.46134549379348755,-0.0455438494682312,0.6668106317520142,0.5096810460090637,-0.004043901804834604,0.6412132382392883,0.4312647581100464,-0.02447941154241562,0.6028855443000793,0.43142107129096985,-0.03907884657382965,0.5778258442878723,0.4529384672641754,-0.04497382044792175,0.6812037825584412,0.5086751580238342,-0.01631971076130867,0.6542400121688843,0.4322530925273895,-0.03155013918876648,0.6142146587371826,0.43446114659309387,-0.040892571210861206,0.5876768231391907,0.4546405076980591,-0.043469078838825226,0.6968095898628235,0.5184393525123596,-0.030281053856015205,0.666590690612793,0.461632639169693,-0.03963582217693329,0.6333955526351929,0.45049336552619934,-0.044432297348976135,0.6081055998802185,0.4554075002670288,-0.045569416135549545
C,0.7341936230659485,0.6653405427932739,-2.221894845888528e-07,0.6798940300941467,0.6657639741897583,-0.006554696708917618,0.6326855421066284,0.6357212662696838,-0.01516621932387352,0.5916522145271301,0.6195040345191956,-0.02843029797077179,0.5603354573249817,0.5952367782592773,-0.04073309153318405,0.6555920243263245,0.5215671062469482,0.008147838525474072,0.6330231428146362,0.4565775692462921,-0.012080824933946133,0.6025841236114502,0.44798460602760315,-0.029642244800925255,0.5776069164276123,0.4593673348426819,-0.039298392832279205,0.6680989861488342,0.5100823044776917,-0.0012821690179407597,0.6382057666778564,0.4364280700683594,-0.020787175744771957,0.5993306636810303,0.4348446726799011,-0.03668971732258797,0.5721444487571716,0.45599278807640076,-0.04408552125096321,0.6823821067810059,0.5073891282081604,-0.014606880955398083,0.6519979238510132,0.43442589044570923,-0.029703766107559204,0.6108653545379639,0.43440091609954834,-0.04095569625496864,0.581750214099884,0.45290935039520264,-0.045257240533828735,0.6976153254508972,0.5150673389434814,-0.029489625245332718,0.6658536195755005,0.4597318768501282,-0.040024902671575546,0.6321747303009033,0.4477694034576416,-0.04653182253241539,0.6050055027008057,0.45283597707748413,-0.04901031404733658
C,0.7321588397026062,0.6704394221305847,-2.1894997814797534e-07,0.6801085472106934,0.6661178469657898,-0.008364192210137844,0.6334903836250305,0.6336030960083008,-0.01851106621325016,0.5926932096481323,0.6176478266716003,-0.03266344964504242,0.5605623722076416,0.5967761278152466,-0.04569019377231598,0.6544399261474609,0.5206916928291321,0.0036501374561339617,0.6351189613342285,0.4543159604072571,-0.018953949213027954,0.6049848198890686,0.4468998312950134,-0.03792714700102806,0.5795621275901794,0.45846933126449585,-0.04795524850487709,0.6670923233032227,0.5107118487358093,-0.004727287217974663,0.6409507393836975,0.43430787324905396,-0.025686288252472878,0.6031241416931152,0.4317117929458618,-0.041731059551239014,0.5761090517044067,0.45072904229164124,-0.048927951604127884,0.6818379759788513,0.509573221206665,-0.0169810988008976,0.6543847918510437,0.4344668984413147,-0.03259378671646118,0.6151239275932312,0.4341486096382141,-0.0432785227894783,0.5874256491661072,0.4521048069000244,-0.046974293887615204,0.6977449655532837,0.5194204449653625,-0.030872119590640068,0.6679397225379944,0.462421715259552,-0.040520038455724716,0.6355864405632019,0.44846147298812866,-0.046056825667619705,0.60954350233078,0.4507300853729248,-0.04787673056125641
C,0.7342005968093872,0.6724755764007568,-2.294627989840592e-07,0.6817320585250854,0.6688947081565857,-0.008309299126267433,0.6331961154937744,0.6351730823516846,-0.0182900782674551,0.5918129086494446,0.618287980556488,-0.03207767382264137,0.5604647994041443,0.595755934715271,-0.04473523795604706,0.6563448309898376,0.5220798254013062,0.003233392257243395,0.6354603171348572,0.4550885260105133,-0.0193279180675745,0.6049196124076843,0.44771209359169006,-0.038227058947086334,0.5788858532905579,0.4597305655479431,-0.048136863857507706,0.6697469353675842,0.5121768712997437,-0.004948311951011419,0.6423560976982117,0.43520838022232056,-0.025969630107283592,0.6045836210250854,0.43175604939460754,-0.04192155599594116,0.5771257877349854,0.451231449842453,-0.048839349299669266,0.6849913001060486,0.5115228295326233,-0.01695694774389267,0.6560063362121582,0.43745556473731995,-0.03231628239154816,0.6172983050346375,0.43510866165161133,-0.042864639312028885,0.5889502167701721,0.45146337151527405,-0.04642166197299957,0.701296329498291,0.5220593810081482,-0.030607493594288826,0.6708644032478333,0.4662419557571411,-0.040632881224155426,0.6398614048957825,0.4497309625148773,-0.046536292880773544,0.6141776442527771,0.4484972059726715,-0.04839090630412102
C,0.7359392046928406,0.6736074090003967,-2.3311422125971148e-07,0.682166337966919,0.6700286865234375,-0.006885020062327385,0.633794903755188,0.6358407735824585,-0.016442924737930298,0.5920503735542297,0.6195351481437683,-0.030202316120266914,0.5605446696281433,0.5970097184181213,-0.04284564033150673,0.656196117401123,0.5209029912948608,0.005540427286177874,0.6358798146247864,0.45358824729919434,-0.016573334112763405,0.604857325553894,0.44716009497642517,-0.03520115092396736,0.5787287950515747,0.45992159843444824,-0.04505464807152748,0.6698941588401794,0.5107200145721436,-0.0035938152577728033,0.6409759521484375,0.4337415397167206,-0.024309895932674408,0.6026450395584106,0.4326680302619934,-0.040278781205415726,0.5756181478500366,0.4538322985172272,-0.04731805622577667,0.6853089332580566,0.5104432106018066,-0.016537632793188095,0.6548933982849121,0.4357130527496338,-0.03196421265602112,0.6151530146598816,0.4356141984462738,-0.04248456656932831,0.586738109588623,0.4535018503665924,-0.046041861176490784,0.7014448642730713,0.5218002796173096,-0.030986588448286057,0.6700060963630676,0.4661905765533447,-0.04104036092758179,0.6381227970123291,0.45030587911605835,-0.04699276387691498,0.6122711300849915,0.4494541883468628,-0.04893522709608078
C,0.733778715133667,0.6703256368637085,-2.458798746829416e-07,0.6789537668228149,0.667230486869812,-0.0018174023134633899,0.6317281126976013,0.6345679759979248,-0.008992495015263557,0.5902860164642334,0.6187642216682434,-0.021867498755455017,0.5595386028289795,0.5957564115524292,-0.034141745418310165,0.6558273434638977,0.5190855860710144,0.01237926073372364,0.6356483101844788,0.4535548985004425,-0.007260323967784643,0.6049376726150513,0.44776904582977295,-0.024241888895630836,0.5798982977867126,0.46109944581985474,-0.033342599868774414,0.6691843867301941,0.508470356464386,0.00014760924386791885,0.6416463851928711,0.4316788911819458,-0.01810135692358017,0.6028283834457397,0.4304560720920563,-0.03274071216583252,0.576410174369812,0.45218250155448914,-0.03925061225891113,0.6840745210647583,0.5076842904090881,-0.015811365097761154,0.6540784239768982,0.4326994717121124,-0.030047137290239334,0.612114667892456,0.43393975496292114,-0.040228378027677536,0.583795428276062,0.45343276858329773,-0.04390083998441696,0.6989109516143799,0.5177227258682251,-0.03297322988510132,0.6634873151779175,0.4620094895362854,-0.042477816343307495,0.6277253031730652,0.45259422063827515,-0.04790361970663071,0.6008477807044983,0.4593214690685272,-0.049738626927137375
C,0.7344728112220764,0.6722143888473511,-2.5346295728922996e-07,0.6794770956039429,0.6683229207992554,-0.002375485608354211,0.6320350766181946,0.6339640617370605,-0.009512833319604397,0.5910114049911499,0.6177029609680176,-0.02220640704035759,0.5597841143608093,0.5955753326416016,-0.0344059057533741,0.6552398204803467,0.5193008780479431,0.0127861388027668,0.6338218450546265,0.4557303190231323,-0.006696140859276056,0.6039367914199829,0.44936150312423706,-0.024306226521730423,0.5793538093566895,0.4614923298358917,-0.03407968580722809,0.6687683463096619,0.5090204477310181,0.0008428113651461899,0.641292929649353,0.43332982063293457,-0.017483418807387352,0.6031225919723511,0.43204134702682495,-0.03312883898615837,0.5765029191970825,0.4529137909412384,-0.040535084903240204,0.6837810277938843,0.5084763169288635,-0.014816057868301868,0.6548820734024048,0.43334341049194336,-0.028884490951895714,0.6142966747283936,0.4341764450073242,-0.03974959999322891,0.5866847038269043,0.45381399989128113,-0.044092584401369095,0.6986609101295471,0.5189005136489868,-0.03175313398241997,0.6661257743835449,0.4623549282550812,-0.04085060954093933,0.6322199106216431,0.4507794678211212,-0.04649418219923973,0.6063314080238342,0.4555678069591522,-0.048790134489536285
C,0.7337462902069092,0.6691597700119019,-2.2620189099598065e-07,0.6787992119789124,0.6667426824569702,-0.004465057514607906,0.6311241388320923,0.6328299045562744,-0.012600760906934738,0.589333176612854,0.6175945401191711,-0.025468070060014725,0.5581446290016174,0.595518946647644,-0.037440225481987,0.6548495888710022,0.5201604962348938,0.008306019939482212,0.6338810324668884,0.4537293314933777,-0.012531879357993603,0.6029166579246521,0.4469601809978485,-0.03034692257642746,0.577340304851532,0.4599773585796356,-0.03990711271762848,0.6682865023612976,0.5101470947265625,-0.002275180071592331,0.6409610509872437,0.4329908788204193,-0.02182346023619175,0.6022918224334717,0.4305388331413269,-0.037285611033439636,0.5755752325057983,0.4510795772075653,-0.044325534254312515,0.6835806369781494,0.5100539326667786,-0.016563793644309044,0.6553425788879395,0.43460556864738464,-0.031444329768419266,0.6145192384719849,0.43353569507598877,-0.0422581322491169,0.586358904838562,0.4512097239494324,-0.046318478882312775,0.6988778114318848,0.5206964612007141,-0.03218024969100952,0.6671130657196045,0.46479612588882446,-0.042394109070301056,0.6327587366104126,0.45055630803108215,-0.04878576099872589,0.6060868501663208,0.4522343873977661,-0.05123789981007576
C,0.7368860840797424,0.6727611422538757,-2.799579874590563e-07,0.6792744994163513,0.6678656339645386,0.002388065680861473,0.6318851709365845,0.6339378952980042,-0.0035044930409640074,0.5904058814048767,0.6186173558235168,-0.016590502113103867,0.5585370063781738,0.5957128405570984,-0.02951553463935852,0.655008852481842,0.517839252948761,0.018821261823177338,0.6323733925819397,0.4523792862892151,0.00041131378384307027,0.6022136211395264,0.4480038285255432,-0.016557032242417336,0.5778607130050659,0.46203216910362244,-0.02603503316640854,0.669173538684845,0.5070943832397461,0.0032051519956439734,0.6387829184532166,0.4301997423171997,-0.013958768919110298,0.6006367206573486,0.4303775727748871,-0.02937614545226097,0.5752458572387695,0.45404163002967834,-0.03691641241312027,0.6841775178909302,0.5065212249755859,-0.016144098713994026,0.6517263650894165,0.43162089586257935,-0.029368402436375618,0.611000657081604,0.4335516095161438,-0.04004441201686859,0.5843589305877686,0.4554855227470398,-0.044694025069475174,0.6985684633255005,0.5160420536994934,-0.03659030795097351,0.6635819673538208,0.4592282176017761,-0.04528985917568207,0.6288076639175415,0.44876402616500854,-0.050773970782756805,0.602748453617096,0.45589661598205566,-0.0532870814204216
C,0.7312784194946289,0.6690046191215515,-2.2353461304192024e-07,0.67868572473526,0.6656019687652588,-0.007805075496435165,0.6311543583869934,0.6327918767929077,-0.017390886321663857,0.5901085138320923,0.617083728313446,-0.030943451449275017,0.5588345527648926,0.595321774482727,-0.043653469532728195,0.653326690196991,0.5201042294502258,0.003919122274965048,0.6319525241851807,0.4539216160774231,-0.018257012590765953,0.6028780937194824,0.4461899995803833,-0.0369616374373436,0.5789188146591187,0.45821231603622437,-0.04687286540865898,0.6665534377098083,0.5099281668663025,-0.004422407131642103,0.6379491090774536,0.43425625562667847,-0.025868060067296028,0.6009889245033264,0.43258136510849,-0.042752377688884735,0.5747991800308228,0.4539659917354584,-0.050307516008615494,0.6820064187049866,0.5093200206756592,-0.016445383429527283,0.653038740158081,0.4354732036590576,-0.0329027995467186,0.6145204901695251,0.4355867803096771,-0.044710882008075714,0.587134838104248,0.454600065946579,-0.04885072633624077,0.6986401081085205,0.5198390483856201,-0.029877498745918274,0.6682928204536438,0.46460071206092834,-0.0408812053501606,0.6371946930885315,0.44833964109420776,-0.04768597334623337,0.6118683815002441,0.4473925530910492,-0.05008459836244583
C,0.7360458374023438,0.6727046966552734,-2.6405948005958635e-07,0.6781643629074097,0.6670085191726685,0.001397637533955276,0.6316604018211365,0.6335318088531494,-0.004981588572263718,0.5902330279350281,0.6195074915885925,-0.018062086775898933,0.558538019657135,0.5959663987159729,-0.030851874500513077,0.6543848514556885,0.5192426443099976,0.01699538342654705,0.6324059963226318,0.45373719930648804,-0.002315290505066514,0.6019553542137146,0.4486725628376007,-0.02010945789515972,0.5775645971298218,0.462117463350296,-0.030240248888731003,0.66805499792099,0.5086930394172668,0.0020038660150021315,0.6379037499427795,0.4326990246772766,-0.016821159049868584,0.599392831325531,0.4320925772190094,-0.034012340009212494,0.5734668970108032,0.4547264277935028,-0.042789217084646225,0.6833213567733765,0.5081436038017273,-0.01658625155687332,0.6525618433952332,0.4335261583328247,-0.030752869322896004,0.6118520498275757,0.4342259168624878,-0.04277977719902992,0.5847254395484924,0.4545753300189972,-0.04833320528268814,0.6984986662864685,0.5178454518318176,-0.036227110773324966,0.6649594306945801,0.4622005224227905,-0.04549342393875122,0.6307550072669983,0.44936561584472656,-0.05202708765864372,0.6047793030738831,0.4528166651725769,-0.055276546627283096
C,0.7341687083244324,0.6688635349273682,-2.236385228115978e-07,0.6789011359214783,0.6663967370986938,-0.0054817283526062965,0.6312094926834106,0.6338579654693604,-0.01426122710108757,0.5896140933036804,0.6188593506813049,-0.027792880311608315,0.5587159395217896,0.595481276512146,-0.040377289056777954,0.6549659371376038,0.5200176239013672,0.006949407979846001,0.6334992051124573,0.4524003267288208,-0.014429622329771519,0.6030666828155518,0.44542038440704346,-0.03233751654624939,0.5788683891296387,0.45866870880126953,-0.04194685444235802,0.6684956550598145,0.5099414587020874,-0.003607770660892129,0.6404904723167419,0.43207594752311707,-0.024362266063690186,0.6012349128723145,0.4314279854297638,-0.04002511873841286,0.5753170847892761,0.4539269506931305,-0.046867337077856064,0.6839176416397095,0.5101332664489746,-0.017992611974477768,0.6545802354812622,0.4352080225944519,-0.033832572400569916,0.612339973449707,0.43549036979675293,-0.04497804120182991,0.5842339992523193,0.4543895423412323,-0.049060605466365814,0.6995251178741455,0.5212674736976624,-0.03380656987428665,0.6666024923324585,0.46483784914016724,-0.04467910900712013,0.6308346390724182,0.4524649977684021,-0.05129694566130638,0.603717029094696,0.45634374022483826,-0.05384077876806259
C,0.7327404618263245,0.6685512661933899,-2.1465663735398266e-07,0.6803065538406372,0.6653950214385986,-0.006855691317468882,0.6337825655937195,0.6334086656570435,-0.016398727893829346,0.5926691293716431,0.6188430786132812,-0.030058609321713448,0.5614567995071411,0.5973301529884338,-0.04280693829059601,0.6545889973640442,0.5198071599006653,0.0048146373592317104,0.6350454092025757,0.45372140407562256,-0.01704241894185543,0.6051828861236572,0.4462866187095642,-0.035219330340623856,0.5813294649124146,0.45816469192504883,-0.044829126447439194,0.6677840352058411,0.5093148946762085,-0.004480775911360979,0.6415368318557739,0.43120530247688293,-0.025783352553844452,0.603567898273468,0.429373562335968,-0.041734479367733,0.5773476362228394,0.4508238732814789,-0.048470042645931244,0.6828593611717224,0.5091261267662048,-0.017483677715063095,0.6544170379638672,0.4341118335723877,-0.03389928862452507,0.614696204662323,0.4341071546077728,-0.04506298154592514,0.5875215530395508,0.45265963673591614,-0.048757635056972504,0.6986256241798401,0.5201725363731384,-0.03183480724692345,0.666520357131958,0.46467310190200806,-0.04233001545071602,0.6336345672607422,0.4521002769470215,-0.048360250890254974,0.6083942651748657,0.45505619049072266,-0.0503433421254158
C,0.7334912419319153,0.667263925075531,-2.353926333853451e-07,0.6814148426055908,0.66529780626297,-0.006891360506415367,0.6333021521568298,0.6320298910140991,-0.016008837148547173,0.5914657711982727,0.6162093877792358,-0.029243990778923035,0.5600478053092957,0.5947219133377075,-0.04138809069991112,0.6554590463638306,0.517573356628418,0.005222803447395563,0.6361278891563416,0.45008087158203125,-0.016547812148928642,0.6056894659996033,0.4448627829551697,-0.034593477845191956,0.5811650156974792,0.4584241509437561,-0.044044263660907745,0.6682936549186707,0.5078759789466858,-0.0036409767344594,0.6418735384941101,0.4305870234966278,-0.02417917177081108,0.6040230989456177,0.4291137456893921,-0.03972180560231209,0.5781993865966797,0.44972747564315796,-0.04644640162587166,0.6833405494689941,0.5080364942550659,-0.01630706526339054,0.6538394093513489,0.4334568977355957,-0.032392069697380066,0.6139360666275024,0.4341455399990082,-0.04331662505865097,0.5869800448417664,0.4527229368686676,-0.04696296155452728,0.6994994282722473,0.5188582539558411,-0.030354764312505722,0.6669486165046692,0.46267202496528625,-0.04070589691400528,0.6334526538848877,0.45135021209716797,-0.04660772532224655,0.6080702543258667,0.45585688948631287,-0.04854670539498329
C,0.7341961860656738,0.6670641899108887,-2.31642005132926e-07,0.6809216141700745,0.6640291213989258,-0.008453297428786755,0.6322934627532959,0.6315726041793823,-0.018117455765604973,0.5913864374160767,0.6156166195869446,-0.03161580488085747,0.5608142614364624,0.5938659906387329,-0.04386497661471367,0.6545521020889282,0.5195006132125854,0.0033291552681475878,0.633184552192688,0.452096164226532,-0.018844015896320343,0.6030281782150269,0.4452887177467346,-0.03673406317830086,0.5801746845245361,0.4578894078731537,-0.04604274407029152,0.6675928831100464,0.5079964995384216,-0.004919598810374737,0.6400007009506226,0.42910388112068176,-0.025903642177581787,0.6020404100418091,0.4277227222919464,-0.04091973602771759,0.5774450302124023,0.44938167929649353,-0.047052789479494095,0.6828302145004272,0.5065099000930786,-0.01707500033080578,0.6528547406196594,0.43145275115966797,-0.03306793048977852,0.6128566861152649,0.4323766827583313,-0.0433572418987751,0.5868582725524902,0.45200836658477783,-0.0465465672314167,0.6995241045951843,0.5161115527153015,-0.030845077708363533,0.6668164730072021,0.46028515696525574,-0.041522882878780365,0.6332108974456787,0.4477725923061371,-0.04752252995967865,0.6082577109336853,0.4508238434791565,-0.04936652258038521
C,0.7352039813995361,0.6665858030319214,-2.2764572804589989e-07,0.6794719696044922,0.6642180681228638,-0.005278403405100107,0.6316089034080505,0.6316326260566711,-0.013464472256600857,0.590350329875946,0.6167730689048767,-0.02643325738608837,0.5604457855224609,0.5932005047798157,-0.03846883401274681,0.6558568477630615,0.5176680684089661,0.009114555083215237,0.6336038112640381,0.45100703835487366,-0.01187508087605238,0.603290319442749,0.4439341425895691,-0.03009658306837082,0.5782434344291687,0.45665720105171204,-0.03996232897043228,0.6692315340042114,0.5070933103561401,-0.001365851960144937,0.6399834752082825,0.42989975214004517,-0.0221446231007576,0.6017214059829712,0.4281473755836487,-0.039269451051950455,0.5750571489334106,0.4505351185798645,-0.047219064086675644,0.684528112411499,0.5065193176269531,-0.01571526750922203,0.6539640426635742,0.4323490262031555,-0.031941305845975876,0.6129467487335205,0.4329532980918884,-0.04457933455705643,0.5847752690315247,0.4525701105594635,-0.04957359656691551,0.6999579668045044,0.5163784027099609,-0.031381476670503616,0.6661614775657654,0.46076682209968567,-0.042709458619356155,0.6311514377593994,0.44768527150154114,-0.050221290439367294,0.6039975881576538,0.45044800639152527,-0.05337848886847496
C,0.7359853982925415,0.6692646145820618,-2.373952412426661e-07,0.6796793937683105,0.6651749014854431,-0.0024550214875489473,0.6327131390571594,0.632608950138092,-0.00994389783591032,0.5914244055747986,0.6176043748855591,-0.022945275530219078,0.5609057545661926,0.5947714447975159,-0.03521352261304855,0.6553524136543274,0.5198448300361633,0.012149199843406677,0.6343150734901428,0.4533034563064575,-0.007961890660226345,0.6041327118873596,0.4465450048446655,-0.025451382622122765,0.5795912742614746,0.4595019817352295,-0.03482168912887573,0.6684751510620117,0.508872926235199,0.0001686332980170846,0.6408079862594604,0.4315141439437866,-0.018840542063117027,0.602779746055603,0.4291106164455414,-0.03464166074991226,0.5764024257659912,0.450151264667511,-0.041913554072380066,0.6833739876747131,0.507325291633606,-0.015570534393191338,0.6541309356689453,0.43194735050201416,-0.029780132696032524,0.6135684251785278,0.43097126483917236,-0.04078490287065506,0.5857928395271301,0.44943541288375854,-0.04513849318027496,0.698566734790802,0.5160168409347534,-0.032585952430963516,0.664513885974884,0.45993003249168396,-0.0417143888771534,0.6301641464233398,0.44772180914878845,-0.04752340912818909,0.6040788292884827,0.4520508050918579,-0.04981976002454758
C,0.7356522679328918,0.6693546772003174,-2.3722057562736154e-07,0.6807416677474976,0.6652915477752686,-0.004368181340396404,0.6338483095169067,0.6319235563278198,-0.012332597747445107,0.5924304723739624,0.6172441840171814,-0.02537941001355648,0.561707615852356,0.595262885093689,-0.037414126098155975,0.655074417591095,0.5163697600364685,0.0113446693867445,0.6343334913253784,0.45103615522384644,-0.0089188814163208,0.6042146682739258,0.44468796253204346,-0.02642577514052391,0.5807297229766846,0.4578085243701935,-0.035855334252119064,0.667792558670044,0.5059760212898254,0.0004154304333496839,0.6392871141433716,0.4288615584373474,-0.018758952617645264,0.6012420058250427,0.4287227392196655,-0.034205593168735504,0.5764857530593872,0.4511707127094269,-0.0411321297287941,0.6826100945472717,0.5052213072776794,-0.014485800638794899,0.6528933644294739,0.4297819137573242,-0.029292557388544083,0.6122246384620667,0.43164995312690735,-0.04018659517168999,0.5859901905059814,0.45225682854652405,-0.04423435404896736,0.6977823376655579,0.5152503252029419,-0.030807074159383774,0.6636692881584167,0.45922479033470154,-0.04043088108301163,0.6288348436355591,0.4483461380004883,-0.04650045931339264,0.6033733487129211,0.45353108644485474,-0.048861727118492126
C,0.7335363030433655,0.6630659699440002,-1.9554374830477173e-07,0.6782054901123047,0.6633394956588745,-0.006772991735488176,0.6309170722961426,0.6327884793281555,-0.016094816848635674,0.5901346206665039,0.6177575588226318,-0.02991671860218048,0.5600758194923401,0.5934156775474548,-0.04251562058925629,0.655672013759613,0.5187687277793884,0.004710040055215359,0.6351920962333679,0.4502735435962677,-0.017578350380063057,0.6036622524261475,0.44232839345932007,-0.03548821434378624,0.5787423849105835,0.4549613893032074,-0.04498007148504257,0.668523907661438,0.5094786286354065,-0.005395607091486454,0.6414118409156799,0.4316582679748535,-0.027632905170321465,0.6018671989440918,0.4309169054031372,-0.04361603781580925,0.5760507583618164,0.45243099331855774,-0.05042188614606857,0.6833495497703552,0.5089065432548523,-0.019330646842718124,0.6550337076187134,0.43368929624557495,-0.036284226924180984,0.6123870611190796,0.4349011778831482,-0.04749085009098053,0.5839897394180298,0.45440104603767395,-0.05121999606490135,0.6989544034004211,0.5185292959213257,-0.03482042998075485,0.6673679351806641,0.46116766333580017,-0.046517085283994675,0.6315329670906067,0.448070228099823,-0.05357365682721138,0.6041805744171143,0.45184391736984253,-0.05613008514046669
C,0.7371224761009216,0.6661254167556763,-2.1321494614312542e-07,0.6799573302268982,0.6648634076118469,-0.0028596746269613504,0.6329838633537292,0.6332342624664307,-0.010348908603191376,0.5916111469268799,0.6191709041595459,-0.023262394592165947,0.5606318712234497,0.5960671901702881,-0.03536531329154968,0.6554815173149109,0.5184234976768494,0.01273579802364111,0.631217896938324,0.45379599928855896,-0.0070109316147863865,0.6014026403427124,0.44537606835365295,-0.024983583018183708,0.5768393278121948,0.4563259184360504,-0.03512941673398018,0.6685966849327087,0.5080398917198181,0.0007462164503522217,0.6374201774597168,0.43478232622146606,-0.019000593572854996,0.5998443365097046,0.43339741230010986,-0.036009568721055984,0.5739239454269409,0.4541528820991516,-0.04432236775755882,0.683692991733551,0.5069546103477478,-0.014989820308983326,0.6541526913642883,0.4329327642917633,-0.030282698571681976,0.6137017011642456,0.43281829357147217,-0.04214739054441452,0.5856788158416748,0.4516656994819641,-0.04695761948823929,0.6991081237792969,0.5163090825080872,-0.03203579783439636,0.6683040857315063,0.46135470271110535,-0.04277903586626053,0.6349880695343018,0.44683486223220825,-0.05004575848579407,0.6085726022720337,0.44821983575820923,-0.053228072822093964
C,0.736653208732605,0.6676008105278015,-2.086272985479809e-07,0.679462194442749,0.6645435690879822,-0.003694824641570449,0.6329224705696106,0.632399320602417,-0.011670979671180248,0.5920443534851074,0.6187798976898193,-0.02488630637526512,0.5612034201622009,0.5961143374443054,-0.037214312702417374,0.6550828218460083,0.5185657143592834,0.01112376619130373,0.6318626403808594,0.4532772898674011,-0.0092953285202384,0.6015509963035583,0.4451866149902344,-0.0273234061896801,0.5772355794906616,0.4571587145328522,-0.03735927864909172,0.6684635877609253,0.508385956287384,-0.0006623350782319903,0.6388368010520935,0.43311607837677,-0.021162426099181175,0.6008167266845703,0.4322369694709778,-0.0378258191049099,0.5753085613250732,0.45451945066452026,-0.04561450332403183,0.6837472319602966,0.5081376433372498,-0.016288338229060173,0.6549134254455566,0.43399298191070557,-0.031798768788576126,0.6141602396965027,0.43424588441848755,-0.043396901339292526,0.5863409638404846,0.4536057412624359,-0.048001889139413834,0.6991887092590332,0.5185133814811707,-0.03331901505589485,0.6687647104263306,0.46367183327674866,-0.04419451206922531,0.6349689364433289,0.4492611885070801,-0.05154572054743767,0.6082774996757507,0.45035648345947266,-0.05478933826088905
C,0.7371724843978882,0.6681615710258484,-2.2741352267985349e-07,0.6815273761749268,0.6654245853424072,-0.007073231507092714,0.6337682604789734,0.6338496804237366,-0.01665389910340309,0.5925348401069641,0.6191353797912598,-0.030608732253313065,0.561447024345398,0.5971749424934387,-0.04343022033572197,0.6555150151252747,0.5206591486930847,0.0057435245253145695,0.6327065229415894,0.45419639348983765,-0.01606339029967785,0.6022921800613403,0.4478027820587158,-0.03444743901491165,0.5782331824302673,0.4610072374343872,-0.0443192794919014,0.6686089038848877,0.5095805525779724,-0.003785114036872983,0.639359712600708,0.43210870027542114,-0.02451205998659134,0.6013354659080505,0.4312933683395386,-0.04051198437809944,0.5762489438056946,0.4529116451740265,-0.04772496223449707,0.6839367747306824,0.5081815719604492,-0.01723249815404415,0.6543974876403809,0.43245992064476013,-0.03251100704073906,0.6143353581428528,0.4331989884376526,-0.043237295001745224,0.5878641605377197,0.4532875418663025,-0.0471920445561409,0.7001920938491821,0.5174679756164551,-0.0323493666946888,0.6695757508277893,0.4610741138458252,-0.04246661067008972,0.6362811326980591,0.447346031665802,-0.04881291836500168,0.6109495162963867,0.44985246658325195,-0.051273081451654434
C,0.7374826669692993,0.670647144317627,-2.416507527414069e-07,0.6806676983833313,0.6670447587966919,-0.0026734950952231884,0.6333879232406616,0.6340489983558655,-0.009947936981916428,0.5921439528465271,0.6191669702529907,-0.022670907899737358,0.5615828037261963,0.5959267616271973,-0.03467975929379463,0.6552239060401917,0.5184997916221619,0.012718922458589077,0.6336997747421265,0.4524151682853699,-0.006710016168653965,0.6036912798881531,0.4472675919532776,-0.024008451029658318,0.5798216462135315,0.46076664328575134,-0.03345129266381264,0.6688181161880493,0.5077524781227112,0.0010584035189822316,0.6400763988494873,0.4318023920059204,-0.017451079562306404,0.6023737788200378,0.43166583776474,-0.033359915018081665,0.5773620009422302,0.45352694392204285,-0.040891990065574646,0.68436199426651,0.5073785185813904,-0.01437903381884098,0.6548112630844116,0.43299412727355957,-0.028458960354328156,0.6150123476982117,0.433820515871048,-0.03967203572392464,0.588509738445282,0.453458309173584,-0.04422127082943916,0.7003275156021118,0.5175693035125732,-0.031098000705242157,0.6682213544845581,0.4616853594779968,-0.040183015167713165,0.6348844170570374,0.448735773563385,-0.04625042527914047,0.6096948981285095,0.45172515511512756,-0.04879968240857124
C,0.7374826669692993,0.670647144317627,-2.416507527414069e-07,0.6806676983833313,0.6670447587966919,-0.0026734950952231884,0.6333879232406616,0.6340489983558655,-0.009947936981916428,0.5921439528465271,0.6191669702529907,-0.022670907899737358,0.5615828037261963,0.5959267616271973,-0.03467975929379463,0.6552239060401917,0.5184997916221619,0.012718922458589077,0.6336997747421265,0.4524151682853699,-0.006710016168653965,0.6036912798881531,0.4472675919532776,-0.024008451029658318,0.5798216462135315,0.46076664328575134,-0.03345129266381264,0.6688181161880493,0.5077524781227112,0.0010584035189822316,0.6400763988494873,0.4318023920059204,-0.017451079562306404,0.6023737788200378,0.43166583776474,-0.033359915018081665,0.5773620009422302,0.45352694392204285,-0.040891990065574646,0.68436199426651,0.5073785185813904,-0.01437903381884098,0.6548112630844116,0.43299412727355957,-0.028458960354328156,0.6150123476982117,0.433820515871048,-0.03967203572392464,0.588509738445282,0.453458309173584,-0.04422127082943916,0.7003275156021118,0.5175693035125732,-0.031098000705242157,0.6682213544845581,0.4616853594779968,-0.040183015167713165,0.6348844170570374,0.448735773563385,-0.04625042527914047,0.6096948981285095,0.45172515511512756,-0.04879968240857124
C,0.7371810078620911,0.6697188019752502,-2.3371312352082896e-07,0.6807664036750793,0.6653672456741333,-0.006204380188137293,0.6339723467826843,0.6342504620552063,-0.015283451415598392,0.5933444499969482,0.6194186210632324,-0.029151905328035355,0.5623556971549988,0.5964888334274292,-0.042022909969091415,0.6549016833305359,0.5201592445373535,0.008703653700649738,0.6319366097450256,0.4550301730632782,-0.012850250117480755,0.601992666721344,0.4489969313144684,-0.03154844045639038,0.5787721872329712,0.46143341064453125,-0.04182399436831474,0.6677588820457458,0.5090409517288208,-0.0015480881556868553,0.6383658647537231,0.4330630302429199,-0.022537637501955032,0.6009548902511597,0.4327700138092041,-0.039744991809129715,0.5766440629959106,0.4545375406742096,-0.04794376716017723,0.6828053593635559,0.5077719688415527,-0.015805212780833244,0.6542121767997742,0.43285641074180603,-0.03182781860232353,0.6146386861801147,0.4342869520187378,-0.04401858523488045,0.5889830589294434,0.45513245463371277,-0.048874109983444214,0.6991180181503296,0.516647219657898,-0.03160937875509262,0.6688026189804077,0.4603782296180725,-0.042182743549346924,0.6355510354042053,0.4464867115020752,-0.04931854456663132,0.6103230118751526,0.44914206862449646,-0.052415795624256134
C,0.7392745018005371,0.6665322780609131,-2.2077806249853893e-07,0.6818212270736694,0.6661649942398071,0.0013310685753822327,0.6349278092384338,0.6350346207618713,-0.004050589632242918,0.5936245322227478,0.6202574372291565,-0.016149846836924553,0.5617461204528809,0.5968306064605713,-0.027983635663986206,0.6550607681274414,0.519747257232666,0.020168155431747437,0.6310322880744934,0.45706236362457275,0.0034274363424628973,0.6018662452697754,0.44979041814804077,-0.013144277967512608,0.578135073184967,0.4616358280181885,-0.02286396361887455,0.6685234904289246,0.5083170533180237,0.005692299921065569,0.6396110653877258,0.4350467026233673,-0.011014612391591072,0.6026658415794373,0.43205970525741577,-0.027635255828499794,0.5767167806625366,0.4523964524269104,-0.03642682731151581,0.683769941329956,0.5065625905990601,-0.01248914934694767,0.6556780934333801,0.4334243834018707,-0.02548111043870449,0.6160104274749756,0.43198004364967346,-0.03751557692885399,0.5880125164985657,0.4508747160434723,-0.04327598959207535,0.6989032030105591,0.5149251222610474,-0.03181817755103111,0.6674319505691528,0.45918405055999756,-0.040745582431554794,0.6334542036056519,0.44576773047447205,-0.04753509536385536,0.6063200831413269,0.44939082860946655,-0.051161590963602066
C,0.7383913993835449,0.6695165038108826,-2.35880492027718e-07,0.6826918721199036,0.6657464504241943,-0.005682044662535191,0.6353516578674316,0.6340279579162598,-0.01460796408355236,0.5948702096939087,0.6192258596420288,-0.02834644354879856,0.5638650059700012,0.5972351431846619,-0.041098494082689285,0.6567594408988953,0.5195915102958679,0.008627365343272686,0.6339839696884155,0.45429426431655884,-0.01296257134526968,0.603501558303833,0.4481125771999359,-0.03151622787117958,0.5795907974243164,0.46041446924209595,-0.04157658666372299,0.670072078704834,0.5084266066551208,-0.00187502964399755,0.6419287323951721,0.43085357546806335,-0.023007065057754517,0.6041209697723389,0.4292667508125305,-0.03983830660581589,0.578949511051178,0.45046329498291016,-0.04738683998584747,0.685382604598999,0.5072647333145142,-0.01629636622965336,0.6555677652359009,0.4327114522457123,-0.03218948096036911,0.615720272064209,0.43260878324508667,-0.043988507241010666,0.5894966721534729,0.45201268792152405,-0.04835972562432289,0.7018194794654846,0.5165791511535645,-0.03222716599702835,0.6699878573417664,0.46088099479675293,-0.04251847416162491,0.6369043588638306,0.44627639651298523,-0.049263834953308105,0.6120419502258301,0.4474392235279083,-0.05193331837654114
C,0.7363424301147461,0.6639530658721924,-1.959308377763591e-07,0.6821128129959106,0.6639395356178284,-0.009365691803395748,0.6340867280960083,0.6337217092514038,-0.019397011026740074,0.5934300422668457,0.6180559992790222,-0.0329526849091053,0.5633645057678223,0.5947032570838928,-0.04530671611428261,0.6559401750564575,0.5198736786842346,0.002869507297873497,0.635145366191864,0.45297276973724365,-0.018748033791780472,0.6058409214019775,0.444955050945282,-0.03663048893213272,0.5828160047531128,0.45646172761917114,-0.046047598123550415,0.6696904897689819,0.5090732574462891,-0.0045041609555482864,0.6427156925201416,0.4327709972858429,-0.026005292311310768,0.605350911617279,0.4309113621711731,-0.04189556464552879,0.5799503922462463,0.4509088695049286,-0.04840581864118576,0.6858875751495361,0.5081034302711487,-0.015724435448646545,0.6578740477561951,0.43512460589408875,-0.03214507922530174,0.6194774508476257,0.4354344308376312,-0.04279901832342148,0.5929648876190186,0.453297883272171,-0.045950502157211304,0.7040396928787231,0.5178582072257996,-0.02854311652481556,0.6744035482406616,0.4641200006008148,-0.03946823999285698,0.6438376903533936,0.45116713643074036,-0.04568670317530632,0.6200412511825562,0.45217400789260864,-0.047505933791399
C,0.7390990257263184,0.6666830778121948,-2.0634513475670246e-07,0.6838242411613464,0.665330171585083,-0.010032236576080322,0.6349993348121643,0.6352023482322693,-0.020389998331665993,0.5947121381759644,0.6188591718673706,-0.03440193831920624,0.5648018717765808,0.5952465534210205,-0.04707770422101021,0.6564451456069946,0.5203627347946167,0.0029790615662932396,0.634309709072113,0.45493191480636597,-0.0192731861025095,0.6049671173095703,0.447506308555603,-0.038259319961071014,0.5814639329910278,0.45838290452957153,-0.04868492856621742,0.6698497533798218,0.5087435841560364,-0.004728865809738636,0.6427922248840332,0.43216797709465027,-0.02659502625465393,0.6052930951118469,0.4297107458114624,-0.04335764795541763,0.5800765752792358,0.44898223876953125,-0.05091104656457901,0.6858039498329163,0.5073946714401245,-0.016460346058011055,0.6587022542953491,0.4339313507080078,-0.03301659971475601,0.6194630265235901,0.43318167328834534,-0.044865209609270096,0.5928879976272583,0.451313853263855,-0.04922618344426155,0.7037917375564575,0.5172100067138672,-0.030001573264598846,0.6749770045280457,0.4620617628097534,-0.041468922048807144,0.6424682140350342,0.4477078914642334,-0.0488484725356102,0.6171160340309143,0.4489721953868866,-0.051768187433481216
C,0.7397475838661194,0.6648778915405273,-1.9330911982251564e-07,0.6826345920562744,0.6650224924087524,-0.005313580855727196,0.6345182657241821,0.6344639658927917,-0.014020702801644802,0.593641459941864,0.6194759607315063,-0.0274971816688776,0.5629934668540955,0.5961601734161377,-0.03993384167551994,0.6572110652923584,0.5184827446937561,0.008514119312167168,0.6364141702651978,0.45195138454437256,-0.012301657348871231,0.607059121131897,0.4434340298175812,-0.030758623033761978,0.5825905203819275,0.4547261595726013,-0.04095844924449921,0.6707059741020203,0.508619487285614,-0.001920150825753808,0.6453371047973633,0.4330451190471649,-0.02257932350039482,0.6068403720855713,0.43009158968925476,-0.03937651216983795,0.5800077319145203,0.44967812299728394,-0.04722360149025917,0.6866090297698975,0.508432149887085,-0.016136890277266502,0.6602451801300049,0.43546101450920105,-0.03147434815764427,0.6194360852241516,0.43504348397254944,-0.042894747108221054,0.5912299156188965,0.4528905153274536,-0.04730831831693649,0.7036023139953613,0.5188431739807129,-0.03187208250164986,0.6744145750999451,0.4635821580886841,-0.041967738419771194,0.6403976082801819,0.45009827613830566,-0.048578985035419464,0.6135913133621216,0.451774001121521,-0.051290348172187805
C,0.7412394285202026,0.6645399332046509,-2.194014570022773e-07,0.6809813380241394,0.6651976704597473,0.0042142681777477264,0.6339085698127747,0.6351099610328674,-0.0003599087940528989,0.5938712358474731,0.6207107901573181,-0.012198017910122871,0.5629684329032898,0.5960608720779419,-0.024175694212317467,0.6560588479042053,0.5187489986419678,0.021200308576226234,0.6326731443405151,0.4536842703819275,0.004596763756126165,0.6031385064125061,0.44584476947784424,-0.012142973951995373,0.5788121223449707,0.4576159119606018,-0.022195124998688698,0.6705316305160522,0.5078768730163574,0.004838042892515659,0.6418137550354004,0.4341224431991577,-0.01274840347468853,0.6037007570266724,0.43198710680007935,-0.03017416223883629,0.5776820778846741,0.4532187581062317,-0.0395776592195034,0.6865874528884888,0.5072032809257507,-0.01491913665086031,0.6592103838920593,0.4335223436355591,-0.02856520749628544,0.6184563040733337,0.43257471919059753,-0.041345030069351196,0.5902570486068726,0.4518335461616516,-0.047758445143699646,0.7028325200080872,0.5168582201004028,-0.035528071224689484,0.6724082827568054,0.4608132243156433,-0.04556562379002571,0.6375288367271423,0.4477907419204712,-0.05330546945333481,0.6097183227539062,0.4506021738052368,-0.05765989050269127
C,0.7393500804901123,0.664109468460083,-1.980242245736008e-07,0.6831691861152649,0.664793848991394,-0.005674237851053476,0.634796142578125,0.6335784196853638,-0.014589388854801655,0.5941519737243652,0.6187170147895813,-0.027984723448753357,0.5641198754310608,0.5942789316177368,-0.04042850434780121,0.6574042439460754,0.5187665820121765,0.0060259075835347176,0.6352343559265137,0.45133572816848755,-0.0154124079272151,0.6047777533531189,0.4433867633342743,-0.0340263694524765,0.5795220732688904,0.4560158848762512,-0.04436428099870682,0.6718039512634277,0.5094380378723145,-0.004525903612375259,0.644527018070221,0.4327999949455261,-0.026085294783115387,0.6064737439155579,0.4310239851474762,-0.04314392805099487,0.5801939964294434,0.45244520902633667,-0.05113480985164642,0.6883994340896606,0.509600818157196,-0.018725233152508736,0.6609567999839783,0.4352801442146301,-0.034494321793317795,0.6202678680419922,0.4342988431453705,-0.04632684215903282,0.5917348265647888,0.45251357555389404,-0.051154084503650665,0.7057863473892212,0.5202884078025818,-0.03440793603658676,0.6755174994468689,0.46464452147483826,-0.04560980200767517,0.6408910751342773,0.4497665464878082,-0.05322343483567238,0.6130938529968262,0.45086103677749634,-0.05662776157259941
C,0.7404161095619202,0.6672045588493347,-2.1174528797018866e-07,0.6828533411026001,0.664506733417511,-0.004885177593678236,0.6344747543334961,0.6326324939727783,-0.013639149256050587,0.5933484435081482,0.6183165311813354,-0.02742757648229599,0.562897801399231,0.5949630737304688,-0.04034753143787384,0.6572957038879395,0.5180856585502625,0.008324701339006424,0.6362236738204956,0.45094937086105347,-0.013504196889698505,0.6063874363899231,0.44370487332344055,-0.03258303925395012,0.5812739133834839,0.456405371427536,-0.04323766380548477,0.671440601348877,0.5078654289245605,-0.003113619051873684,0.6447640657424927,0.4303607940673828,-0.02538326010107994,0.606107771396637,0.4290914535522461,-0.0430791862308979,0.5791183114051819,0.45116373896598816,-0.051327504217624664,0.687934398651123,0.5078417658805847,-0.018400315195322037,0.6601031422615051,0.4337352514266968,-0.03518763184547424,0.6189119219779968,0.43417105078697205,-0.04771510884165764,0.5903381109237671,0.4537549614906311,-0.052717167884111404,0.7051672339439392,0.5183842778205872,-0.03511644899845123,0.674573540687561,0.46324622631073,-0.04674039036035538,0.6399112939834595,0.44958755373954773,-0.054488372057676315,0.6125133633613586,0.45149338245391846,-0.057932380586862564
C,0.7402671575546265,0.665278434753418,-2.1586338050383347e-07,0.6828088164329529,0.6649411916732788,-0.003925964701920748,0.6346461772918701,0.6332364678382874,-0.012365667149424553,0.5936441421508789,0.6182688474655151,-0.026026098057627678,0.5635318756103516,0.5937393307685852,-0.03885377198457718,0.657007098197937,0.517982542514801,0.009001142345368862,0.6343265771865845,0.4505673944950104,-0.012333029881119728,0.6041148900985718,0.4434792101383209,-0.030764402821660042,0.5800461173057556,0.4567395746707916,-0.04104216769337654,0.671720564365387,0.5077719688415527,-0.0032288511283695698,0.6435528993606567,0.4303826689720154,-0.024880727753043175,0.6044917702674866,0.43009185791015625,-0.04172024130821228,0.5786808729171753,0.45256584882736206,-0.04950278624892235,0.6883008480072021,0.5078418254852295,-0.019287148490548134,0.6600497961044312,0.433154433965683,-0.035702504217624664,0.6178752183914185,0.4340636432170868,-0.047466665506362915,0.5898334383964539,0.45381903648376465,-0.05207585170865059,0.7049412131309509,0.5187392830848694,-0.03675943613052368,0.6737043261528015,0.4627823233604431,-0.04844977706670761,0.6379173398017883,0.4490892291069031,-0.05613870173692703,0.6106610298156738,0.45100176334381104,-0.05958724021911621
C,0.7402671575546265,0.665278434753418,-2.1586338050383347e-07,0.6828088164329529,0.6649411916732788,-0.003925964701920748,0.6346461772918701,0.6332364678382874,-0.012365667149424553,0.5936441421508789,0.6182688474655151,-0.026026098057627678,0.5635318756103516,0.5937393307685852,-0.03885377198457718,0.657007098197937,0.517982542514801,0.009001142345368862,0.6343265771865845,0.4505673944950104,-0.012333029881119728,0.6041148900985718,0.4434792101383209,-0.030764402821660042,0.5800461173057556,0.4567395746707916,-0.04104216769337654,0.671720564365387,0.5077719688415527,-0.0032288511283695698,0.6435528993606567,0.4303826689720154,-0.024880727753043175,0.6044917702674866,0.43009185791015625,-0.04172024130821228,0.5786808729171753,0.45256584882736206,-0.04950278624892235,0.6883008480072021,0.5078418254852295,-0.019287148490548134,0.6600497961044312,0.433154433965683,-0.035702504217624664,0.6178752183914185,0.4340636432170868,-0.047466665506362915,0.5898334383964539,0.45381903648376465,-0.05207585170865059,0.7049412131309509,0.5187392830848694,-0.03675943613052368,0.6737043261528015,0.4627823233604431,-0.04844977706670761,0.6379173398017883,0.4490892291069031,-0.05613870173692703,0.6106610298156738,0.45100176334381104,-0.05958724021911621
C,0.7368752360343933,0.6670194864273071,-2.3270276017228753e-07,0.6822484731674194,0.6644560098648071,-0.00702789006754756,0.6344480514526367,0.6334359645843506,-0.01656622625887394,0.5939322710037231,0.6182727217674255,-0.030745046213269234,0.563315212726593,0.5953327417373657,-0.04363561049103737,0.656564474105835,0.5179397463798523,0.006593671161681414,0.6357295513153076,0.4506949782371521,-0.01565025933086872,0.6053340435028076,0.4459981620311737,-0.03395388275384903,0.5816311836242676,0.46031519770622253,-0.04359588399529457,0.6698192358016968,0.5073822736740112,-0.003323400393128395,0.6433946490287781,0.4286373257637024,-0.024585450068116188,0.6044082641601562,0.42881539463996887,-0.0400870218873024,0.5790789723396301,0.45048871636390686,-0.04654920473694801,0.6854166388511658,0.5062539577484131,-0.01737412065267563,0.6564893126487732,0.43181121349334717,-0.03348369151353836,0.6152558326721191,0.4339696764945984,-0.04410041496157646,0.5887786149978638,0.4539351165294647,-0.04755200445652008,0.7022465467453003,0.5155576467514038,-0.0331147201359272,0.6707115173339844,0.45844680070877075,-0.04340368136763573,0.6355760097503662,0.44835877418518066,-0.04925627261400223,0.6095108985900879,0.45450693368911743,-0.05121694877743721
C,0.7384097576141357,0.6679373383522034,-2.074301050924987e-07,0.6830300688743591,0.6654223799705505,-0.006029416806995869,0.6353833079338074,0.6343739032745361,-0.015424955636262894,0.5944843888282776,0.6190282106399536,-0.029453249648213387,0.5638576149940491,0.5955334305763245,-0.042383547872304916,0.6559898853302002,0.5215764045715332,0.007254335097968578,0.6348607540130615,0.4534975290298462,-0.014597773551940918,0.605607271194458,0.4462023675441742,-0.03309940546751022,0.5821008682250977,0.4589286148548126,-0.04290911555290222,0.6698958277702332,0.5103687644004822,-0.002899169921875,0.6429103016853333,0.4326549172401428,-0.024133751168847084,0.6054913401603699,0.42988958954811096,-0.040645744651556015,0.5798017978668213,0.45068359375,-0.04791620746254921,0.6861105561256409,0.5090685486793518,-0.016937430948019028,0.6573726534843445,0.4347309470176697,-0.03261563926935196,0.6183524131774902,0.43400442600250244,-0.043522514402866364,0.591929018497467,0.4527873992919922,-0.04728251323103905,0.7036508321762085,0.518333911895752,-0.032515089958906174,0.6735239624977112,0.46246951818466187,-0.042605508118867874,0.6414997577667236,0.44726458191871643,-0.0487535335123539,0.6168100237846375,0.4479111433029175,-0.0509122870862484
C,0.7349259853363037,0.6617058515548706,-2.0432788971902482e-07,0.6826654672622681,0.662668764591217,-0.009409051388502121,0.6350828409194946,0.633240818977356,-0.02014450542628765,0.5942919254302979,0.6169387102127075,-0.03438474237918854,0.5630708336830139,0.5937288403511047,-0.04744121432304382,0.6556743383407593,0.5189417004585266,0.0015411734348163009,0.6345298886299133,0.4519888758659363,-0.021310778334736824,0.6049343943595886,0.44541648030281067,-0.04022587463259697,0.580758273601532,0.45908185839653015,-0.05008869990706444,0.6692108511924744,0.5083616971969604,-0.006125607993453741,0.6433817148208618,0.432439386844635,-0.027970464900135994,0.6068588495254517,0.42932918667793274,-0.044398922473192215,0.5808030962944031,0.44916850328445435,-0.051529660820961,0.6849397420883179,0.5072705745697021,-0.01762090064585209,0.657707691192627,0.4337652921676636,-0.03395264968276024,0.6199869513511658,0.43151426315307617,-0.04511627182364464,0.5927154421806335,0.4478318691253662,-0.0489400178194046,0.7024222612380981,0.5166954398155212,-0.03072253428399563,0.6723535060882568,0.4616568088531494,-0.041549939662218094,0.6410589218139648,0.4465729594230652,-0.04806142300367355,0.6156272888183594,0.44624683260917664,-0.050295140594244
C,0.7386963367462158,0.6633026003837585,-2.1153245199911908e-07,0.6815210580825806,0.6619516611099243,-0.0019714361988008022,0.6345925331115723,0.6316506862640381,-0.009901054203510284,0.593575119972229,0.6168152093887329,-0.023545973002910614,0.5625869035720825,0.5925027132034302,-0.03664373233914375,0.6564781069755554,0.5183645486831665,0.011925501748919487,0.6345452070236206,0.4516785740852356,-0.007991587743163109,0.6053077578544617,0.44360804557800293,-0.02608078345656395,0.5815702676773071,0.45551225543022156,-0.03639154136180878,0.670742392539978,0.5079182386398315,-0.0009782913839444518,0.641675591468811,0.4332578480243683,-0.021093027666211128,0.6040924191474915,0.43131324648857117,-0.038588594645261765,0.5786038637161255,0.4525509476661682,-0.047427576035261154,0.6866794228553772,0.5069736838340759,-0.017489051446318626,0.657696008682251,0.4339621067047119,-0.032417118549346924,0.6175718307495117,0.4335341453552246,-0.044614601880311966,0.5900289416313171,0.45258021354675293,-0.05013897269964218,0.7031370401382446,0.5161886811256409,-0.03527209162712097,0.6718899011611938,0.4623211920261383,-0.045731477439403534,0.6381937861442566,0.44744154810905457,-0.053317923098802567,0.611640989780426,0.44787538051605225,-0.05712742730975151
C,0.737733006477356,0.6645792722702026,-1.959061535217188e-07,0.6822561621665955,0.6631119251251221,-0.004994937684386969,0.6348499059677124,0.6325583457946777,-0.014125720597803593,0.5936047434806824,0.6183633804321289,-0.028084615245461464,0.5628570914268494,0.5943878293037415,-0.04117581993341446,0.656718909740448,0.5184230804443359,0.007985692471265793,0.6343076229095459,0.4505435824394226,-0.013094749301671982,0.605470597743988,0.4419471323490143,-0.03136895224452019,0.5819975733757019,0.45375925302505493,-0.04123753309249878,0.67094886302948,0.5081784129142761,-0.0029206436593085527,0.6428585648536682,0.43171074986457825,-0.02408595010638237,0.605634868144989,0.428524911403656,-0.04125852882862091,0.579740583896637,0.449534147977829,-0.04906858503818512,0.6868323087692261,0.5077504515647888,-0.017539888620376587,0.6578306555747986,0.4355362355709076,-0.03307535871863365,0.6188574433326721,0.43391573429107666,-0.04497792199254036,0.5916136503219604,0.45143887400627136,-0.049579884856939316,0.7033825516700745,0.5175515413284302,-0.03357532247900963,0.6732583045959473,0.4632377624511719,-0.04389846324920654,0.6412152051925659,0.4467180669307709,-0.05091499164700508,0.6154672503471375,0.44543346762657166,-0.05381105840206146
C,0.7367588877677917,0.667559027671814,-1.91901079915624e-07,0.6837849617004395,0.6643454432487488,-0.009183752350509167,0.6370294094085693,0.6348298788070679,-0.0198855921626091,0.5957375764846802,0.6198939681053162,-0.03448266535997391,0.5644105076789856,0.5978761911392212,-0.04785824194550514,0.6566728353500366,0.5225322246551514,0.004146490711718798,0.634759247303009,0.4568898677825928,-0.017717216163873672,0.6058650016784668,0.4483254551887512,-0.03609614446759224,0.5835249423980713,0.4589899480342865,-0.045933980494737625,0.6692763566970825,0.5115938186645508,-0.0040526194497942924,0.6423041224479675,0.435261994600296,-0.025494586676359177,0.6051688194274902,0.43226683139801025,-0.04179615527391434,0.5801130533218384,0.45162928104400635,-0.04894891381263733,0.6844794750213623,0.510223388671875,-0.01626410521566868,0.6577455401420593,0.43613433837890625,-0.032521553337574005,0.6190401315689087,0.43538185954093933,-0.04369174316525459,0.5930160284042358,0.45389994978904724,-0.047468848526477814,0.7013362646102905,0.5192323327064514,-0.030205432325601578,0.6723145842552185,0.46349963545799255,-0.04090823605656624,0.6404978036880493,0.44820016622543335,-0.0476214699447155,0.6161156892776489,0.4483276605606079,-0.05007384344935417
C,0.7369515895843506,0.6649966239929199,-2.00987358311977e-07,0.6819443106651306,0.6643921136856079,-0.006848390679806471,0.6348258852958679,0.6350097060203552,-0.016638610512018204,0.593448281288147,0.6196916103363037,-0.030850566923618317,0.5626268982887268,0.5960459113121033,-0.04402242973446846,0.6562379002571106,0.5212443470954895,0.0063610863871872425,0.6326704025268555,0.45535433292388916,-0.014969824813306332,0.6030312776565552,0.44758251309394836,-0.03346611559391022,0.5796661376953125,0.459257572889328,-0.043787334114313126,0.6698926091194153,0.510780930519104,-0.0035533462651073933,0.6406430006027222,0.4355151057243347,-0.024726318195462227,0.6030901074409485,0.43428558111190796,-0.04158896207809448,0.5779930353164673,0.45503318309783936,-0.049615323543548584,0.6855723261833191,0.5100967884063721,-0.017341939732432365,0.657465398311615,0.43592536449432373,-0.033294279128313065,0.6173275709152222,0.43584492802619934,-0.04502807930111885,0.5900384783744812,0.4542238116264343,-0.04981139674782753,0.7018108367919922,0.5199815630912781,-0.032705191522836685,0.6710832118988037,0.46598386764526367,-0.04402170702815056,0.6376355290412903,0.45182496309280396,-0.05168100446462631,0.6116816401481628,0.45227521657943726,-0.055165860801935196
C,0.7356926798820496,0.6674869060516357,-2.4277423449348134e-07,0.6820399165153503,0.6664002537727356,-0.008575484156608582,0.6342328190803528,0.6359379887580872,-0.01903044991195202,0.5939568281173706,0.6185868382453918,-0.0334533266723156,0.5629761219024658,0.596086323261261,-0.0466729961335659,0.654041051864624,0.5204716324806213,0.0022571422159671783,0.6318215131759644,0.4513150453567505,-0.02076154202222824,0.6021641492843628,0.44844850897789,-0.039479270577430725,0.5803170204162598,0.46457624435424805,-0.04925472289323807,0.6681995391845703,0.5099176168441772,-0.006087234243750572,0.6403009295463562,0.43146151304244995,-0.02826542593538761,0.6030377149581909,0.43238386511802673,-0.04436958208680153,0.5797997713088989,0.45523545145988464,-0.05111692100763321,0.6843481063842773,0.5090246200561523,-0.018269626423716545,0.6558499336242676,0.43477821350097656,-0.034522924572229385,0.6175947785377502,0.435995489358902,-0.04533001407980919,0.5926824808120728,0.4557904303073883,-0.04887291416525841,0.7025112509727478,0.5188448429107666,-0.03209894150495529,0.6734875440597534,0.4639583230018616,-0.04236234351992607,0.6424674987792969,0.44914311170578003,-0.04866417124867439,0.6184220910072327,0.44953441619873047,-0.05085068941116333
C,0.7385368943214417,0.6730005741119385,-2.3468093957035308e-07,0.6843270659446716,0.6684049367904663,-0.009204220026731491,0.6355172991752625,0.6366040706634521,-0.019481642171740532,0.5946251153945923,0.620046854019165,-0.033736906945705414,0.5636935830116272,0.597364068031311,-0.046640943735837936,0.6566270589828491,0.5222338438034058,0.004153761547058821,0.6340081691741943,0.4559882879257202,-0.01842336170375347,0.6038579940795898,0.449348121881485,-0.03729506954550743,0.5806701183319092,0.46189481019973755,-0.04741034656763077,0.6698521971702576,0.5110601782798767,-0.004349915310740471,0.6421529054641724,0.43209025263786316,-0.02625120058655739,0.6043450832366943,0.4309529662132263,-0.042235661298036575,0.5796110033988953,0.4533671736717224,-0.04892713949084282,0.6853316426277161,0.5100992918014526,-0.01700969599187374,0.6556158065795898,0.43632903695106506,-0.033486079424619675,0.615849494934082,0.43709588050842285,-0.044504594057798386,0.5901830792427063,0.4569222927093506,-0.04816916212439537,0.7025584578514099,0.5202487111091614,-0.03149974346160889,0.6717331409454346,0.46420127153396606,-0.0422401949763298,0.6381083130836487,0.4509546160697937,-0.04878193885087967,0.6126747131347656,0.4536345303058624,-0.051217060536146164
C,0.7364994287490845,0.6688150763511658,-2.1657967863575323e-07,0.6819571852684021,0.6660599112510681,-0.008040213957428932,0.6338979601860046,0.6345059871673584,-0.017369529232382774,0.5937771201133728,0.6176005601882935,-0.030708499252796173,0.564172625541687,0.5940251350402832,-0.04283470660448074,0.6562815308570862,0.5209317207336426,0.0052970293909311295,0.6354730129241943,0.45531609654426575,-0.01605173945426941,0.6066551208496094,0.4472343325614929,-0.034590162336826324,0.5831465721130371,0.45881927013397217,-0.0446954146027565,0.6695014238357544,0.5099135041236877,-0.00309825805015862,0.6422408819198608,0.43433892726898193,-0.02343682572245598,0.6051453351974487,0.4317617416381836,-0.03959003463387489,0.5797119140625,0.4519259035587311,-0.04703131318092346,0.685046911239624,0.508577823638916,-0.015383539721369743,0.6568518877029419,0.43506643176078796,-0.030520113185048103,0.6176763772964478,0.43529847264289856,-0.041412584483623505,0.5912697315216064,0.45462051033973694,-0.045417290180921555,0.701755702495575,0.5184769630432129,-0.0293644517660141,0.6713595986366272,0.4633278250694275,-0.03944827616214752,0.6383321285247803,0.4490097165107727,-0.04584980383515358,0.612640917301178,0.4505237340927124,-0.04830123111605644
C,0.7364994287490845,0.6688150763511658,-2.1657967863575323e-07,0.6819571852684021,0.6660599112510681,-0.008040213957428932,0.6338979601860046,0.6345059871673584,-0.017369529232382774,0.5937771201133728,0.6176005601882935,-0.030708499252796173,0.564172625541687,0.5940251350402832,-0.04283470660448074,0.6562815308570862,0.5209317207336426,0.0052970293909311295,0.6354730129241943,0.45531609654426575,-0.01605173945426941,0.6066551208496094,0.4472343325614929,-0.034590162336826324,0.5831465721130371,0.45881927013397217,-0.0446954146027565,0.6695014238357544,0.5099135041236877,-0.00309825805015862,0.6422408819198608,0.43433892726898193,-0.02343682572245598,0.6051453351974487,0.4317617416381836,-0.03959003463387489,0.5797119140625,0.4519259035587311,-0.04703131318092346,0.685046911239624,0.508577823638916,-0.015383539721369743,0.6568518877029419,0.43506643176078796,-0.030520113185048103,0.6176763772964478,0.43529847264289856,-0.041412584483623505,0.5912697315216064,0.45462051033973694,-0.045417290180921555,0.701755702495575,0.5184769630432129,-0.0293644517660141,0.6713595986366272,0.4633278250694275,-0.03944827616214752,0.6383321285247803,0.4490097165107727,-0.04584980383515358,0.612640917301178,0.4505237340927124,-0.04830123111605644
C,0.7387511134147644,0.6693817377090454,-2.0593954275227588e-07,0.682548999786377,0.6661481857299805,-0.005459647625684738,0.6344150900840759,0.6340361833572388,-0.014430220238864422,0.5933369994163513,0.6185182332992554,-0.028184397146105766,0.5625602006912231,0.5947083830833435,-0.040816619992256165,0.655827522277832,0.5195886492729187,0.008566216565668583,0.6354475021362305,0.453275591135025,-0.012678101658821106,0.6058394312858582,0.4469265341758728,-0.03100709617137909,0.5817394852638245,0.45992153882980347,-0.04094227775931358,0.6698755621910095,0.5094292759895325,-0.001922799739986658,0.6435132026672363,0.43247637152671814,-0.022448860108852386,0.6057751774787903,0.4303683638572693,-0.03850289806723595,0.5796924233436584,0.4508762061595917,-0.04567889869213104,0.6860881447792053,0.5094528794288635,-0.016340583562850952,0.6580114364624023,0.4352250099182129,-0.03173942491412163,0.6178350448608398,0.43494874238967896,-0.04257907345890999,0.5903965830802917,0.45353129506111145,-0.046450041234493256,0.7031644582748413,0.520064651966095,-0.032287340611219406,0.6721486449241638,0.46458011865615845,-0.04256293177604675,0.63837069272995,0.4511956572532654,-0.048935648053884506,0.6122379302978516,0.4535631239414215,-0.051320988684892654
C,0.7362550497055054,0.6661220788955688,-2.1201550737259822e-07,0.682925820350647,0.6672307252883911,-0.008942672051489353,0.6338330507278442,0.6355969905853271,-0.018451757729053497,0.592848539352417,0.6186097264289856,-0.0316670760512352,0.5624618530273438,0.5947589874267578,-0.04341400787234306,0.6548494696617126,0.5202664136886597,0.004651354160159826,0.6342157125473022,0.45558691024780273,-0.01722259819507599,0.6042486429214478,0.44820156693458557,-0.03583789989352226,0.5791952013969421,0.4604250192642212,-0.04581904783844948,0.6681682467460632,0.5095440745353699,-0.0032946146093308926,0.641942024230957,0.434579074382782,-0.023990081623196602,0.604082465171814,0.43244749307632446,-0.03983066603541374,0.5776762962341309,0.4524849057197571,-0.04689473658800125,0.6836748719215393,0.507931113243103,-0.015275661833584309,0.6562656164169312,0.43464863300323486,-0.030903693288564682,0.616148829460144,0.4347193241119385,-0.04166509956121445,0.5883385539054871,0.453197717666626,-0.04537663981318474,0.7002239227294922,0.5175067186355591,-0.02901492640376091,0.6704230308532715,0.46131736040115356,-0.03934590518474579,0.6368608474731445,0.44765138626098633,-0.0457163006067276,0.6101850271224976,0.45041003823280334,-0.048013586550951004
C,0.7369049191474915,0.6655420064926147,-2.1245085690679844e-07,0.6833265423774719,0.6651954650878906,-0.008804373443126678,0.6353625655174255,0.6343732476234436,-0.018975669518113136,0.5943675637245178,0.6186607480049133,-0.0329839363694191,0.5631680488586426,0.5964659452438354,-0.04571767896413803,0.655173659324646,0.5191348791122437,0.0038887651171535254,0.633928120136261,0.4534614682197571,-0.018022632226347923,0.6047577261924744,0.44716113805770874,-0.03640490025281906,0.5816017389297485,0.4603489339351654,-0.046203624457120895,0.6686862111091614,0.5088613629341125,-0.004348002374172211,0.6420628428459167,0.43314629793167114,-0.025378091260790825,0.6045759320259094,0.4321278929710388,-0.041214052587747574,0.5790822505950928,0.45274674892425537,-0.048056893050670624,0.6845531463623047,0.5080676674842834,-0.016520187258720398,0.6566585898399353,0.4343336224555969,-0.03235558792948723,0.617380678653717,0.4350516200065613,-0.042967431247234344,0.5907773971557617,0.45400339365005493,-0.046451497822999954,0.701702356338501,0.5182132720947266,-0.030390145257115364,0.6710612177848816,0.4626503586769104,-0.04054787755012512,0.6382396221160889,0.44936564564704895,-0.046597547829151154,0.6129149198532104,0.4517523944377899,-0.04864726960659027
C,0.7373074293136597,0.6648043394088745,-2.0694946556432114e-07,0.6814467906951904,0.665413498878479,-0.00604685815051198,0.6338038444519043,0.6348477602005005,-0.015155724249780178,0.5927190780639648,0.6187137365341187,-0.02903611771762371,0.5619724988937378,0.5943928956985474,-0.041926946491003036,0.6547340154647827,0.5194357633590698,0.007901648990809917,0.6333407163619995,0.4539182186126709,-0.013021801598370075,0.604212760925293,0.4472375810146332,-0.03117310255765915,0.5801231861114502,0.459862619638443,-0.041142355650663376,0.6684964299201965,0.508588969707489,-0.0024551786482334137,0.6427041888237,0.4322015941143036,-0.023001868277788162,0.6048156023025513,0.43009045720100403,-0.0395255945622921,0.5782308578491211,0.45047563314437866,-0.04717973247170448,0.6840981841087341,0.5075463056564331,-0.016704289242625237,0.6569649577140808,0.4341455101966858,-0.03232155367732048,0.6162168383598328,0.4341702163219452,-0.044177573174238205,0.5879531502723694,0.45293742418289185,-0.04885837808251381,0.7000942826271057,0.5173097848892212,-0.032490916550159454,0.6694846749305725,0.46164628863334656,-0.042820338159799576,0.6352136135101318,0.44815313816070557,-0.04977768659591675,0.6082017421722412,0.4508707523345947,-0.0528460256755352
C,0.7358090281486511,0.6641262173652649,-1.9043038435029302e-07,0.6825743317604065,0.6637939214706421,-0.009217284619808197,0.6343107223510742,0.6334592700004578,-0.019346589222550392,0.592894434928894,0.617360532283783,-0.03335358202457428,0.562110185623169,0.5933046936988831,-0.046067673712968826,0.6558437347412109,0.5187325477600098,0.004927313420921564,0.6340423822402954,0.4533454179763794,-0.016435842961072922,0.6059036254882812,0.444700688123703,-0.03480382263660431,0.5828539133071899,0.4561646282672882,-0.044759735465049744,0.669688880443573,0.5084758400917053,-0.0032109105959534645,0.642700731754303,0.43371912837028503,-0.023856690153479576,0.605793833732605,0.43041181564331055,-0.04027080163359642,0.5796381235122681,0.45007947087287903,-0.04784473404288292,0.6856924295425415,0.5076674222946167,-0.015408042818307877,0.657304048538208,0.43615221977233887,-0.031226567924022675,0.6172708868980408,0.4358524978160858,-0.04279058799147606,0.5895593166351318,0.4542335569858551,-0.04720137640833855,0.7023506760597229,0.5177444219589233,-0.029347974807024002,0.6709621548652649,0.46324422955513,-0.04033574089407921,0.6365852355957031,0.4495249390602112,-0.047457050532102585,0.6096229553222656,0.45148611068725586,-0.05039377883076668
C,0.7366258502006531,0.664363443851471,-2.273188357548861e-07,0.6807292103767395,0.66238933801651,-0.005011615343391895,0.6339470744132996,0.6308338046073914,-0.01356901228427887,0.5931516885757446,0.6151999831199646,-0.027074337005615234,0.5625207424163818,0.5925621390342712,-0.03953128308057785,0.6546253561973572,0.516797661781311,0.009267079643905163,0.6335053443908691,0.45122388005256653,-0.01156996376812458,0.6038618087768555,0.44618985056877136,-0.029647406190633774,0.5797602534294128,0.46042582392692566,-0.039493709802627563,0.668083667755127,0.5063096284866333,-0.001339970389381051,0.6406523585319519,0.43103063106536865,-0.021106841042637825,0.6029998660087585,0.43021491169929504,-0.037132684141397476,0.5773952603340149,0.45139944553375244,-0.04472608491778374,0.6838558912277222,0.5051524043083191,-0.015872156247496605,0.6559900045394897,0.4305979609489441,-0.030876344069838524,0.6155310273170471,0.4314751625061035,-0.04192215949296951,0.5881178379058838,0.451670378446579,-0.04627155885100365,0.7003127932548523,0.5140084624290466,-0.03190339729189873,0.6694281101226807,0.4587612748146057,-0.041994575411081314,0.6347501277923584,0.44695743918418884,-0.04855717346072197,0.6079069375991821,0.45188307762145996,-0.051335982978343964
C,0.7362707257270813,0.6684330701828003,-2.392039846199623e-07,0.6802515387535095,0.6638680696487427,-0.005403460003435612,0.6332828998565674,0.6319988965988159,-0.013646180741488934,0.5934210419654846,0.615988552570343,-0.026844507083296776,0.5636279582977295,0.5917734503746033,-0.03905336186289787,0.6542080640792847,0.5193580389022827,0.0099332919344306,0.6321154832839966,0.4546162784099579,-0.010806825943291187,0.6027283668518066,0.4481022357940674,-0.028699709102511406,0.579969048500061,0.46039143204689026,-0.03847593441605568,0.6675474047660828,0.5078833103179932,-0.0004778110596816987,0.6401271224021912,0.43144822120666504,-0.02049529366195202,0.6025799512863159,0.43050509691238403,-0.036519285291433334,0.5780178904533386,0.4514099061489105,-0.043892402201890945,0.6832346320152283,0.5062615871429443,-0.014909377321600914,0.6545893549919128,0.4323083758354187,-0.03029852919280529,0.6148808002471924,0.4341825246810913,-0.04151330888271332,0.589411735534668,0.45521417260169983,-0.04574071243405342,0.7000501751899719,0.5150354504585266,-0.03089575469493866,0.6693941354751587,0.45873236656188965,-0.04097174108028412,0.6353558301925659,0.4461430013179779,-0.04741053283214569,0.6097641587257385,0.44991183280944824,-0.050121452659368515
C,0.7385680079460144,0.6626546382904053,-2.173285338358255e-07,0.6794198155403137,0.6625794172286987,-0.0006744131678715348,0.6319953799247742,0.6316450834274292,-0.006867497693747282,0.5925962328910828,0.6163635849952698,-0.018932348117232323,0.5626679062843323,0.5924959182739258,-0.030452774837613106,0.65510493516922,0.5169798135757446,0.013453440740704536,0.6313227415084839,0.4510331153869629,-0.00581652345135808,0.6009801626205444,0.4445718228816986,-0.022988643497228622,0.5769125819206238,0.4574207365512848,-0.03268161788582802,0.6696353554725647,0.5068676471710205,0.00022328930208459496,0.6394997239112854,0.4331960678100586,-0.01985393650829792,0.60132896900177,0.43405574560165405,-0.03631587699055672,0.5762283802032471,0.4564254879951477,-0.04408334940671921,0.685789942741394,0.5067079663276672,-0.016543876379728317,0.6557126045227051,0.433937668800354,-0.03211527690291405,0.6144747138023376,0.4371800720691681,-0.043427009135484695,0.5865947008132935,0.4578273892402649,-0.04778888076543808,0.7024834752082825,0.5167311429977417,-0.03443196043372154,0.6716559529304504,0.4609799087047577,-0.04544159024953842,0.6374399065971375,0.44842788577079773,-0.05240490660071373,0.6103285551071167,0.4507921636104584,-0.05539875105023384
C,0.7404845952987671,0.6648416519165039,-2.3186326814084168e-07,0.6797561049461365,0.6626752614974976,0.0073874820955097675,0.6336215734481812,0.6313924789428711,0.003513174830004573,0.5934266448020935,0.6172156929969788,-0.00857224129140377,0.5621551871299744,0.5916522145271301,-0.021250635385513306,0.6545370221138,0.5180187821388245,0.024182690307497978,0.6301580667495728,0.45248866081237793,0.00773894228041172,0.600570559501648,0.4458306133747101,-0.00911478977650404,0.5762822031974792,0.4581129848957062,-0.019401604309678078,0.6697502136230469,0.5075197219848633,0.00531754782423377,0.6390199065208435,0.4336625337600708,-0.012833877466619015,0.600825309753418,0.43286409974098206,-0.0312579944729805,0.574861466884613,0.4549996554851532,-0.04134943336248398,0.6859502792358398,0.5072957277297974,-0.016777612268924713,0.6567050218582153,0.43461042642593384,-0.030855558812618256,0.6160761117935181,0.43535131216049194,-0.04422914981842041,0.5878830552101135,0.4552452862262726,-0.05108322203159332,0.7021170854568481,0.5170007348060608,-0.03943822160363197,0.6710909008979797,0.4617125391960144,-0.049456629902124405,0.6371462941169739,0.44780564308166504,-0.057205818593502045,0.6097690463066101,0.44890668988227844,-0.061751630157232285
C,0.7404845952987671,0.6648416519165039,-2.3186326814084168e-07,0.6797561049461365,0.6626752614974976,0.0073874820955097675,0.6336215734481812,0.6313924789428711,0.003513174830004573,0.5934266448020935,0.6172156929969788,-0.00857224129140377,0.5621551871299744,0.5916522145271301,-0.021250635385513306,0.6545370221138,0.5180187821388245,0.024182690307497978,0.6301580667495728,0.45248866081237793,0.00773894228041172,0.600570559501648,0.4458306133747101,-0.00911478977650404,0.5762822031974792,0.4581129848957062,-0.019401604309678078,0.6697502136230469,0.5075197219848633,0.00531754782423377,0.6390199065208435,0.4336625337600708,-0.012833877466619015,0.600825309753418,0.43286409974098206,-0.0312579944729805,0.574861466884613,0.4549996554851532,-0.04134943336248398,0.6859502792358398,0.5072957277297974,-0.016777612268924713,0.6567050218582153,0.43461042642593384,-0.030855558812618256,0.6160761117935181,0.43535131216049194,-0.04422914981842041,0.5878830552101135,0.4552452862262726,-0.05108322203159332,0.7021170854568481,0.5170007348060608,-0.03943822160363197,0.6710909008979797,0.4617125391960144,-0.049456629902124405,0.6371462941169739,0.44780564308166504,-0.057205818593502045,0.6097690463066101,0.44890668988227844,-0.061751630157232285
C,0.7444421052932739,0.6710626482963562,-2.563405132605112e-07,0.6801372170448303,0.6622263193130493,0.02620212733745575,0.6351776123046875,0.6303629875183105,0.030699385330080986,0.5954856872558594,0.6173544526100159,0.022183407098054886,0.56373131275177,0.5920525193214417,0.011840849183499813,0.6570006012916565,0.5184338092803955,0.05294971168041229,0.6328434944152832,0.45592358708381653,0.04567304998636246,0.603584885597229,0.45059508085250854,0.03311237692832947,0.5800418853759766,0.46225523948669434,0.02423820085823536,0.6722789406776428,0.5066583156585693,0.023657135665416718,0.6419305801391602,0.4323899745941162,0.013444583863019943,0.6029279828071594,0.4300681948661804,-0.003556074807420373,0.5766978859901428,0.45261088013648987,-0.013943972066044807,0.6871800422668457,0.5051602125167847,-0.008332863450050354,0.6563907861709595,0.43264275789260864,-0.01667417585849762,0.6146973371505737,0.4333014488220215,-0.028585446998476982,0.5862153172492981,0.45302700996398926,-0.03589903935790062,0.7005652189254761,0.5129294991493225,-0.03984237089753151,0.665901780128479,0.4567704200744629,-0.045722223818302155,0.6292286515235901,0.4461192488670349,-0.05132778733968735,0.6008062362670898,0.44963186979293823,-0.055557578802108765
C,0.7364702224731445,0.6676762104034424,-2.3047368813422509e-07,0.6815254092216492,0.6638910174369812,-0.005720395129173994,0.6343645453453064,0.631770670413971,-0.014406291767954826,0.5939029455184937,0.6149314045906067,-0.02788715623319149,0.56255704164505,0.5924765467643738,-0.04019622877240181,0.6541915535926819,0.5164536833763123,0.008997146971523762,0.6324588060379028,0.450281023979187,-0.01193423755466938,0.6033496856689453,0.4452556371688843,-0.029884114861488342,0.5805939435958862,0.45843836665153503,-0.03951644524931908,0.6675691604614258,0.5059026479721069,-0.0010465498780831695,0.6403477787971497,0.4287869334220886,-0.021038606762886047,0.6033089756965637,0.4278334379196167,-0.036691829562187195,0.5786420702934265,0.44914573431015015,-0.043541647493839264,0.6830597519874573,0.5052477121353149,-0.01503695361316204,0.6543660163879395,0.4322965741157532,-0.029906444251537323,0.6154496073722839,0.43327605724334717,-0.04051113873720169,0.5894832611083984,0.4529992938041687,-0.04416900500655174,0.6999663710594177,0.515227735042572,-0.030626747757196426,0.6703184247016907,0.45968693494796753,-0.039788246154785156,0.638242244720459,0.4456213116645813,-0.04554994776844978,0.6130315661430359,0.4473181962966919,-0.04766753315925598
C,0.7351992130279541,0.6655813455581665,-1.907111766286107e-07,0.6813191175460815,0.6635991334915161,-0.009323682636022568,0.6335698366165161,0.6327089667320251,-0.01975719816982746,0.5925633311271667,0.6159857511520386,-0.033803559839725494,0.5621997714042664,0.5913229584693909,-0.04658970236778259,0.6554715037345886,0.520073413848877,0.003110879100859165,0.6336193084716797,0.4535999000072479,-0.01937730982899666,0.6047826409339905,0.44352224469184875,-0.03824513778090477,0.5809025168418884,0.4532315135002136,-0.04825678467750549,0.6689922213554382,0.5089145302772522,-0.004699418321251869,0.6413898468017578,0.43317121267318726,-0.027271997183561325,0.6043501496315002,0.4299682378768921,-0.044234734028577805,0.5777143836021423,0.44988328218460083,-0.051288001239299774,0.6846743226051331,0.5076576471328735,-0.016342341899871826,0.6559239625930786,0.4364711046218872,-0.03305235505104065,0.617182731628418,0.4348115026950836,-0.04430759698152542,0.5892056226730347,0.45145052671432495,-0.04774025082588196,0.7019827365875244,0.5175760984420776,-0.029634181410074234,0.6725773215293884,0.4639880657196045,-0.040622975677251816,0.6421318054199219,0.44662579894065857,-0.04719947278499603,0.6169933676719666,0.44375404715538025,-0.04917367175221443
C,0.7335910201072693,0.6638147830963135,-2.4407015075667005e-07,0.6815127730369568,0.6621635556221008,-0.010466779582202435,0.6333754062652588,0.6322635412216187,-0.021031644195318222,0.5930456519126892,0.6154223680496216,-0.035169921815395355,0.5622061491012573,0.5934333801269531,-0.0478995107114315,0.6531402468681335,0.5183457136154175,0.001542940502986312,0.6294500231742859,0.4520168900489807,-0.0214675422757864,0.5995384454727173,0.4479729235172272,-0.040071289986371994,0.5775712132453918,0.46282657980918884,-0.04970160499215126,0.6660851836204529,0.5068014860153198,-0.005644996650516987,0.6376016139984131,0.4290613830089569,-0.027564024552702904,0.6007760167121887,0.4303441047668457,-0.043180372565984726,0.5779663324356079,0.45392584800720215,-0.049501799046993256,0.6811981797218323,0.5048063397407532,-0.016878115013241768,0.6526936292648315,0.4302886724472046,-0.033240851014852524,0.6142774224281311,0.4327976703643799,-0.0438881516456604,0.5899519324302673,0.45462900400161743,-0.04709567502140999,0.6982007026672363,0.5137107372283936,-0.0299514289945364,0.668695867061615,0.4577612280845642,-0.0406528078019619,0.6362844109535217,0.4445480704307556,-0.04704246670007706,0.6116349101066589,0.4479775130748749,-0.049091652035713196
C,0.7349053621292114,0.6671534180641174,-2.386415189903346e-07,0.6824145913124084,0.6640695333480835,-0.009985579177737236,0.6348462700843811,0.6335808634757996,-0.020847627893090248,0.5942391157150269,0.6168201565742493,-0.035601016134023666,0.5629397034645081,0.5939710140228271,-0.04907280206680298,0.6551946401596069,0.5203617215156555,0.0019953385926783085,0.6332816481590271,0.45309221744537354,-0.021382052451372147,0.6028288006782532,0.44700202345848083,-0.04043649137020111,0.5796558260917664,0.45996057987213135,-0.05054906755685806,0.6681126356124878,0.5092392563819885,-0.006116585806012154,0.6405474543571472,0.43003249168395996,-0.028558194637298584,0.6026783585548401,0.4291338324546814,-0.044824883341789246,0.5783823728561401,0.4511502683162689,-0.05174148455262184,0.6833190321922302,0.5077985525131226,-0.01830153726041317,0.6545276641845703,0.43214380741119385,-0.03544187173247337,0.614700436592102,0.4334036707878113,-0.04674848914146423,0.589015007019043,0.4540216624736786,-0.05047447234392166,0.7003774642944336,0.5170233249664307,-0.03227032348513603,0.6696291565895081,0.4598928391933441,-0.04384779930114746,0.6358094215393066,0.4473347067832947,-0.050628215074539185,0.6103955507278442,0.45166730880737305,-0.05301615595817566
C,0.7336995601654053,0.6660512089729309,-2.2050593884159753e-07,0.6811888813972473,0.6632603406906128,-0.01116871740669012,0.634007453918457,0.6322479248046875,-0.022077448666095734,0.5935959219932556,0.6152722239494324,-0.03644765913486481,0.5633835196495056,0.5917515754699707,-0.04938426613807678,0.6551854610443115,0.5197376608848572,0.001306534162722528,0.6352550387382507,0.4521501660346985,-0.022087955847382545,0.6055940985679626,0.4452558159828186,-0.04130365327000618,0.5815703868865967,0.457492470741272,-0.0514863058924675,0.6680495738983154,0.5086218118667603,-0.005726289469748735,0.6418594717979431,0.43101686239242554,-0.02805531769990921,0.6040985584259033,0.4295141100883484,-0.04460811987519264,0.5788080096244812,0.4498794376850128,-0.05185506120324135,0.6832860708236694,0.5067598223686218,-0.016876814886927605,0.6555652618408203,0.4322563409805298,-0.03427852690219879,0.6157599687576294,0.434557169675827,-0.045875195413827896,0.5892883539199829,0.45476818084716797,-0.049742069095373154,0.700265109539032,0.5159397721290588,-0.029821833595633507,0.670068621635437,0.45982620120048523,-0.041475772857666016,0.6363517045974731,0.44860145449638367,-0.048229604959487915,0.6105755567550659,0.4533604383468628,-0.050564318895339966
C,0.7386530637741089,0.6676660776138306,-2.237867846588415e-07,0.6799960136413574,0.6637492179870605,0.0032339750323444605,0.6334513425827026,0.6320838928222656,-0.0021066726185381413,0.5927256345748901,0.6175017952919006,-0.014917897991836071,0.5616984367370605,0.5924746990203857,-0.027642419561743736,0.6562668085098267,0.5184125900268555,0.02081892639398575,0.6338783502578735,0.45259228348731995,0.0035277160350233316,0.604434072971344,0.4449295103549957,-0.012503370642662048,0.5807729363441467,0.45621612668037415,-0.021738622337579727,0.6704497337341309,0.5072574615478516,0.004392845556139946,0.6411716341972351,0.43099093437194824,-0.013408616185188293,0.6025865077972412,0.42979979515075684,-0.02924274653196335,0.5766611099243164,0.45240718126296997,-0.037013374269008636,0.6861171722412109,0.5061143636703491,-0.01580311357975006,0.6550344824790955,0.4325256943702698,-0.030417168512940407,0.6127050518989563,0.43427538871765137,-0.04219469428062439,0.5842611193656921,0.45522138476371765,-0.04728775843977928,0.7016009092330933,0.5149367451667786,-0.03695542365312576,0.6674602627754211,0.4588359594345093,-0.0474388562142849,0.6314082145690918,0.44790950417518616,-0.054425109177827835,0.6036661267280579,0.45350584387779236,-0.05784895643591881
C,0.7347734570503235,0.6674358248710632,-2.4440490165034134e-07,0.680916428565979,0.6627705097198486,-0.008199134841561317,0.6340091824531555,0.6312009692192078,-0.018072035163640976,0.5937131643295288,0.6149150729179382,-0.032184235751628876,0.5629367828369141,0.5930200815200806,-0.045168038457632065,0.6540270447731018,0.5197251439094543,0.003881738753989339,0.6317000389099121,0.45193853974342346,-0.01893600821495056,0.6017975211143494,0.4470382332801819,-0.03771239519119263,0.5790241956710815,0.4610862731933594,-0.04771200567483902,0.6674970984458923,0.5087061524391174,-0.0048788017593324184,0.638896644115448,0.4296182692050934,-0.026779884472489357,0.6012513637542725,0.42927029728889465,-0.04305489733815193,0.5770998001098633,0.4511794149875641,-0.05014010891318321,0.6833332777023315,0.5070386528968811,-0.01756652258336544,0.6543442606925964,0.43178650736808777,-0.034019097685813904,0.6148819327354431,0.43312424421310425,-0.04507656767964363,0.5889902114868164,0.45341241359710693,-0.04882092773914337,0.7009156346321106,0.5159574151039124,-0.031926676630973816,0.6708336472511292,0.46044862270355225,-0.04277341440320015,0.6381992697715759,0.4474702477455139,-0.049235858023166656,0.6129364371299744,0.4504733979701996,-0.05154773220419884
C,0.7356785535812378,0.6700705885887146,-2.6439599309924233e-07,0.6823612451553345,0.6658874750137329,-0.00900010485202074,0.6346750855445862,0.6336067914962769,-0.01910647191107273,0.5940306186676025,0.6164516806602478,-0.03333595395088196,0.562435507774353,0.5942123532295227,-0.04637732356786728,0.6538817286491394,0.5200856924057007,0.0039055924862623215,0.6298350095748901,0.4517787992954254,-0.019154101610183716,0.5987361669540405,0.44829562306404114,-0.03814420476555824,0.5764074325561523,0.463522732257843,-0.0482984222471714,0.6672468781471252,0.5092061758041382,-0.004458155483007431,0.6369549632072449,0.42967408895492554,-0.02704162895679474,0.5987257957458496,0.4313110113143921,-0.043775659054517746,0.5754642486572266,0.45557570457458496,-0.05103461444377899,0.6831626892089844,0.5077306032180786,-0.01689659059047699,0.6525396108627319,0.43231478333473206,-0.03414556756615639,0.6129493117332458,0.4352913796901703,-0.045936428010463715,0.5880835652351379,0.4573536515235901,-0.05007302388548851,0.7012814283370972,0.5167359113693237,-0.031023219227790833,0.6709657907485962,0.46105021238327026,-0.04238627851009369,0.638107419013977,0.44880911707878113,-0.04945201054215431,0.6132125854492188,0.4526573717594147,-0.052281226962804794
C,0.7344775795936584,0.6694338321685791,-2.454411855978833e-07,0.6824121475219727,0.6667431592941284,-0.009204880334436893,0.6343147158622742,0.6340911984443665,-0.019570138305425644,0.593626856803894,0.617475152015686,-0.0338168628513813,0.5623407363891602,0.5958805680274963,-0.04674329236149788,0.6537958383560181,0.5205800533294678,0.0018522791797295213,0.6309518218040466,0.45083582401275635,-0.021686740219593048,0.600470244884491,0.44692832231521606,-0.040421195328235626,0.5782044529914856,0.46319007873535156,-0.05000662803649902,0.6675614714622498,0.5100966095924377,-0.006429262924939394,0.639742374420166,0.4286684989929199,-0.029199128970503807,0.6017381548881531,0.42965251207351685,-0.04496751353144646,0.5780956745147705,0.4549497961997986,-0.05103940889239311,0.6833428144454956,0.5093047618865967,-0.018684348091483116,0.6536310315132141,0.43288493156433105,-0.03536215424537659,0.6141862273216248,0.43434029817581177,-0.046043526381254196,0.5891575217247009,0.4556792378425598,-0.049180254340171814,0.7006532549858093,0.5194298624992371,-0.0326695516705513,0.6705088019371033,0.46260929107666016,-0.043298058211803436,0.6379008293151855,0.4487358033657074,-0.04956464841961861,0.6131964921951294,0.45176225900650024,-0.051528967916965485
C,0.7344775795936584,0.6694338321685791,-2.454411855978833e-07,0.6824121475219727,0.6667431592941284,-0.009204880334436893,0.6343147158622742,0.6340911984443665,-0.019570138305425644,0.593626856803894,0.617475152015686,-0.0338168628513813,0.5623407363891602,0.5958805680274963,-0.04674329236149788,0.6537958383560181,0.5205800533294678,0.0018522791797295213,0.6309518218040466,0.45083582401275635,-0.021686740219593048,0.600470244884491,0.44692832231521606,-0.040421195328235626,0.5782044529914856,0.46319007873535156,-0.05000662803649902,0.6675614714622498,0.5100966095924377,-0.006429262924939394,0.639742374420166,0.4286684989929199,-0.029199128970503807,0.6017381548881531,0.42965251207351685,-0.04496751353144646,0.5780956745147705,0.4549497961997986,-0.05103940889239311,0.6833428144454956,0.5093047618865967,-0.018684348091483116,0.6536310315132141,0.43288493156433105,-0.03536215424537659,0.6141862273216248,0.43434029817581177,-0.046043526381254196,0.5891575217247009,0.4556792378425598,-0.049180254340171814,0.7006532549858093,0.5194298624992371,-0.0326695516705513,0.6705088019371033,0.46260929107666016,-0.043298058211803436,0.6379008293151855,0.4487358033657074,-0.04956464841961861,0.6131964921951294,0.45176225900650024,-0.051528967916965485
C,0.733091413974762,0.6674202680587769,-2.35953791616339e-07,0.6801853179931641,0.6645766496658325,-0.010043444111943245,0.6329580545425415,0.6332690715789795,-0.020854907110333443,0.5924862027168274,0.6168631315231323,-0.03533919155597687,0.5614543557167053,0.594990611076355,-0.04861929267644882,0.6535727977752686,0.5200830698013306,0.0004841904737986624,0.6310034394264221,0.4515953063964844,-0.023188509047031403,0.6007505059242249,0.4467429518699646,-0.042287640273571014,0.5778032541275024,0.46168607473373413,-0.05225390940904617,0.6669755578041077,0.5096787214279175,-0.007341643329709768,0.638718843460083,0.4299411475658417,-0.030352216213941574,0.6008657813072205,0.43029630184173584,-0.0467282235622406,0.576737642288208,0.45434409379959106,-0.053410887718200684,0.6824946999549866,0.5091962814331055,-0.01911213994026184,0.6533975005149841,0.4335542619228363,-0.03654972091317177,0.6139074563980103,0.4340486526489258,-0.04809198155999184,0.5880848169326782,0.4544917345046997,-0.05182119086384773,0.6995646953582764,0.5193858742713928,-0.03258085250854492,0.6695000529289246,0.46335822343826294,-0.04427408427000046,0.6367949843406677,0.4502992630004883,-0.05115573853254318,0.6115667819976807,0.4540227949619293,-0.05349229276180267
C,0.7356474995613098,0.6682453751564026,-2.2817469869096385e-07,0.6823587417602539,0.6658317446708679,-0.009515914134681225,0.6344625353813171,0.634234607219696,-0.019958896562457085,0.5938513278961182,0.6180813908576965,-0.034205708652734756,0.5628560781478882,0.5957523584365845,-0.04711025580763817,0.6534005403518677,0.5206546783447266,0.0024124612100422382,0.630508542060852,0.4538270831108093,-0.020731303840875626,0.6007132530212402,0.44806942343711853,-0.03976655751466751,0.5776031017303467,0.46122339367866516,-0.04982449486851692,0.6666732430458069,0.509813129901886,-0.00579003244638443,0.6385961174964905,0.43155285716056824,-0.02814965508878231,0.6008785367012024,0.4309966564178467,-0.0444474034011364,0.576256513595581,0.45303186774253845,-0.05133851245045662,0.6821216940879822,0.5087736248970032,-0.01800161600112915,0.653410792350769,0.433951199054718,-0.034720201045274734,0.6139276027679443,0.4346284866333008,-0.04590504243969917,0.5879899859428406,0.4546540081501007,-0.04955339431762695,0.69906085729599,0.5186988115310669,-0.03198252618312836,0.6694655418395996,0.461945503950119,-0.04274749010801315,0.6367538571357727,0.44774943590164185,-0.049283452332019806,0.6114304065704346,0.4502299129962921,-0.05156860500574112
C,0.7353153228759766,0.6674801707267761,-2.1878997813473688e-07,0.6816103458404541,0.6666414737701416,-0.007499469444155693,0.6334021091461182,0.6347951889038086,-0.016921859234571457,0.5923479199409485,0.618302047252655,-0.03045763447880745,0.5616965293884277,0.594802975654602,-0.04291057214140892,0.6536403298377991,0.5211451649665833,0.00548201659694314,0.6321969032287598,0.45464983582496643,-0.016413841396570206,0.6026341915130615,0.447395384311676,-0.03495034947991371,0.5786687731742859,0.45984700322151184,-0.044806454330682755,0.6669151186943054,0.5102954506874084,-0.0034705884754657745,0.6394633650779724,0.4327736496925354,-0.024740086868405342,0.6016025543212891,0.43101057410240173,-0.041148312389850616,0.5753908753395081,0.4518910050392151,-0.0483064167201519,0.6826982498168945,0.5091568827629089,-0.01627907156944275,0.6545609831809998,0.43453434109687805,-0.03233148902654648,0.615403413772583,0.4342181086540222,-0.04375085234642029,0.5885981321334839,0.4526078701019287,-0.0477006733417511,0.6997984647750854,0.5189968943595886,-0.030612127855420113,0.6694267392158508,0.46257779002189636,-0.04100092127919197,0.6370508074760437,0.4475851058959961,-0.04751428961753845,0.6118209958076477,0.4483596980571747,-0.04986143112182617
C,0.7322710752487183,0.6646229028701782,-2.1617434242671152e-07,0.6803577542304993,0.6653274297714233,-0.009670067578554153,0.6323098540306091,0.6353534460067749,-0.020301712676882744,0.5919739007949829,0.6188338994979858,-0.0346200093626976,0.5620778799057007,0.5940080881118774,-0.047797251492738724,0.6533580422401428,0.521330714225769,0.001259109121747315,0.6306676864624023,0.45435696840286255,-0.02203287184238434,0.6018216013908386,0.4463648498058319,-0.04118933901190758,0.5784092545509338,0.45851802825927734,-0.05126515030860901,0.6673259735107422,0.5109317898750305,-0.0066337259486317635,0.6389989852905273,0.43502816557884216,-0.029602570459246635,0.6019861698150635,0.43319281935691833,-0.046889808028936386,0.5762342810630798,0.45449355244636536,-0.05439397692680359,0.6834730505943298,0.5094373226165771,-0.01833834871649742,0.6550235748291016,0.4373009204864502,-0.03568679466843605,0.6159548759460449,0.4366239011287689,-0.047805845737457275,0.5883854031562805,0.4544614553451538,-0.05193585157394409,0.7009438276290894,0.5187803506851196,-0.03162603825330734,0.670989453792572,0.4635921120643616,-0.04336317628622055,0.6388936638832092,0.4475620687007904,-0.050616323947906494,0.6128149032592773,0.4472079277038574,-0.0531429760158062
C,0.7336471080780029,0.6662793159484863,-2.1881763245801267e-07,0.6820871233940125,0.6644173860549927,-0.0121470270678401,0.6342073082923889,0.6342459917068481,-0.024239137768745422,0.5931990146636963,0.618293285369873,-0.03938242793083191,0.5618515014648438,0.5964003801345825,-0.05318823829293251,0.6538428068161011,0.5241305828094482,-0.0029617398977279663,0.632182776927948,0.45547574758529663,-0.02742975391447544,0.6027372479438782,0.4492220878601074,-0.04658772423863411,0.5800427198410034,0.4619602560997009,-0.05641033872961998,0.6671239733695984,0.5125302672386169,-0.009409734047949314,0.6395190954208374,0.43451398611068726,-0.03288501501083374,0.6020650267601013,0.43291327357292175,-0.048891957849264145,0.5775567293167114,0.452779084444046,-0.055355120450258255,0.6827508211135864,0.5105834603309631,-0.019857557490468025,0.6549192070960999,0.4366341829299927,-0.03765484318137169,0.6163393259048462,0.4358994960784912,-0.04844823479652405,0.5900865197181702,0.4533613920211792,-0.05153225362300873,0.7010048031806946,0.5195444822311401,-0.032109953463077545,0.6722620129585266,0.46341678500175476,-0.043687593191862106,0.641165554523468,0.44843584299087524,-0.05008796975016594,0.6166538000106812,0.44873693585395813,-0.05196290835738182
C,0.7343577146530151,0.6653159260749817,-2.073201557095672e-07,0.6810820698738098,0.6657990217208862,-0.009794874116778374,0.6327558755874634,0.6354537010192871,-0.020208420231938362,0.5913834571838379,0.618902862071991,-0.03412339836359024,0.560779869556427,0.5952728390693665,-0.0467558279633522,0.6528364419937134,0.5220422744750977,0.0014275108696892858,0.6311214566230774,0.4540727138519287,-0.02125396765768528,0.6018263101577759,0.44710540771484375,-0.039534393697977066,0.5788705348968506,0.460557758808136,-0.049071796238422394,0.665930986404419,0.5113030076026917,-0.006062853615731001,0.6392549276351929,0.4337448477745056,-0.02792726457118988,0.6021449565887451,0.4326217472553253,-0.04382283240556717,0.5770946741104126,0.45309486985206604,-0.05053098499774933,0.6814114451408386,0.5099343061447144,-0.01745603419840336,0.6541430354118347,0.43562808632850647,-0.03393752500414848,0.6148604154586792,0.43606263399124146,-0.045007333159446716,0.5879107713699341,0.4540533721446991,-0.04872258007526398,0.6984190344810486,0.5192239284515381,-0.030516961589455605,0.6674619317054749,0.4641513228416443,-0.041809532791376114,0.634530246257782,0.45020759105682373,-0.04879075661301613,0.6090322732925415,0.4509376883506775,-0.05131595954298973
C,0.7369282841682434,0.6671110987663269,-2.400378491529409e-07,0.6821540594100952,0.665899395942688,-0.00790434516966343,0.6344306468963623,0.6348382234573364,-0.017766080796718597,0.5939033627510071,0.6183929443359375,-0.031781021505594254,0.5625594854354858,0.5958200097084045,-0.04465492069721222,0.6540602445602417,0.5226101875305176,0.0035279178991913795,0.6296349167823792,0.45534631609916687,-0.01906704343855381,0.599457859992981,0.44986632466316223,-0.03761964291334152,0.5769034624099731,0.4639897048473358,-0.04751311615109444,0.6673632264137268,0.5112133622169495,-0.005678275600075722,0.6381668448448181,0.43320316076278687,-0.027398137375712395,0.600189208984375,0.43281781673431396,-0.043339479714632034,0.5760007500648499,0.45515936613082886,-0.05032215639948845,0.6828633546829224,0.5097824335098267,-0.018798304721713066,0.653579831123352,0.43424713611602783,-0.03504573926329613,0.6139411330223083,0.4347342848777771,-0.04576997831463814,0.588599681854248,0.4547380208969116,-0.049490272998809814,0.6998453140258789,0.5186905860900879,-0.03357861936092377,0.6700757741928101,0.4618902802467346,-0.04425882175564766,0.6370774507522583,0.44820815324783325,-0.050626952201128006,0.6123183965682983,0.4509359300136566,-0.05301619693636894
C,0.7344706058502197,0.663131833076477,-1.9989161614830664e-07,0.6790164113044739,0.6641473770141602,-0.007461691275238991,0.631920576095581,0.634028434753418,-0.01669682189822197,0.5913766622543335,0.6178068518638611,-0.030182434245944023,0.5613487362861633,0.593062162399292,-0.042403098195791245,0.6529912948608398,0.5194516777992249,0.005312464199960232,0.6293749809265137,0.45213156938552856,-0.016534877941012383,0.6004641056060791,0.44514620304107666,-0.034802403301000595,0.5773295164108276,0.4577749967575073,-0.04462333396077156,0.6667448878288269,0.5093649625778198,-0.0036439569666981697,0.6365771889686584,0.4341787099838257,-0.02578740380704403,0.5996410846710205,0.4342217743396759,-0.04249715805053711,0.5754759311676025,0.4547913074493408,-0.04988913610577583,0.6827351450920105,0.5078896880149841,-0.01644355058670044,0.6535272002220154,0.435676634311676,-0.033241551369428635,0.6143397688865662,0.43869709968566895,-0.044675908982753754,0.5879262089729309,0.4585604667663574,-0.0484500527381897,0.7003194093704224,0.5166937708854675,-0.030824461951851845,0.6721097230911255,0.46180662512779236,-0.04210280999541283,0.640109658241272,0.4459630250930786,-0.04941451549530029,0.6141045093536377,0.4452478289604187,-0.052236851304769516
C,0.7318043112754822,0.6649553775787354,-2.4384664243370935e-07,0.680544376373291,0.6662631630897522,-0.009810368530452251,0.6323038339614868,0.6350573301315308,-0.01975344680249691,0.5923662185668945,0.61698317527771,-0.033183544874191284,0.5624253749847412,0.5933351516723633,-0.04522132873535156,0.6525814533233643,0.5202951431274414,0.0012848208425566554,0.6291282176971436,0.45246052742004395,-0.021866487339138985,0.5992977619171143,0.4481610059738159,-0.04049432650208473,0.5766234397888184,0.463522344827652,-0.05005627125501633,0.6663366556167603,0.5090632438659668,-0.005907572340220213,0.6377356052398682,0.4312436878681183,-0.02836749143898487,0.6008927226066589,0.43192654848098755,-0.044574081897735596,0.5771497488021851,0.45486006140708923,-0.05114971101284027,0.6821826100349426,0.5070818662643433,-0.016930071637034416,0.6524106860160828,0.43335989117622375,-0.0333901047706604,0.6144070029258728,0.43523111939430237,-0.0444219708442688,0.5892945528030396,0.4553472101688385,-0.047862403094768524,0.6999685764312744,0.5162912011146545,-0.029652372002601624,0.6706069707870483,0.46091368794441223,-0.04011188820004463,0.639268159866333,0.44559037685394287,-0.046636272221803665,0.6145612001419067,0.44597068428993225,-0.048792243003845215
C,0.7318043112754822,0.6649553775787354,-2.4384664243370935e-07,0.680544376373291,0.6662631630897522,-0.009810368530452251,0.6323038339614868,0.6350573301315308,-0.01975344680249691,0.5923662185668945,0.61698317527771,-0.033183544874191284,0.5624253749847412,0.5933351516723633,-0.04522132873535156,0.6525814533233643,0.5202951431274414,0.0012848208425566554,0.6291282176971436,0.45246052742004395,-0.021866487339138985,0.5992977619171143,0.4481610059738159,-0.04049432650208473,0.5766234397888184,0.463522344827652,-0.05005627125501633,0.6663366556167603,0.5090632438659668,-0.005907572340220213,0.6377356052398682,0.4312436878681183,-0.02836749143898487,0.6008927226066589,0.43192654848098755,-0.044574081897735596,0.5771497488021851,0.45486006140708923,-0.05114971101284027,0.6821826100349426,0.5070818662643433,-0.016930071637034416,0.6524106860160828,0.43335989117622375,-0.0333901047706604,0.6144070029258728,0.43523111939430237,-0.0444219708442688,0.5892945528030396,0.4553472101688385,-0.047862403094768524,0.6999685764312744,0.5162912011146545,-0.029652372002601624,0.6706069707870483,0.46091368794441223,-0.04011188820004463,0.639268159866333,0.44559037685394287,-0.046636272221803665,0.6145612001419067,0.44597068428993225,-0.048792243003845215
C,0.7343968152999878,0.6675111651420593,-2.3252495395809092e-07,0.6811929941177368,0.6656686067581177,-0.00920936744660139,0.6338447332382202,0.6346749663352966,-0.019652338698506355,0.5932738780975342,0.6179015040397644,-0.033997002989053726,0.5624503493309021,0.5950301289558411,-0.04705814644694328,0.6533946394920349,0.5212570428848267,0.0024151017423719168,0.6312562823295593,0.4532402753829956,-0.020743615925312042,0.6016643643379211,0.4478101432323456,-0.03974957764148712,0.5788871645927429,0.46142229437828064,-0.04988687112927437,0.6668661832809448,0.5102768540382385,-0.005953568033874035,0.6387029886245728,0.43176352977752686,-0.028161676600575447,0.6010122299194336,0.4308909773826599,-0.04456859081983566,0.5766022205352783,0.45221859216690063,-0.051745109260082245,0.6827849745750427,0.5088779330253601,-0.018299469724297523,0.6537049412727356,0.43377912044525146,-0.03506242111325264,0.614246129989624,0.43480896949768066,-0.04639372602105141,0.5885826349258423,0.45467451214790344,-0.05033866688609123,0.7003931999206543,0.5183297395706177,-0.03235315904021263,0.6699034571647644,0.46256524324417114,-0.04328170791268349,0.6369625329971313,0.4503859877586365,-0.0498717725276947,0.6119170784950256,0.4541465938091278,-0.0523216538131237
C,0.7352482676506042,0.6659472584724426,-2.1607370115361846e-07,0.6808831095695496,0.6660088896751404,-0.006708487868309021,0.6331056952476501,0.633985698223114,-0.01560302171856165,0.5921414494514465,0.6178159117698669,-0.02867254428565502,0.5612605214118958,0.5943002700805664,-0.04070025682449341,0.6536958813667297,0.5202117562294006,0.005790418013930321,0.6319196820259094,0.45428502559661865,-0.015749335289001465,0.6024653911590576,0.4472118020057678,-0.03396206721663475,0.5784457921981812,0.4598499536514282,-0.04364785924553871,0.6675055623054504,0.5094753503799438,-0.003489784663543105,0.6398242712020874,0.4330069422721863,-0.024623548611998558,0.6023418307304382,0.4312727749347687,-0.040937718003988266,0.5762325525283813,0.4523982107639313,-0.048042021691799164,0.6835991740226746,0.5086471438407898,-0.016497226431965828,0.6550063490867615,0.4349072277545929,-0.03249486908316612,0.6155770421028137,0.434794545173645,-0.043887507170438766,0.5882939100265503,0.4535808861255646,-0.04783916100859642,0.7007876038551331,0.5185055732727051,-0.030950535088777542,0.6705837249755859,0.4625527262687683,-0.04151169955730438,0.6378098726272583,0.4483788013458252,-0.048125121742486954,0.6118260622024536,0.4501587450504303,-0.05052449554204941
C,0.7364044785499573,0.6674442887306213,-2.154982752244905e-07,0.6803041100502014,0.6653485894203186,-0.00411592423915863,0.632731020450592,0.6336547136306763,-0.012109952047467232,0.5917809009552002,0.6176701784133911,-0.025143325328826904,0.5615968704223633,0.5936457514762878,-0.0371403768658638,0.6547436118125916,0.520540714263916,0.01108542550355196,0.6334794759750366,0.45574039220809937,-0.008618597872555256,0.6047244071960449,0.4487430453300476,-0.026016317307949066,0.580640971660614,0.46070167422294617,-0.03532881662249565,0.6682190895080566,0.5092602968215942,0.00038052897434681654,0.6419327855110168,0.43470144271850586,-0.01823492906987667,0.6048479676246643,0.431365430355072,-0.03351902961730957,0.5785506963729858,0.45023566484451294,-0.040458135306835175,0.6837873458862305,0.5074282884597778,-0.014188149943947792,0.6558516621589661,0.43495455384254456,-0.028086867183446884,0.6168006062507629,0.43380090594291687,-0.03824978694319725,0.5896402597427368,0.4516304135322571,-0.04185954108834267,0.7002870440483093,0.5159626603126526,-0.030261214822530746,0.6701567769050598,0.4601544439792633,-0.03878740966320038,0.6376125812530518,0.44563570618629456,-0.04411791265010834,0.6120210886001587,0.4472997188568115,-0.04600490629673004
C,0.7343139052391052,0.6678111553192139,-2.1530306071326777e-07,0.6807993650436401,0.6629772186279297,-0.00943766999989748,0.6335316896438599,0.6324375867843628,-0.019812995567917824,0.5932987928390503,0.6170514822006226,-0.034120284020900726,0.5633546113967896,0.5934111475944519,-0.04696263372898102,0.6554251313209534,0.5215485692024231,0.004714428447186947,0.6340528726577759,0.45639896392822266,-0.017735250294208527,0.604874312877655,0.4482003152370453,-0.036285486072301865,0.5820006132125854,0.45910826325416565,-0.046105217188596725,0.6681338548660278,0.5099890828132629,-0.0036820238456130028,0.6411797404289246,0.4337378740310669,-0.025267058983445168,0.6036912202835083,0.43114975094795227,-0.040984462946653366,0.5786436200141907,0.45062804222106934,-0.04762456938624382,0.6833506226539612,0.50774747133255,-0.016355371102690697,0.65521639585495,0.43461576104164124,-0.03293279930949211,0.6156755089759827,0.43451806902885437,-0.04339494928717613,0.5898839235305786,0.45273303985595703,-0.04658852890133858,0.7003955841064453,0.5160415768623352,-0.030878663063049316,0.669651448726654,0.4596680700778961,-0.04169353097677231,0.6360815167427063,0.4466162323951721,-0.04772239923477173,0.6108837127685547,0.4489457309246063,-0.049646634608507156
C,0.7364614009857178,0.6647493243217468,-2.0564326064231864e-07,0.6818256974220276,0.6636484265327454,-0.006701026111841202,0.6339426636695862,0.6322572827339172,-0.015960901975631714,0.5926064848899841,0.6163225173950195,-0.02964155748486519,0.5615374445915222,0.5927382707595825,-0.042328521609306335,0.6554323434829712,0.5186114311218262,0.006203667726367712,0.6337898969650269,0.4523448348045349,-0.015048233792185783,0.6051684021949768,0.4441324472427368,-0.03319285809993744,0.5815212726593018,0.4555480182170868,-0.04299592971801758,0.6690093278884888,0.5078758597373962,-0.0033147905487567186,0.6421504616737366,0.4321756660938263,-0.024001428857445717,0.6050668358802795,0.4292079210281372,-0.04014067351818085,0.578900933265686,0.4492599368095398,-0.04738658294081688,0.6848748326301575,0.5069235563278198,-0.01666851155459881,0.6567895412445068,0.4343647360801697,-0.03240719065070152,0.6174550652503967,0.4336223006248474,-0.04349914938211441,0.5899954438209534,0.4515715539455414,-0.04749210551381111,0.7015820741653442,0.516428530216217,-0.03156844526529312,0.6709792017936707,0.4621990919113159,-0.042166817933321,0.6382503509521484,0.4482472538948059,-0.04878419265151024,0.6124159097671509,0.4497328996658325,-0.051319949328899384
C,0.7351625561714172,0.6664217710494995,-2.2530772980644542e-07,0.6818474531173706,0.6642979383468628,-0.008371058851480484,0.63453209400177,0.6322186589241028,-0.01818176545202732,0.5939702987670898,0.6160538792610168,-0.032012224197387695,0.5629155039787292,0.5932943820953369,-0.044569578021764755,0.6549230217933655,0.518295168876648,0.004151053726673126,0.6354297399520874,0.4501233696937561,-0.018241295590996742,0.6063538193702698,0.44479095935821533,-0.03677244111895561,0.583145022392273,0.45854002237319946,-0.04655952751636505,0.668084442615509,0.5082274079322815,-0.004265817813575268,0.64182448387146,0.43081825971603394,-0.025586804375052452,0.6041731834411621,0.4302321970462799,-0.041573867201805115,0.5791399478912354,0.45064473152160645,-0.04855892062187195,0.6838448643684387,0.5071614980697632,-0.016649961471557617,0.6561124920845032,0.43258044123649597,-0.03283946216106415,0.6167706847190857,0.4338538944721222,-0.04379011690616608,0.5904330611228943,0.45267370343208313,-0.04752088710665703,0.701507031917572,0.5164485573768616,-0.030677739530801773,0.6714718341827393,0.46048903465270996,-0.04091315716505051,0.6384121179580688,0.4482277035713196,-0.04706919938325882,0.6128976941108704,0.4511438012123108,-0.04928083345293999
C,0.7349894046783447,0.6641011834144592,-1.9722351396467275e-07,0.6829954385757446,0.6645964980125427,-0.010362102650105953,0.6354530453681946,0.6343933343887329,-0.02100135199725628,0.5944994688034058,0.6175675988197327,-0.03502362594008446,0.5632110238075256,0.5943237543106079,-0.04783623665571213,0.6545062065124512,0.5210525989532471,0.0007764254696667194,0.63216233253479,0.4539095163345337,-0.022056102752685547,0.6035749316215515,0.4459725618362427,-0.04096387326717377,0.5800926685333252,0.45756083726882935,-0.05104517191648483,0.6680883169174194,0.5104746222496033,-0.006274833343923092,0.6407880187034607,0.4343363344669342,-0.02891160547733307,0.6044696569442749,0.4315866231918335,-0.04600965976715088,0.5782828330993652,0.4507221579551697,-0.053469907492399216,0.6840672492980957,0.508986234664917,-0.01710708998143673,0.6561151146888733,0.43585050106048584,-0.03418475016951561,0.6175679564476013,0.4349634051322937,-0.04616586118936539,0.5895729660987854,0.4520779550075531,-0.050271570682525635,0.7017419934272766,0.5183996558189392,-0.02957645244896412,0.6720231175422668,0.46401122212409973,-0.041128695011138916,0.6407147645950317,0.448342889547348,-0.04841340333223343,0.6148437857627869,0.4476160705089569,-0.05104832351207733
C,0.7359086275100708,0.6690312623977661,-2.3266454718395835e-07,0.6811739206314087,0.6660754680633545,-0.007006620056927204,0.6345654129981995,0.6351310014724731,-0.016457021236419678,0.5945559740066528,0.6184262633323669,-0.030357055366039276,0.5636452436447144,0.5963801741600037,-0.04311031475663185,0.6555517315864563,0.5212222337722778,0.005659348797053099,0.6343867778778076,0.454764187335968,-0.01587030477821827,0.6049858927726746,0.4496349096298218,-0.033808715641498566,0.5823644995689392,0.4633764624595642,-0.043280765414237976,0.6684537529945374,0.5107353329658508,-0.0036390386521816254,0.6431295871734619,0.4334140121936798,-0.023725558072328568,0.6054698824882507,0.43208780884742737,-0.03872742876410484,0.5810794830322266,0.4521999955177307,-0.04522645100951195,0.6835959553718567,0.5096414089202881,-0.016869230195879936,0.6577147245407104,0.4350237548351288,-0.031790878623723984,0.6182451844215393,0.43502143025398254,-0.042065881192684174,0.5925118327140808,0.45414936542510986,-0.045638758689165115,0.7000772953033447,0.5189177393913269,-0.031783927232027054,0.6719764471054077,0.4614599347114563,-0.041023172438144684,0.6387509107589722,0.4485362768173218,-0.046621471643447876,0.61333829164505,0.4526026248931885,-0.04866669327020645
C,0.7367601990699768,0.6689820289611816,-2.0631713937291352e-07,0.682066023349762,0.6663832664489746,-0.006338606588542461,0.6350128054618835,0.6350358724594116,-0.015723375603556633,0.5941850543022156,0.6190727353096008,-0.029586713761091232,0.5635313987731934,0.5958132147789001,-0.042566440999507904,0.6553926467895508,0.5226411819458008,0.006620289292186499,0.6348453164100647,0.4565120339393616,-0.014690671116113663,0.6062767505645752,0.44830289483070374,-0.033123262226581573,0.5826367139816284,0.4591997265815735,-0.04318724572658539,0.6694981455802917,0.5121917724609375,-0.0032579330727458,0.6439716815948486,0.4350675642490387,-0.02418888360261917,0.607507586479187,0.43094950914382935,-0.040996816009283066,0.5813912749290466,0.44957906007766724,-0.04868015646934509,0.6860102415084839,0.5114279985427856,-0.016917390748858452,0.6592270731925964,0.4374863803386688,-0.03244086354970932,0.6205675601959229,0.4342859983444214,-0.0442415326833725,0.5931300520896912,0.4503823518753052,-0.048834118992090225,0.7035724520683289,0.521552324295044,-0.03205922991037369,0.6734004020690918,0.4661622643470764,-0.042191509157419205,0.641114354133606,0.4505111575126648,-0.04893647879362106,0.6153798699378967,0.4504389762878418,-0.05176441743969917
C,0.7381423711776733,0.6711815595626831,-2.13558365658173e-07,0.6819074749946594,0.6672698259353638,-0.0030483053997159004,0.635668158531189,0.6350704431533813,-0.011456571519374847,0.5950621962547302,0.6193068027496338,-0.02533906139433384,0.5637149810791016,0.5955708622932434,-0.03869755566120148,0.65610671043396,0.5227698087692261,0.011149534955620766,0.6344447135925293,0.45616498589515686,-0.009404575452208519,0.6060981750488281,0.4483470320701599,-0.02776663564145565,0.5827610492706299,0.4601347744464874,-0.03789380192756653,0.6701516509056091,0.5120461583137512,-0.0009762508561834693,0.6420484185218811,0.43553829193115234,-0.02152828872203827,0.6056395769119263,0.43211376667022705,-0.03929170221090317,0.5800278186798096,0.4522669315338135,-0.04783443734049797,0.6862680315971375,0.5110481977462769,-0.016762567684054375,0.6578187346458435,0.43729260563850403,-0.03207449987530708,0.6197754144668579,0.4349590241909027,-0.04457912594079971,0.5932309627532959,0.45298483967781067,-0.04978368058800697,0.70335853099823,0.5204581022262573,-0.03379235416650772,0.673069179058075,0.46524521708488464,-0.043718453496694565,0.6417502164840698,0.44748929142951965,-0.05075348541140556,0.6169530153274536,0.4454692304134369,-0.05392209440469742
C,0.7381423711776733,0.6711815595626831,-2.13558365658173e-07,0.6819074749946594,0.6672698259353638,-0.0030483053997159004,0.635668158531189,0.6350704431533813,-0.011456571519374847,0.5950621962547302,0.6193068027496338,-0.02533906139433384,0.5637149810791016,0.5955708622932434,-0.03869755566120148,0.65610671043396,0.5227698087692261,0.011149534955620766,0.6344447135925293,0.45616498589515686,-0.009404575452208519,0.6060981750488281,0.4483470320701599,-0.02776663564145565,0.5827610492706299,0.4601347744464874,-0.03789380192756653,0.6701516509056091,0.5120461583137512,-0.0009762508561834693,0.6420484185218811,0.43553829193115234,-0.02152828872203827,0.6056395769119263,0.43211376667022705,-0.03929170221090317,0.5800278186798096,0.4522669315338135,-0.04783443734049797,0.6862680315971375,0.5110481977462769,-0.016762567684054375,0.6578187346458435,0.43729260563850403,-0.03207449987530708,0.6197754144668579,0.4349590241909027,-0.04457912594079971,0.5932309627532959,0.45298483967781067,-0.04978368058800697,0.70335853099823,0.5204581022262573,-0.03379235416650772,0.673069179058075,0.46524521708488464,-0.043718453496694565,0.6417502164840698,0.44748929142951965,-0.05075348541140556,0.6169530153274536,0.4454692304134369,-0.05392209440469742
C,0.7369951605796814,0.6680286526679993,-2.1606351197078766e-07,0.680594801902771,0.6657596230506897,-0.003185106674209237,0.6334197521209717,0.6333791017532349,-0.011413171887397766,0.5930716395378113,0.6177666187286377,-0.02469928376376629,0.5634040832519531,0.5932681560516357,-0.03722329065203667,0.6556249856948853,0.5217413306236267,0.008568940684199333,0.634881854057312,0.4526161849498749,-0.012502663768827915,0.6058074235916138,0.4462200403213501,-0.030667012557387352,0.5815799832344055,0.46026498079299927,-0.040323905646800995,0.6704010367393494,0.5119351744651794,-0.0030030561611056328,0.6435648202896118,0.43453171849250793,-0.02398534305393696,0.6063389778137207,0.4313466548919678,-0.040883585810661316,0.5801733732223511,0.4521310329437256,-0.04852891340851784,0.6869211196899414,0.5115960240364075,-0.018098117783665657,0.6590245962142944,0.4380050301551819,-0.03313371166586876,0.6204178929328918,0.4350746273994446,-0.04453454539179802,0.5929448008537292,0.4518267810344696,-0.048907238990068436,0.7043217420578003,0.5211125612258911,-0.0344359464943409,0.6740550994873047,0.46618109941482544,-0.044092901051044464,0.6419312953948975,0.4493228793144226,-0.05047297850251198,0.6158531308174133,0.4480404555797577,-0.05299970880150795
C,0.7374868392944336,0.6686282753944397,-2.0720804627671896e-07,0.6818017363548279,0.6668121218681335,-0.0048260679468512535,0.6340715885162354,0.6343783140182495,-0.013368108309805393,0.5930125117301941,0.617698073387146,-0.026690183207392693,0.5629264116287231,0.5935453176498413,-0.0390482172369957,0.6559900045394897,0.5223056077957153,0.008518836461007595,0.6361015439033508,0.4544452428817749,-0.012742200866341591,0.6067922115325928,0.4465077817440033,-0.031006526201963425,0.5817118287086487,0.45892494916915894,-0.04073034226894379,0.6702534556388855,0.5120112895965576,-0.0020241125021129847,0.6452865600585938,0.4352169632911682,-0.022727183997631073,0.6079251170158386,0.4313810467720032,-0.0392104797065258,0.5808957815170288,0.450162410736084,-0.04664609953761101,0.6865569353103638,0.5113405585289001,-0.01634685881435871,0.6598823070526123,0.4374149441719055,-0.03169795125722885,0.6204912662506104,0.43554049730300903,-0.04279807209968567,0.5923417806625366,0.4524897336959839,-0.04684584587812424,0.703656017780304,0.5210671424865723,-0.03208720684051514,0.6743469834327698,0.46544599533081055,-0.04204010218381882,0.6418231129646301,0.4499325156211853,-0.04840235412120819,0.6158722043037415,0.449812650680542,-0.05086555704474449
C,0.7387769818305969,0.6685490012168884,-2.0648907650411275e-07,0.6817577481269836,0.6658632159233093,-0.004425290040671825,0.6344082951545715,0.6337100863456726,-0.01287819817662239,0.5941052436828613,0.6184813380241394,-0.026351649314165115,0.56417316198349,0.5936340689659119,-0.03922826796770096,0.6563001871109009,0.5216014385223389,0.008742893114686012,0.6340470910072327,0.45391470193862915,-0.012238160707056522,0.6055291891098022,0.4459618628025055,-0.030787020921707153,0.5815166234970093,0.4581258296966553,-0.041042640805244446,0.6712060570716858,0.5119285583496094,-0.0027570503298193216,0.6418196558952332,0.4367319345474243,-0.024167614057660103,0.6048881411552429,0.4337838888168335,-0.04211802035570145,0.5789020657539368,0.45414450764656067,-0.05075772851705551,0.6882225871086121,0.5123748183250427,-0.0180258397012949,0.6593106985092163,0.43887704610824585,-0.03470984473824501,0.6202924251556396,0.4364093244075775,-0.0479181669652462,0.5925905108451843,0.4537235498428345,-0.05337832495570183,0.7059786319732666,0.5231123566627502,-0.034567058086395264,0.6761255860328674,0.4675121009349823,-0.0466107577085495,0.643494725227356,0.4500599801540375,-0.05508514493703842,0.6169528365135193,0.4480031728744507,-0.05900086462497711
C,0.7380229830741882,0.6704732179641724,-2.1544211392665602e-07,0.6806575059890747,0.6670741438865662,-0.0032916180789470673,0.633723258972168,0.6345314383506775,-0.011625370942056179,0.5934020280838013,0.6191937327384949,-0.025300828740000725,0.5634394288063049,0.5944398045539856,-0.0382058210670948,0.6557924747467041,0.520918071269989,0.010208780877292156,0.6348270177841187,0.4541289806365967,-0.010643023997545242,0.6054351329803467,0.4471852779388428,-0.02901514619588852,0.5812548398971558,0.4595556855201721,-0.039130598306655884,0.6704139709472656,0.5105459690093994,-0.0019785682670772076,0.6427332758903503,0.4340062439441681,-0.02246154472231865,0.6046604514122009,0.4315035939216614,-0.039402611553668976,0.5786232352256775,0.4519385099411011,-0.047425977885723114,0.6870903968811035,0.5105410218238831,-0.017918547615408897,0.6586570739746094,0.43709906935691833,-0.03318033367395401,0.6186261177062988,0.4359246790409088,-0.04485541209578514,0.5914697647094727,0.45445382595062256,-0.049567483365535736,0.7043378353118896,0.521210253238678,-0.03520567715167999,0.6741682291030884,0.46590861678123474,-0.04542429745197296,0.641083300113678,0.45081210136413574,-0.052195947617292404,0.6153880953788757,0.4517645239830017,-0.05507909879088402
C,0.7392603754997253,0.6700429916381836,-2.285101459165162e-07,0.6823671460151672,0.6666055917739868,-0.002935243071988225,0.6357672810554504,0.6347981691360474,-0.011085130274295807,0.5951023101806641,0.6194921731948853,-0.024779167026281357,0.5643845796585083,0.5954500436782837,-0.03781244903802872,0.6574491858482361,0.5224210023880005,0.010946889407932758,0.6352134943008423,0.4554877281188965,-0.009678937494754791,0.6058962941169739,0.44858700037002563,-0.027965471148490906,0.5823780298233032,0.46065908670425415,-0.03816448897123337,0.6718018651008606,0.5116486549377441,-0.0014066790463402867,0.6426442265510559,0.4355071783065796,-0.021863993257284164,0.6043747663497925,0.43332359194755554,-0.03906511142849922,0.578711748123169,0.45414063334465027,-0.04741417616605759,0.6880326271057129,0.5107651352882385,-0.01749313250184059,0.6590753793716431,0.43680787086486816,-0.032741837203502655,0.6189243793487549,0.4353926181793213,-0.0444299578666687,0.5920486450195312,0.4541415870189667,-0.04924754053354263,0.704950749874115,0.5201792120933533,-0.034920014441013336,0.6745997071266174,0.46510186791419983,-0.04503251612186432,0.6416418552398682,0.4501376152038574,-0.051713913679122925,0.6162235736846924,0.45150044560432434,-0.05462116003036499
C,0.7370161414146423,0.6673444509506226,-2.1978114261855808e-07,0.6822913289070129,0.6654794812202454,-0.008138998411595821,0.6349599361419678,0.6339247822761536,-0.01813436858355999,0.594502866268158,0.617968738079071,-0.0322408527135849,0.5640426874160767,0.5945621728897095,-0.04530806466937065,0.6561603546142578,0.5210182070732117,0.00433690007776022,0.6342376470565796,0.45369911193847656,-0.01805817522108555,0.6051077246665955,0.44660964608192444,-0.03701125085353851,0.5817186236381531,0.4592134654521942,-0.04719395190477371,0.6702710390090942,0.510528028011322,-0.004435042850673199,0.6409164667129517,0.4348185956478119,-0.026424366980791092,0.603430986404419,0.43443456292152405,-0.04371894896030426,0.5786568522453308,0.45634573698043823,-0.051666002720594406,0.6866215467453003,0.5096819400787354,-0.017106253653764725,0.6582946181297302,0.43495821952819824,-0.033693693578243256,0.6191518306732178,0.4354403614997864,-0.045592620968818665,0.5928832292556763,0.45538657903671265,-0.050042055547237396,0.704331636428833,0.5192843079566956,-0.03134582191705704,0.6756444573402405,0.4639785587787628,-0.04267115890979767,0.643621563911438,0.44899243116378784,-0.05001663789153099,0.618442952632904,0.44981417059898376,-0.052960753440856934
C,0.7414564490318298,0.6742361783981323,-2.513172319140722e-07,0.6814603805541992,0.6675016283988953,0.011214273981750011,0.6362413167953491,0.6351324915885925,0.00841944944113493,0.5965451002120972,0.620977520942688,-0.0036548571661114693,0.5651566982269287,0.595160961151123,-0.0166473388671875,0.6576724648475647,0.5229510068893433,0.03029434010386467,0.6355616450309753,0.4574047923088074,0.01542540080845356,0.6067155003547668,0.45065537095069885,-0.0009486144408583641,0.5828814506530762,0.46263065934181213,-0.011010169051587582,0.6730606555938721,0.5115928649902344,0.009212521836161613,0.6436344981193542,0.43667417764663696,-0.006722092628479004,0.6065462231636047,0.43279606103897095,-0.025143159553408623,0.5806401371955872,0.45463910698890686,-0.03560638427734375,0.6893917322158813,0.5103029012680054,-0.015055734664201736,0.6586979627609253,0.4374125003814697,-0.026742374524474144,0.6193175315856934,0.43524566292762756,-0.03983752802014351,0.5921755433082581,0.4544185400009155,-0.04720137268304825,0.7060888409614563,0.5183114409446716,-0.039744775742292404,0.6727339625358582,0.463261216878891,-0.047737907618284225,0.6390584111213684,0.4502943158149719,-0.0545467883348465,0.6129162907600403,0.4531686007976532,-0.058879319578409195
C,0.73956298828125,0.6739773750305176,-2.400848870820482e-07,0.6844412684440613,0.6691209077835083,-0.005688048899173737,0.6377118825912476,0.6355829238891602,-0.014434088952839375,0.5971760153770447,0.6192952990531921,-0.02796218916773796,0.5662664771080017,0.5960429906845093,-0.040420208126306534,0.659122109413147,0.5223589539527893,0.007927141152322292,0.6386250257492065,0.45684105157852173,-0.013901837170124054,0.6082027554512024,0.45054537057876587,-0.03280581533908844,0.583665668964386,0.46292173862457275,-0.04320663586258888,0.6725015044212341,0.5120980739593506,-0.002455294830724597,0.6455453634262085,0.43440842628479004,-0.0232238806784153,0.6065916419029236,0.43301185965538025,-0.039574846625328064,0.5806491374969482,0.4539603590965271,-0.047155849635601044,0.6880812048912048,0.511544942855835,-0.016715744510293007,0.6597907543182373,0.4360199570655823,-0.03215154632925987,0.6191790103912354,0.43726181983947754,-0.04314613714814186,0.5925350189208984,0.4575793743133545,-0.04731667786836624,0.7045921683311462,0.5217066407203674,-0.03255366533994675,0.6746308207511902,0.4655067026615143,-0.04245103895664215,0.640580415725708,0.4533131718635559,-0.04852122813463211,0.6142422556877136,0.4577401876449585,-0.05094711855053902
C,0.743215799331665,0.6745637059211731,-2.1132409244728478e-07,0.6836879253387451,0.669802188873291,0.0012978380545973778,0.6362342834472656,0.6362985372543335,-0.004973211791366339,0.5955459475517273,0.6206432580947876,-0.017786497250199318,0.5654897093772888,0.5948319435119629,-0.030162841081619263,0.6591311097145081,0.5242721438407898,0.017492370679974556,0.6380085349082947,0.4574629068374634,-0.0013065743260085583,0.6091901063919067,0.4491128623485565,-0.019282294437289238,0.5837971568107605,0.4599449038505554,-0.029625553637742996,0.6743412017822266,0.5138998627662659,0.0025093851145356894,0.645783543586731,0.437957227230072,-0.01718580350279808,0.6086307168006897,0.43406879901885986,-0.03543023765087128,0.58134925365448,0.4546836316585541,-0.04465650022029877,0.6911675333976746,0.5135040879249573,-0.016054749488830566,0.6612698435783386,0.4416065216064453,-0.03060229681432247,0.6214482188224792,0.4401877820491791,-0.04343518242239952,0.592746376991272,0.45854049921035767,-0.04926590248942375,0.708177924156189,0.5233634114265442,-0.03568119928240776,0.6766169667243958,0.4691510498523712,-0.04547501355409622,0.6430883407592773,0.45315802097320557,-0.05293341353535652,0.6157081127166748,0.45248082280158997,-0.05672342702746391
C,0.7425214052200317,0.6745850443840027,-2.057748531569814e-07,0.6862909197807312,0.6688539385795593,-0.005442152265459299,0.6376378536224365,0.6351046562194824,-0.014516313560307026,0.595833420753479,0.6196376085281372,-0.028291555121541023,0.5652381181716919,0.5959950089454651,-0.04115505889058113,0.6594997048377991,0.5245022177696228,0.008253599517047405,0.6375486254692078,0.4575238525867462,-0.01332553569227457,0.6083692908287048,0.44759032130241394,-0.03253548964858055,0.5830760598182678,0.4578254222869873,-0.04317053034901619,0.6740049719810486,0.5139701962471008,-0.002448427490890026,0.6439375877380371,0.43870094418525696,-0.023412352427840233,0.6067006587982178,0.4350379705429077,-0.041162848472595215,0.5798659324645996,0.4546230435371399,-0.049901582300662994,0.6907652020454407,0.5136709213256836,-0.016988053917884827,0.6605323553085327,0.4401392340660095,-0.032913144677877426,0.6210541725158691,0.4392211139202118,-0.04505649581551552,0.5932137966156006,0.45804503560066223,-0.050026390701532364,0.7080790400505066,0.5241603851318359,-0.03295736014842987,0.6774657368659973,0.46958988904953003,-0.04383005574345589,0.6450987458229065,0.4535315930843353,-0.051122765988111496,0.6193637251853943,0.4530129134654999,-0.05430697277188301
C,0.7425214052200317,0.6745850443840027,-2.057748531569814e-07,0.6862909197807312,0.6688539385795593,-0.005442152265459299,0.6376378536224365,0.6351046562194824,-0.014516313560307026,0.595833420753479,0.6196376085281372,-0.028291555121541023,0.5652381181716919,0.5959950089454651,-0.04115505889058113,0.6594997048377991,0.5245022177696228,0.008253599517047405,0.6375486254692078,0.4575238525867462,-0.01332553569227457,0.6083692908287048,0.44759032130241394,-0.03253548964858055,0.5830760598182678,0.4578254222869873,-0.04317053034901619,0.6740049719810486,0.5139701962471008,-0.002448427490890026,0.6439375877380371,0.43870094418525696,-0.023412352427840233,0.6067006587982178,0.4350379705429077,-0.041162848472595215,0.5798659324645996,0.4546230435371399,-0.049901582300662994,0.6907652020454407,0.5136709213256836,-0.016988053917884827,0.6605323553085327,0.4401392340660095,-0.032913144677877426,0.6210541725158691,0.4392211139202118,-0.04505649581551552,0.5932137966156006,0.45804503560066223,-0.050026390701532364,0.7080790400505066,0.5241603851318359,-0.03295736014842987,0.6774657368659973,0.46958988904953003,-0.04383005574345589,0.6450987458229065,0.4535315930843353,-0.051122765988111496,0.6193637251853943,0.4530129134654999,-0.05430697277188301
C,0.7386300563812256,0.6695517897605896,-2.2007156985637266e-07,0.6839888095855713,0.6672150492668152,-0.007385414559394121,0.6359896659851074,0.6347480416297913,-0.016782650724053383,0.5945498943328857,0.6185457706451416,-0.03032677434384823,0.5646563768386841,0.5951418280601501,-0.04267549514770508,0.6580231189727783,0.5216968059539795,0.0053012790158391,0.636847972869873,0.4550077021121979,-0.016148298978805542,0.6075541377067566,0.44847699999809265,-0.03439273312687874,0.5832236409187317,0.4617912173271179,-0.044111184775829315,0.6712896227836609,0.5113722085952759,-0.0035565122961997986,0.6438712477684021,0.43566203117370605,-0.02396785281598568,0.6064704060554504,0.43416786193847656,-0.040057722479104996,0.5809372067451477,0.45508506894111633,-0.04740787297487259,0.6869474053382874,0.5106313824653625,-0.016271822154521942,0.6593140959739685,0.4364360570907593,-0.031533073633909225,0.6197589039802551,0.43648287653923035,-0.04284996539354324,0.5926715731620789,0.4555942118167877,-0.04716353118419647,0.703514814376831,0.5204000473022461,-0.030571822077035904,0.6738394498825073,0.46474897861480713,-0.04079277440905571,0.6405524015426636,0.45096397399902344,-0.04770040512084961,0.6143838167190552,0.45349639654159546,-0.05050841346383095
C,0.7391631603240967,0.6716497540473938,-2.129616092361175e-07,0.6849042773246765,0.6688963770866394,-0.009806759655475616,0.6371719837188721,0.6366687417030334,-0.02014540508389473,0.5959854125976562,0.6195080280303955,-0.03403520956635475,0.5650017261505127,0.5967799425125122,-0.04668398201465607,0.6584229469299316,0.5248331427574158,0.0023745130747556686,0.6364311575889587,0.45772606134414673,-0.01954546570777893,0.607807993888855,0.44873160123825073,-0.03796505555510521,0.5850210785865784,0.4587955176830292,-0.047976940870285034,0.6715945601463318,0.5135812163352966,-0.005133132450282574,0.6429798603057861,0.43704915046691895,-0.026816073805093765,0.6057366132736206,0.4347207546234131,-0.04363822191953659,0.5807169675827026,0.4542624056339264,-0.051370661705732346,0.6872808337211609,0.5121164917945862,-0.01648811623454094,0.6592552065849304,0.4382256269454956,-0.032733455300331116,0.6202104091644287,0.43790334463119507,-0.04462699964642525,0.593791127204895,0.4563768208026886,-0.04916154965758324,0.7047045230865479,0.5216330885887146,-0.029529577121138573,0.6762518286705017,0.4654739201068878,-0.04010908678174019,0.6443413496017456,0.44953787326812744,-0.04727773740887642,0.6193269491195679,0.44922518730163574,-0.05031958222389221
C,0.737764835357666,0.6691967248916626,-2.0040640436036483e-07,0.6850046515464783,0.6687642335891724,-0.008457684889435768,0.636543333530426,0.6369822025299072,-0.01831473968923092,0.5952163338661194,0.620022714138031,-0.03186989948153496,0.5646487474441528,0.5964460372924805,-0.04432409629225731,0.6577143669128418,0.5243759751319885,0.0031079130712896585,0.636381983757019,0.45734214782714844,-0.01868070289492607,0.6078042984008789,0.44863495230674744,-0.03717685118317604,0.5840229988098145,0.4595532715320587,-0.047027043998241425,0.6717306971549988,0.5131956934928894,-0.004946282599121332,0.6449243426322937,0.4364246428012848,-0.02604922465980053,0.608371376991272,0.43245929479599,-0.04253225773572922,0.5822504758834839,0.4514008164405823,-0.0499066486954689,0.688042938709259,0.5121046900749207,-0.01670115813612938,0.6602495908737183,0.43935999274253845,-0.03217121213674545,0.6220237612724304,0.43694043159484863,-0.043507423251867294,0.5947681069374084,0.4532696306705475,-0.04767477512359619,0.705507218837738,0.5225142240524292,-0.030044138431549072,0.6765438914299011,0.4670413136482239,-0.04013841599225998,0.6452362537384033,0.44998547434806824,-0.04672137647867203,0.619749128818512,0.4484076499938965,-0.049235839396715164
C,0.736894428730011,0.6708481907844543,-2.4559975031479553e-07,0.6842947006225586,0.667255163192749,-0.010594458319246769,0.636569619178772,0.6345773339271545,-0.021284004673361778,0.595940113067627,0.6171244382858276,-0.03552335873246193,0.5647113919258118,0.5951746702194214,-0.048374466598033905,0.656998872756958,0.5223646759986877,0.0013256472302600741,0.6343621611595154,0.45369213819503784,-0.0222922470420599,0.6043177843093872,0.4490724503993988,-0.04123736917972565,0.5819741487503052,0.4632711410522461,-0.05109396204352379,0.6705048680305481,0.5113518238067627,-0.005974034313112497,0.6422029733657837,0.43139711022377014,-0.02900736965239048,0.604719340801239,0.43276405334472656,-0.04540316015481949,0.5814718008041382,0.4559202194213867,-0.0520743802189827,0.6864468455314636,0.5098592042922974,-0.01731046661734581,0.6578450798988342,0.4339908957481384,-0.0347878560423851,0.6186181306838989,0.43685105443000793,-0.04606601223349571,0.5937035083770752,0.4581994414329529,-0.04946267232298851,0.7043547630310059,0.519313395023346,-0.03037874400615692,0.6750227212905884,0.46262937784194946,-0.041544247418642044,0.6423835158348083,0.44978776574134827,-0.048098597675561905,0.6177353262901306,0.45307761430740356,-0.050228096544742584
C,0.7393617630004883,0.6678594350814819,-2.2574215563508915e-07,0.6853242516517639,0.6658073663711548,-0.009086992591619492,0.6368485689163208,0.6341068744659424,-0.019227905198931694,0.5957565307617188,0.6174007058143616,-0.03310593217611313,0.5653666257858276,0.5945751667022705,-0.0457165390253067,0.6573436260223389,0.5212229490280151,0.002742208307608962,0.6349701881408691,0.4533226788043976,-0.01930379495024681,0.606330394744873,0.4464831054210663,-0.037313129752874374,0.5846262574195862,0.4593559205532074,-0.04680728539824486,0.6712183356285095,0.5100532174110413,-0.00516433734446764,0.6428415179252625,0.43261247873306274,-0.026624849066138268,0.6061469316482544,0.4325008988380432,-0.04215548187494278,0.5825145244598389,0.45469236373901367,-0.04865352809429169,0.6872166991233826,0.5089026689529419,-0.0169755257666111,0.6590118408203125,0.4344741106033325,-0.032960616052150726,0.6204904317855835,0.43530184030532837,-0.0433046780526638,0.5949649214744568,0.45496484637260437,-0.046599384397268295,0.7047195434570312,0.5186625123023987,-0.030478786677122116,0.6757491827011108,0.46316811442375183,-0.04110747575759888,0.6439518332481384,0.4488733410835266,-0.04754079505801201,0.6193360090255737,0.44994866847991943,-0.04979090020060539
C,0.7394922375679016,0.6685426831245422,-2.169939676832655e-07,0.685734212398529,0.6669028997421265,-0.0095500648021698,0.637333869934082,0.6344478726387024,-0.019646378234028816,0.5962512493133545,0.6169597506523132,-0.03337285295128822,0.565780758857727,0.5929379463195801,-0.04587585851550102,0.6583221554756165,0.5220058560371399,0.003117127576842904,0.6375929117202759,0.45590290427207947,-0.01874716393649578,0.6086475253105164,0.4478044807910919,-0.03708093240857124,0.5849467515945435,0.4592161178588867,-0.04683283343911171,0.6717017292976379,0.5108201503753662,-0.004630850628018379,0.6452348828315735,0.4347909986972809,-0.025582849979400635,0.6078047752380371,0.43214505910873413,-0.04133978113532066,0.581637978553772,0.451503723859787,-0.04823074862360954,0.6874810457229614,0.5096113085746765,-0.016366763040423393,0.6609296798706055,0.436013787984848,-0.032295599579811096,0.622378408908844,0.4346200227737427,-0.043232303112745285,0.5955317616462708,0.45215967297554016,-0.046997636556625366,0.7048048377037048,0.5195035338401794,-0.029835281893610954,0.6760628819465637,0.4629278779029846,-0.04028763622045517,0.6438621878623962,0.44764193892478943,-0.04669483006000519,0.6183698773384094,0.448691189289093,-0.04902201518416405
C,0.7412149310112,0.6694149971008301,-2.401666563400795e-07,0.6840912699699402,0.665971577167511,-0.001566479098983109,0.6369251012802124,0.6332283616065979,-0.008491652086377144,0.5961079001426697,0.6167957782745361,-0.021345792338252068,0.5652633309364319,0.5925292372703552,-0.03353996202349663,0.6575076580047607,0.5195406079292297,0.01451724860817194,0.6353996396064758,0.4532477855682373,-0.005052957218140364,0.6062365770339966,0.44680696725845337,-0.022585097700357437,0.5831344127655029,0.45920225977897644,-0.03231966868042946,0.6717638373374939,0.5086625814437866,0.0016837698640301824,0.64194256067276,0.4325260818004608,-0.018104927614331245,0.6043031215667725,0.4327026605606079,-0.03475102782249451,0.5797698497772217,0.4555179178714752,-0.04254724830389023,0.6878905296325684,0.5078412294387817,-0.014963521622121334,0.6580167412757874,0.43331488966941833,-0.03010338544845581,0.6180638670921326,0.4349251091480255,-0.04165371134877205,0.5920711755752563,0.45612266659736633,-0.046135637909173965,0.7049213647842407,0.5171318054199219,-0.03286714106798172,0.6738665699958801,0.46093878149986267,-0.04295029118657112,0.6399309635162354,0.4474295675754547,-0.04977669566869736,0.6142024993896484,0.4499925374984741,-0.05274658650159836
C,0.7390745878219604,0.6687234044075012,-2.0821298107875919e-07,0.6844281554222107,0.6654609441757202,-0.004404743667691946,0.6378157734870911,0.6325032711029053,-0.012944445013999939,0.5970104336738586,0.6168854832649231,-0.026466118171811104,0.5661070346832275,0.5944507718086243,-0.03909945487976074,0.6585068106651306,0.5204642415046692,0.007865638472139835,0.6380784511566162,0.4518927037715912,-0.013723456300795078,0.6089807748794556,0.44395390152931213,-0.03185388818383217,0.5851711630821228,0.45654070377349854,-0.041545163840055466,0.6717953085899353,0.5109632611274719,-0.0034561804495751858,0.6453776359558105,0.432651549577713,-0.025124849751591682,0.607525110244751,0.43071216344833374,-0.041507817804813385,0.5813267230987549,0.4518239498138428,-0.048714522272348404,0.6876307129859924,0.5111620426177979,-0.018517691642045975,0.6598719954490662,0.4358101487159729,-0.03503113240003586,0.6194484829902649,0.43606558442115784,-0.04647452384233475,0.591694176197052,0.4548243284225464,-0.05057555437088013,0.7044662237167358,0.5214219093322754,-0.0349118672311306,0.6735149621963501,0.4647887647151947,-0.04598153755068779,0.6390357613563538,0.45091986656188965,-0.052995309233665466,0.6122541427612305,0.45239514112472534,-0.055848635733127594
C,0.7373273372650146,0.6672293543815613,-2.0980286308258655e-07,0.6830368041992188,0.6664096713066101,-0.008943523280322552,0.6356451511383057,0.6347664594650269,-0.019135653972625732,0.5949873328208923,0.6173186302185059,-0.03302273154258728,0.564331591129303,0.5932393074035645,-0.045613665133714676,0.6569882035255432,0.5208035707473755,0.002739826450124383,0.6369085311889648,0.4539210796356201,-0.019891228526830673,0.6075403690338135,0.4471706748008728,-0.03874918445944786,0.5834211111068726,0.460056334733963,-0.04884457215666771,0.6703953146934509,0.5107728242874146,-0.0054480452090501785,0.6449351906776428,0.43337851762771606,-0.02774694189429283,0.6074619293212891,0.4315515160560608,-0.04443022981286049,0.5813424587249756,0.45119908452033997,-0.05172748491168022,0.6862425208091736,0.5103650689125061,-0.017497878521680832,0.6596524715423584,0.43627408146858215,-0.03421207144856453,0.6203247904777527,0.4357491135597229,-0.045877616852521896,0.5928181409835815,0.4533896744251251,-0.05000768601894379,0.7033963203430176,0.52091383934021,-0.031191008165478706,0.6749774217605591,0.46500343084335327,-0.04226576164364815,0.6424142122268677,0.4501490592956543,-0.049417827278375626,0.616352915763855,0.45084524154663086,-0.05223310366272926
C,0.7381985187530518,0.6698330640792847,-2.0650327314797323e-07,0.6845563054084778,0.667073667049408,-0.009014897048473358,0.6367517709732056,0.6348702311515808,-0.019497040659189224,0.5957717895507812,0.6176518797874451,-0.03371181711554527,0.5653180480003357,0.5933765172958374,-0.04664337635040283,0.6587467789649963,0.5218886137008667,0.0029364607762545347,0.6375783085823059,0.4551329016685486,-0.019495951011776924,0.6084918975830078,0.44761887192726135,-0.0381789468228817,0.5845658183097839,0.4595244824886322,-0.04791225865483284,0.6724240779876709,0.511528491973877,-0.005149116739630699,0.6467574834823608,0.4347270429134369,-0.026499463245272636,0.6097496151924133,0.4312137961387634,-0.042389869689941406,0.5834897756576538,0.45033037662506104,-0.0491231307387352,0.6884502172470093,0.5110613107681274,-0.017135508358478546,0.6614848375320435,0.43697214126586914,-0.03277108818292618,0.6234468817710876,0.43560612201690674,-0.04296839237213135,0.5966769456863403,0.45254361629486084,-0.0461294911801815,0.7060134410858154,0.5216225385665894,-0.030845850706100464,0.6777066588401794,0.46500924229621887,-0.040764033794403076,0.6466946601867676,0.44925546646118164,-0.04639243334531784,0.6218975782394409,0.4491669535636902,-0.04801833629608154
C,0.7381985187530518,0.6698330640792847,-2.0650327314797323e-07,0.6845563054084778,0.667073667049408,-0.009014897048473358,0.6367517709732056,0.6348702311515808,-0.019497040659189224,0.5957717895507812,0.6176518797874451,-0.03371181711554527,0.5653180480003357,0.5933765172958374,-0.04664337635040283,0.6587467789649963,0.5218886137008667,0.0029364607762545347,0.6375783085823059,0.4551329016685486,-0.019495951011776924,0.6084918975830078,0.44761887192726135,-0.0381789468228817,0.5845658183097839,0.4595244824886322,-0.04791225865483284,0.6724240779876709,0.511528491973877,-0.005149116739630699,0.6467574834823608,0.4347270429134369,-0.026499463245272636,0.6097496151924133,0.4312137961387634,-0.042389869689941406,0.5834897756576538,0.45033037662506104,-0.0491231307387352,0.6884502172470093,0.5110613107681274,-0.017135508358478546,0.6614848375320435,0.43697214126586914,-0.03277108818292618,0.6234468817710876,0.43560612201690674,-0.04296839237213135,0.5966769456863403,0.45254361629486084,-0.0461294911801815,0.7060134410858154,0.5216225385665894,-0.030845850706100464,0.6777066588401794,0.46500924229621887,-0.040764033794403076,0.6466946601867676,0.44925546646118164,-0.04639243334531784,0.6218975782394409,0.4491669535636902,-0.04801833629608154
C,0.7392027378082275,0.6698815822601318,-2.2217903961063712e-07,0.6833810806274414,0.6664856672286987,-0.004893235396593809,0.6366344094276428,0.6349046230316162,-0.01376891229301691,0.5962918996810913,0.6188666820526123,-0.02757822535932064,0.5664247274398804,0.5943832397460938,-0.04045186936855316,0.6577962040901184,0.5221101641654968,0.00843769870698452,0.6369684338569641,0.4549781084060669,-0.01240608375519514,0.6081520318984985,0.44777417182922363,-0.030487846583127975,0.5849093794822693,0.46039441227912903,-0.040339063853025436,0.6713712811470032,0.5113829374313354,-0.0023171883076429367,0.6439648270606995,0.43497002124786377,-0.022662892937660217,0.6065506339073181,0.43344298005104065,-0.039151355624198914,0.5810088515281677,0.4546767473220825,-0.046842947602272034,0.6868760585784912,0.5101814270019531,-0.016799326986074448,0.6593793630599976,0.4355291426181793,-0.031594861298799515,0.6201884150505066,0.43500834703445435,-0.04259777441620827,0.5933631062507629,0.45406821370124817,-0.04692436009645462,0.7035523653030396,0.5193924307823181,-0.03276033326983452,0.6742498874664307,0.46353065967559814,-0.04233860969543457,0.6419117450714111,0.44870054721832275,-0.04860678315162659,0.6165364980697632,0.4500311017036438,-0.051162730902433395
C,0.7371118068695068,0.6705999970436096,-2.0146590884451143e-07,0.682360827922821,0.6669408679008484,-0.008380455896258354,0.6355667114257812,0.6358706951141357,-0.01826302334666252,0.595712423324585,0.6192020773887634,-0.03221723064780235,0.5659989714622498,0.5940597653388977,-0.045044753700494766,0.6580264568328857,0.5240402221679688,0.00508689321577549,0.6370038986206055,0.45883381366729736,-0.016785094514489174,0.6085357069969177,0.44902360439300537,-0.03573746234178543,0.5841658115386963,0.45838701725006104,-0.04605427011847496,0.6714357733726501,0.5127660036087036,-0.003580525517463684,0.6455892324447632,0.4371848702430725,-0.02504941262304783,0.6090899705886841,0.43239542841911316,-0.04219866916537285,0.58213210105896,0.45121070742607117,-0.050056129693984985,0.6873468160629272,0.5111991167068481,-0.016179442405700684,0.6603345274925232,0.43901893496513367,-0.032131217420101166,0.6222043037414551,0.4366428852081299,-0.04384636506438255,0.5945959091186523,0.45349493622779846,-0.04820913448929787,0.7047377228736877,0.5203758478164673,-0.030479267239570618,0.6758800148963928,0.46558940410614014,-0.04107680916786194,0.6445762515068054,0.44947725534439087,-0.047867778688669205,0.6188992857933044,0.4490748941898346,-0.05049745365977287
C,0.7399946451187134,0.6703159809112549,-2.088595039140273e-07,0.6829482316970825,0.6677766442298889,-0.0022757169790565968,0.6370121240615845,0.6360026001930237,-0.010381681844592094,0.5967124700546265,0.6194124221801758,-0.024171292781829834,0.5654035806655884,0.594950795173645,-0.037331197410821915,0.6577396988868713,0.521914541721344,0.01224591489881277,0.6360071897506714,0.4551393389701843,-0.007750066928565502,0.6073402762413025,0.4473734498023987,-0.025928106158971786,0.5833183526992798,0.45955947041511536,-0.03616015240550041,0.6720085144042969,0.5113236904144287,-0.0004066532710567117,0.6441059708595276,0.4358314573764801,-0.02044273354113102,0.6071144342422485,0.43282148241996765,-0.037772443145513535,0.5808106660842896,0.4533838629722595,-0.04630374535918236,0.6879881024360657,0.510748028755188,-0.016722174361348152,0.6597054600715637,0.43807750940322876,-0.03140363469719887,0.6206295490264893,0.4365059733390808,-0.04319380968809128,0.592850923538208,0.4549565017223358,-0.04826149716973305,0.7045919895172119,0.5204775333404541,-0.03437940031290054,0.6753712892532349,0.4659139811992645,-0.04422008618712425,0.6434097290039062,0.4492906928062439,-0.05123596638441086,0.6174183487892151,0.4485539197921753,-0.05455362796783447
C,0.7411201000213623,0.6706643104553223,-2.0644316123252793e-07,0.6834294199943542,0.6684033870697021,-0.0034724369179457426,0.6364774107933044,0.6366651058197021,-0.011660758405923843,0.5959760546684265,0.6198925375938416,-0.02527047134935856,0.5652647018432617,0.5941426157951355,-0.03817335516214371,0.6587013006210327,0.5218639969825745,0.0123380022123456,0.6372706294059753,0.45685335993766785,-0.007458420004695654,0.6080104112625122,0.4494062662124634,-0.02582281269133091,0.5832765698432922,0.46042391657829285,-0.036405522376298904,0.67303067445755,0.5109871625900269,0.000346456392435357,0.6454553604125977,0.43579620122909546,-0.01960776373744011,0.6079407930374146,0.4327846169471741,-0.03728529065847397,0.5812479257583618,0.45227906107902527,-0.046145856380462646,0.6891418695449829,0.5107299089431763,-0.015441568568348885,0.6607055068016052,0.4381604790687561,-0.030401356518268585,0.6212939023971558,0.43693119287490845,-0.04267735034227371,0.5936422944068909,0.4550934433937073,-0.04803982749581337,0.7060867547988892,0.521049439907074,-0.03264669328927994,0.6762754321098328,0.46604183316230774,-0.04296961426734924,0.6438388228416443,0.4506798982620239,-0.05027199909090996,0.6180384159088135,0.4511694610118866,-0.05375434458255768
C,0.7404404878616333,0.6716946363449097,-2.1957534102057252e-07,0.6859038472175598,0.6696323752403259,-0.008370050229132175,0.6373603940010071,0.6368111968040466,-0.01828499510884285,0.5963600873947144,0.6196901798248291,-0.03237371891736984,0.5661885738372803,0.5949087738990784,-0.04508022591471672,0.6598055958747864,0.5227164626121521,0.003843744285404682,0.6388916373252869,0.4547711908817291,-0.018631208688020706,0.6086965799331665,0.4485393166542053,-0.03694206476211548,0.5847837924957275,0.4616183638572693,-0.04655743017792702,0.6731407642364502,0.5121122598648071,-0.005353075917810202,0.6465612649917603,0.43167316913604736,-0.02718837559223175,0.6080942749977112,0.43052148818969727,-0.042633749544620514,0.5831435322761536,0.4529464840888977,-0.04880531132221222,0.688726544380188,0.5119912028312683,-0.01861143484711647,0.6599135398864746,0.4369601607322693,-0.03534137085080147,0.6193155646324158,0.43701836466789246,-0.04609312117099762,0.5929865837097168,0.45637837052345276,-0.04936998710036278,0.7055457234382629,0.522551417350769,-0.03360438719391823,0.6760475635528564,0.4643550217151642,-0.044767118990421295,0.642316997051239,0.452534943819046,-0.051078543066978455,0.616944432258606,0.45826277136802673,-0.05309208855032921
C,0.7381680607795715,0.6683770418167114,-2.0695227931355475e-07,0.6849327087402344,0.669293999671936,-0.00900844857096672,0.6362837553024292,0.6370922923088074,-0.018787741661071777,0.5953694581985474,0.6190369129180908,-0.03209025040268898,0.5651805996894836,0.5944784283638,-0.0441383495926857,0.658927321434021,0.5239824056625366,0.0021666118409484625,0.6378421187400818,0.4574719965457916,-0.01959710568189621,0.6089311838150024,0.4493680000305176,-0.037857506424188614,0.5847984552383423,0.4613693356513977,-0.04761277511715889,0.672834038734436,0.5130524039268494,-0.0055409143678843975,0.6467537879943848,0.4365110397338867,-0.026735901832580566,0.6094613075256348,0.4333502948284149,-0.042596038430929184,0.5827375650405884,0.4530452489852905,-0.04943820834159851,0.6886860132217407,0.5117873549461365,-0.016960453242063522,0.6614012718200684,0.4379183351993561,-0.03269340097904205,0.6227205395698547,0.4362565875053406,-0.04331701621413231,0.594793438911438,0.4535444676876068,-0.046865131705999374,0.7056694030761719,0.5217975378036499,-0.03003753535449505,0.6771950125694275,0.4662986397743225,-0.04064127057790756,0.6459803581237793,0.4506925940513611,-0.04705215245485306,0.6202187538146973,0.45116111636161804,-0.049234624952077866
C,0.7392194271087646,0.6670938730239868,-2.047570291097145e-07,0.6853672862052917,0.667815625667572,-0.00814483780413866,0.6377981305122375,0.6358961462974548,-0.018138326704502106,0.5965838432312012,0.6186412572860718,-0.03205231949687004,0.5650113821029663,0.5953028798103333,-0.04481678828597069,0.6588106751441956,0.5230613350868225,0.002890384988859296,0.6375804543495178,0.45550957322120667,-0.019541630521416664,0.6081244945526123,0.44785642623901367,-0.03834569454193115,0.5842178463935852,0.46000346541404724,-0.04856115207076073,0.6724137663841248,0.5129801630973816,-0.006106337066739798,0.6463670134544373,0.43547117710113525,-0.02843041904270649,0.6083568334579468,0.4327080547809601,-0.045236919075250626,0.5820722579956055,0.4528152346611023,-0.05281483381986618,0.6884017586708069,0.512518048286438,-0.018858902156352997,0.6614729166030884,0.43867793679237366,-0.03543924167752266,0.6213697195053101,0.437513530254364,-0.047178301960229874,0.5935878753662109,0.4552280306816101,-0.05159446969628334,0.7056462168693542,0.5223850607872009,-0.03323160856962204,0.6767858266830444,0.4661283493041992,-0.044594068080186844,0.6430565714836121,0.45103415846824646,-0.052042990922927856,0.6161861419677734,0.4521871507167816,-0.05518249422311783
C,0.7384012937545776,0.6683194637298584,-2.0833267910802533e-07,0.684723973274231,0.6668984889984131,-0.008447540923953056,0.637041449546814,0.6352908611297607,-0.018542926758527756,0.5958261489868164,0.6189371347427368,-0.03249725326895714,0.565680742263794,0.5949499607086182,-0.04515116289258003,0.6584106087684631,0.5229045152664185,0.0027083675377070904,0.6372425556182861,0.4535990357398987,-0.019946182146668434,0.6077615022659302,0.4469555914402008,-0.03823978453874588,0.5850788950920105,0.46079832315444946,-0.04771652817726135,0.6719542741775513,0.5126397013664246,-0.005798725411295891,0.6452852487564087,0.4340895116329193,-0.028018446639180183,0.6075025796890259,0.43244513869285583,-0.04418456181883812,0.582520604133606,0.4536486864089966,-0.05088883265852928,0.6879554390907288,0.5119819641113281,-0.018128039315342903,0.660431981086731,0.4371846914291382,-0.03451533243060112,0.620576024055481,0.4366627335548401,-0.0454661063849926,0.5937190651893616,0.4548777639865875,-0.048990633338689804,0.7055164575576782,0.5217770934104919,-0.032065894454717636,0.675696074962616,0.46584174036979675,-0.042865652590990067,0.6429895162582397,0.45099830627441406,-0.04944905638694763,0.6178461313247681,0.4518091678619385,-0.05163118615746498
C,0.739496648311615,0.6730294823646545,-2.28883990871509e-07,0.6864240169525146,0.66776442527771,-0.00945974886417389,0.638801634311676,0.6344982981681824,-0.02023119479417801,0.598078191280365,0.6177079081535339,-0.034796714782714844,0.5669596791267395,0.5952876806259155,-0.04777819663286209,0.658433198928833,0.5195755362510681,0.0023960378021001816,0.6361142992973328,0.45045006275177,-0.021124793216586113,0.6059315204620361,0.4457426071166992,-0.04000493139028549,0.5829721689224243,0.461145281791687,-0.049655430018901825,0.6719560027122498,0.5094025731086731,-0.005635193549096584,0.6430366635322571,0.43083029985427856,-0.028014158830046654,0.6053988337516785,0.4321597218513489,-0.043460454791784286,0.5814929008483887,0.4560033977031708,-0.04946082457900047,0.6878056526184082,0.5096653699874878,-0.017713885754346848,0.657717764377594,0.43497565388679504,-0.03424730896949768,0.6186122894287109,0.43724024295806885,-0.043923165649175644,0.593000054359436,0.45813965797424316,-0.0463777519762516,0.7049206495285034,0.5216807126998901,-0.03160222992300987,0.6767904162406921,0.46581730246543884,-0.04201938584446907,0.6455254554748535,0.4517498016357422,-0.047611936926841736,0.621245801448822,0.45362624526023865,-0.04897665977478027
C,0.7366881966590881,0.6677347421646118,-2.1412550665900199e-07,0.6839832663536072,0.6659879684448242,-0.009239551611244678,0.6363173127174377,0.6345571279525757,-0.019566619768738747,0.5960789918899536,0.617881178855896,-0.033463094383478165,0.5658838152885437,0.5948003530502319,-0.045893650501966476,0.6576160788536072,0.5219551920890808,0.0011569807538762689,0.6376829147338867,0.45313557982444763,-0.02164585329592228,0.6082026958465576,0.44719991087913513,-0.03977726027369499,0.5854978561401367,0.46086597442626953,-0.04908817633986473,0.670848548412323,0.5115551352500916,-0.006650353781878948,0.6455215215682983,0.4326525628566742,-0.02878069318830967,0.6075212955474854,0.43204739689826965,-0.04387051984667778,0.5828309655189514,0.45336848497390747,-0.04969093203544617,0.6864802241325378,0.5106578469276428,-0.01830364018678665,0.6588946580886841,0.4367877244949341,-0.03447159007191658,0.6199875473976135,0.4377579391002655,-0.04425118491053581,0.5941808819770813,0.4563038945198059,-0.0469309464097023,0.7040339708328247,0.5204299688339233,-0.03167901933193207,0.6758588552474976,0.46483686566352844,-0.04169008880853653,0.6445741653442383,0.45144832134246826,-0.04718055948615074,0.620292603969574,0.4529781639575958,-0.04866061359643936
C,0.7407395839691162,0.6711868047714233,-2.1711797160151036e-07,0.6838383674621582,0.6677345633506775,-0.000976722571067512,0.6368759870529175,0.6352522969245911,-0.007518847938627005,0.5963379740715027,0.6187194585800171,-0.019888417795300484,0.5654177069664001,0.5954325199127197,-0.031521689146757126,0.6569749116897583,0.5224759578704834,0.015083287842571735,0.6358081698417664,0.45566898584365845,-0.00401903735473752,0.6073250770568848,0.44772589206695557,-0.021553732454776764,0.5831265449523926,0.4591381251811981,-0.031262874603271484,0.6709553003311157,0.5117819905281067,0.002447316888719797,0.644729733467102,0.435977578163147,-0.016640514135360718,0.6082499623298645,0.43195775151252747,-0.03333623334765434,0.5818605422973633,0.45136600732803345,-0.041362568736076355,0.6868237257003784,0.5106713771820068,-0.013844604603946209,0.659416675567627,0.4382537305355072,-0.027817469090223312,0.6208410859107971,0.43698352575302124,-0.03925823047757149,0.593258798122406,0.45478951930999756,-0.044009286910295486,0.703355610370636,0.5197213888168335,-0.03136767819523811,0.6733592748641968,0.4655022621154785,-0.040191732347011566,0.6411438584327698,0.45054590702056885,-0.046506933867931366,0.615090012550354,0.45066559314727783,-0.04939308762550354
C,0.7413527965545654,0.6724941730499268,-2.2478742778275773e-07,0.6833409667015076,0.6682335138320923,0.0011283489875495434,0.6368709802627563,0.6360651254653931,-0.005082657095044851,0.5966139435768127,0.6202392578125,-0.01794775389134884,0.5654711723327637,0.5962805151939392,-0.030528610572218895,0.6575855016708374,0.5226061344146729,0.018882425501942635,0.6351310014724731,0.45828989148139954,0.0010248376056551933,0.6068137884140015,0.45017528533935547,-0.016524123027920723,0.583120584487915,0.4606950879096985,-0.026789994910359383,0.6718539595603943,0.511134684085846,0.004195355344563723,0.6424844264984131,0.4372192323207855,-0.013455887325108051,0.6058615446090698,0.43283843994140625,-0.030839817598462105,0.5798303484916687,0.4521285593509674,-0.04015611484646797,0.6878181099891663,0.5097565054893494,-0.01416917983442545,0.658284604549408,0.43736857175827026,-0.027524450793862343,0.6191824078559875,0.4357043206691742,-0.03970242291688919,0.5921757221221924,0.454451322555542,-0.04563101381063461,0.7041094303131104,0.5188913941383362,-0.033679358661174774,0.6728658080101013,0.4640066623687744,-0.042613644152879715,0.6397560238838196,0.44924643635749817,-0.0493798702955246,0.6137882471084595,0.4505401849746704,-0.05302806198596954
C,0.7393993139266968,0.6683390736579895,-2.103039520306993e-07,0.6848315000534058,0.6663731932640076,-0.008890376426279545,0.6358003616333008,0.6346063613891602,-0.018740618601441383,0.5945976972579956,0.6170706748962402,-0.032219141721725464,0.5646460056304932,0.5936535596847534,-0.04440471529960632,0.6561662554740906,0.5225059986114502,0.003444802016019821,0.6343783736228943,0.4544251561164856,-0.018543491140007973,0.6067966818809509,0.4467165768146515,-0.03660973533987999,0.5849999189376831,0.45852556824684143,-0.0459502674639225,0.6702882051467896,0.5106385350227356,-0.0039502717554569244,0.6411173343658447,0.43418726325035095,-0.02566014789044857,0.60487300157547,0.4334290027618408,-0.04175949469208717,0.5806199312210083,0.4549039304256439,-0.048411253839731216,0.6869414448738098,0.5088862180709839,-0.015162715688347816,0.6573767066001892,0.43588942289352417,-0.031511176377534866,0.6194908618927002,0.43740272521972656,-0.04228690266609192,0.5937196016311646,0.45718124508857727,-0.04549916461110115,0.7056590914726257,0.5183644890785217,-0.027918871492147446,0.6766127347946167,0.46426570415496826,-0.03846551105380058,0.6464146971702576,0.4483538568019867,-0.04483244568109512,0.6223500370979309,0.44684338569641113,-0.04681301489472389
C,0.736081600189209,0.6659705638885498,-1.9760442171445902e-07,0.6840952634811401,0.665145754814148,-0.010944710113108158,0.6363237500190735,0.6337700486183167,-0.02198312245309353,0.5953315496444702,0.6169844269752502,-0.03626297041773796,0.5644040703773499,0.5937994122505188,-0.04931234195828438,0.6569499969482422,0.5208371877670288,0.00013876560842618346,0.6355295777320862,0.4535153806209564,-0.023084407672286034,0.6068928837776184,0.4448341727256775,-0.042358264327049255,0.5835362672805786,0.45649784803390503,-0.052575867623090744,0.6711431741714478,0.510566234588623,-0.006734746042639017,0.6429333686828613,0.4347904324531555,-0.029239805415272713,0.606290340423584,0.4318663477897644,-0.046164620667696,0.5807034373283386,0.45154130458831787,-0.053657300770282745,0.6877774000167847,0.5097587704658508,-0.017510248348116875,0.6589058637619019,0.435951292514801,-0.034743309020996094,0.6203557252883911,0.43561744689941406,-0.04613541439175606,0.5934275388717651,0.453844279050827,-0.04994913563132286,0.7059355974197388,0.5197061896324158,-0.029981208965182304,0.6762639284133911,0.46477848291397095,-0.04202282801270485,0.6442956924438477,0.4501466751098633,-0.04917304590344429,0.6185839176177979,0.4508213996887207,-0.051648493856191635
C,0.7380681037902832,0.6680914759635925,-2.364444640079455e-07,0.6834987998008728,0.6655007600784302,-0.006936858408153057,0.6356076598167419,0.6325470209121704,-0.015833696350455284,0.5952357053756714,0.6165811419487,-0.02899959683418274,0.5647449493408203,0.594603419303894,-0.04091288149356842,0.6566289067268372,0.5198695063591003,0.005559513811022043,0.6350486874580383,0.45200201869010925,-0.016205040737986565,0.6052004098892212,0.44741329550743103,-0.034332625567913055,0.5823199152946472,0.4621847867965698,-0.043952424079179764,0.6700465679168701,0.5093350410461426,-0.0035918564535677433,0.6418496370315552,0.4315112233161926,-0.02432432770729065,0.603996992111206,0.4322362542152405,-0.03997029736638069,0.5798434019088745,0.45474550127983093,-0.04684354364871979,0.6858925223350525,0.5079355835914612,-0.016591930761933327,0.6567018032073975,0.43242132663726807,-0.032014619559049606,0.6167662143707275,0.4351365864276886,-0.04242905229330063,0.591086745262146,0.45636922121047974,-0.04602399468421936,0.7031390070915222,0.5166005492210388,-0.031185423955321312,0.6729161739349365,0.46011343598365784,-0.041145890951156616,0.6391885280609131,0.4489400386810303,-0.04706382378935814,0.6137892007827759,0.4540560245513916,-0.04916035011410713
C,0.7435760498046875,0.670372486114502,-2.10609542250495e-07,0.6831330060958862,0.6668508052825928,0.0068152048625051975,0.6369471549987793,0.6347522139549255,0.002378064440563321,0.5965749025344849,0.6202966570854187,-0.01026114635169506,0.565315842628479,0.5940791964530945,-0.023370463401079178,0.6577038168907166,0.5223022699356079,0.024504318833351135,0.6346584558486938,0.45726484060287476,0.008038347586989403,0.6060769557952881,0.44813233613967896,-0.00918618030846119,0.5818833112716675,0.4580349028110504,-0.019857341423630714,0.6728817820549011,0.5115179419517517,0.005632253363728523,0.6433272361755371,0.43680572509765625,-0.012734837830066681,0.6060947179794312,0.43304726481437683,-0.03198864683508873,0.5796658992767334,0.4540010690689087,-0.04267966002225876,0.6891157627105713,0.5107741355895996,-0.016520386561751366,0.6597402095794678,0.43861469626426697,-0.030425259843468666,0.6196470260620117,0.43739527463912964,-0.04427013173699379,0.5915524959564209,0.45653975009918213,-0.05155707150697708,0.7052724957466125,0.5198881030082703,-0.039355456829071045,0.6741658449172974,0.4654233157634735,-0.04919610545039177,0.6402035355567932,0.45082542300224304,-0.057291265577077866,0.6129478812217712,0.4514580965042114,-0.06219608709216118
C,0.7381051182746887,0.6699011325836182,-2.1681337614154472e-07,0.6849080324172974,0.6669750213623047,-0.01007887814193964,0.6376327276229858,0.6352083683013916,-0.0210628230124712,0.5968433022499084,0.6182315349578857,-0.03564116731286049,0.5653308629989624,0.5960142612457275,-0.0489383228123188,0.6574274301528931,0.522811770439148,0.0016850263345986605,0.6361794471740723,0.4546986222267151,-0.02166055515408516,0.6071178317070007,0.44725680351257324,-0.04086153209209442,0.5843902230262756,0.45940425992012024,-0.05115926265716553,0.6709129810333252,0.5120890140533447,-0.006143555510789156,0.6430867910385132,0.4345525801181793,-0.029112502932548523,0.6057969927787781,0.43365728855133057,-0.04619402438402176,0.5812839269638062,0.4547170102596283,-0.053737442940473557,0.6869292259216309,0.5112577676773071,-0.01794728823006153,0.659323513507843,0.43675288558006287,-0.03538444638252258,0.6200297474861145,0.43669161200523376,-0.047338418662548065,0.5936741828918457,0.4553498327732086,-0.051575906574726105,0.7047699093818665,0.5213186740875244,-0.03142901510000229,0.6751831769943237,0.465955913066864,-0.04313426837325096,0.6427052021026611,0.4514715075492859,-0.050557129085063934,0.6177105903625488,0.45209452509880066,-0.05346908047795296
C,0.7379875779151917,0.6678763628005981,-2.1311356590558717e-07,0.6832547783851624,0.6670697927474976,-0.0071885972283780575,0.6353902816772461,0.634981095790863,-0.016576245427131653,0.5944926738739014,0.6180852651596069,-0.030061107128858566,0.5641360282897949,0.5940060019493103,-0.0425901785492897,0.6569793224334717,0.5214623212814331,0.004202710930258036,0.6354573369026184,0.45516496896743774,-0.017841283231973648,0.6064339280128479,0.4472593069076538,-0.036427807062864304,0.5831342339515686,0.4594704210758209,-0.04641660675406456,0.670822024345398,0.5111314654350281,-0.004854900762438774,0.6445373892784119,0.434878408908844,-0.026453416794538498,0.6070627570152283,0.4328685402870178,-0.043114855885505676,0.5816975235939026,0.45306262373924255,-0.050548356026411057,0.6870067119598389,0.5109113454818726,-0.017592038959264755,0.6608403921127319,0.43690600991249084,-0.03384606912732124,0.6212997436523438,0.4357748031616211,-0.04542041942477226,0.5942187309265137,0.45375850796699524,-0.04957975074648857,0.7041723728179932,0.5216158032417297,-0.031788766384124756,0.6759657859802246,0.46589502692222595,-0.04265380650758743,0.6437932252883911,0.45118284225463867,-0.049523234367370605,0.6186589002609253,0.4525192379951477,-0.0520784817636013
C,0.7383100986480713,0.668361246585846,-2.1022769658429752e-07,0.6847141981124878,0.6658663749694824,-0.008550882339477539,0.6368119120597839,0.6343998908996582,-0.018830567598342896,0.5961118936538696,0.6181034445762634,-0.03288521245121956,0.5657027959823608,0.59441739320755,-0.045929040759801865,0.6571992635726929,0.5225643515586853,0.0023343816865235567,0.6358739137649536,0.4550767242908478,-0.020275594666600227,0.6077818870544434,0.4467470049858093,-0.039107952266931534,0.5849168300628662,0.4588474631309509,-0.049057260155677795,0.6713873147964478,0.5121035575866699,-0.005873648915439844,0.64378821849823,0.43578940629959106,-0.027836445719003677,0.6073157787322998,0.43291789293289185,-0.044542379677295685,0.5816593170166016,0.45322003960609436,-0.051932670176029205,0.687964677810669,0.5115046501159668,-0.01783919893205166,0.6596173048019409,0.43738994002342224,-0.03437585011124611,0.6217403411865234,0.43593934178352356,-0.045737333595752716,0.5950895547866821,0.4541829824447632,-0.04968111589550972,0.7060376405715942,0.5218071341514587,-0.031332895159721375,0.6768004894256592,0.4670353829860687,-0.04242519661784172,0.6459241509437561,0.4511027932167053,-0.049200572073459625,0.6209043264389038,0.4506852328777313,-0.05161319673061371
C,0.7395645380020142,0.6707375645637512,-2.448199154514441e-07,0.6832930445671082,0.6663950085639954,-0.004986749030649662,0.6362117528915405,0.6348426938056946,-0.014064938761293888,0.5959826707839966,0.6186531186103821,-0.028295200318098068,0.5648274421691895,0.5950912833213806,-0.041658058762550354,0.6570983529090881,0.5199899673461914,0.008046566508710384,0.6346349716186523,0.4523043930530548,-0.013625701889395714,0.6051052808761597,0.4480534493923187,-0.03192156180739403,0.5825849175453186,0.4632459878921509,-0.041601840406656265,0.6708603501319885,0.5096810460090637,-0.002902254229411483,0.642114520072937,0.4312802851200104,-0.02361680194735527,0.6049908995628357,0.43155375123023987,-0.03965842351317406,0.5814595222473145,0.4553426206111908,-0.04670531302690506,0.6867964267730713,0.5094988346099854,-0.01773572713136673,0.657492995262146,0.4348199963569641,-0.03334802761673927,0.6184341311454773,0.43535417318344116,-0.04446195065975189,0.5931955575942993,0.45657262206077576,-0.04848019406199455,0.7039954662322998,0.5196446776390076,-0.03405467048287392,0.6739310622215271,0.46359455585479736,-0.04426198825240135,0.6412160396575928,0.4507438540458679,-0.05052019655704498,0.6162826418876648,0.45499560236930847,-0.05286461487412453
C,0.7402188777923584,0.6692960858345032,-2.2068196869895473e-07,0.6835120320320129,0.6656893491744995,-0.002988169901072979,0.6361957788467407,0.6338356137275696,-0.01076491829007864,0.5951361060142517,0.6184391379356384,-0.02385016717016697,0.5640990138053894,0.5956423282623291,-0.0362078882753849,0.657437801361084,0.5209453105926514,0.011798652820289135,0.6361421942710876,0.4569293260574341,-0.007679711561650038,0.6072346568107605,0.4503324031829834,-0.025018863379955292,0.5838996171951294,0.4623306393623352,-0.0345158651471138,0.6715059280395508,0.5100373029708862,0.00015576311852782965,0.6452237963676453,0.4341934025287628,-0.01880686916410923,0.6081300377845764,0.43151208758354187,-0.034449655562639236,0.5821271538734436,0.4520901143550873,-0.04156457632780075,0.6874671578407288,0.5095940232276917,-0.015214884653687477,0.6601996421813965,0.43565136194229126,-0.029536165297031403,0.6208502054214478,0.4338119626045227,-0.04032043740153313,0.5936671495437622,0.4517523944377899,-0.044384416192770004,0.7036126255989075,0.5197827816009521,-0.03190597891807556,0.6731669902801514,0.46388310194015503,-0.04121408611536026,0.640447199344635,0.4495682418346405,-0.04713951423764229,0.6150305271148682,0.45148590207099915,-0.04945914074778557
C,0.7379834055900574,0.6669495105743408,-2.2401509625069593e-07,0.6841260194778442,0.6671186685562134,-0.00636316230520606,0.6360234022140503,0.6343583464622498,-0.015640612691640854,0.5946146845817566,0.6176505088806152,-0.029033316299319267,0.5639848709106445,0.5936603546142578,-0.0414373017847538,0.6577571034431458,0.5218159556388855,0.004066115710884333,0.6370924115180969,0.45409297943115234,-0.018061235547065735,0.6067367792129517,0.44704297184944153,-0.036464888602495193,0.5818222761154175,0.4601224362850189,-0.046228840947151184,0.6716756224632263,0.5118451118469238,-0.0054810913279652596,0.6450697183609009,0.4343640208244324,-0.02712200954556465,0.6067341566085815,0.4322846233844757,-0.043439172208309174,0.5801992416381836,0.4529525637626648,-0.05060027167201042,0.6876272559165955,0.5118341445922852,-0.018600301817059517,0.6598591804504395,0.43685486912727356,-0.03464212641119957,0.6203678250312805,0.4356686472892761,-0.045723963528871536,0.5927029252052307,0.4533456265926361,-0.04965074732899666,0.7047533392906189,0.522315263748169,-0.03310895711183548,0.6747406721115112,0.46637818217277527,-0.04377087950706482,0.6425182819366455,0.45171821117401123,-0.05032292753458023,0.6170706748962402,0.4528045058250427,-0.05271616205573082
C,0.7408835291862488,0.6715996861457825,-2.1897660928971163e-07,0.6830506920814514,0.6679624319076538,-0.0011593085946515203,0.6355546116828918,0.6348194479942322,-0.008232100866734982,0.5944657325744629,0.6187600493431091,-0.021158777177333832,0.5638084411621094,0.5941705703735352,-0.03354227542877197,0.6563100218772888,0.521031379699707,0.014140382409095764,0.6356119513511658,0.4546405076980591,-0.0053786626085639,0.6065917611122131,0.4478228688240051,-0.02305431105196476,0.582156777381897,0.4599606692790985,-0.032823607325553894,0.6710931062698364,0.5105546116828918,0.0010627292795106769,0.6445522308349609,0.43385064601898193,-0.018489427864551544,0.6072577238082886,0.4306081533432007,-0.035370320081710815,0.5806667804718018,0.4509924352169037,-0.04335677623748779,0.6879470944404602,0.5104833841323853,-0.015719443559646606,0.6595677733421326,0.43753308057785034,-0.03064682148396969,0.6201207637786865,0.43607792258262634,-0.04266989231109619,0.5921793580055237,0.4538502097129822,-0.04763049632310867,0.7053821682929993,0.5205695629119873,-0.0336444117128849,0.6742269396781921,0.46571582555770874,-0.04342731833457947,0.6414834260940552,0.4520736336708069,-0.05010593682527542,0.6156834363937378,0.4536038637161255,-0.05310947075486183
C,0.7379449009895325,0.6645624041557312,-2.179397853296905e-07,0.6843205094337463,0.6670691967010498,-0.008684368804097176,0.6354125142097473,0.6360275149345398,-0.018574798479676247,0.5937251448631287,0.6187954545021057,-0.03224126622080803,0.5634151101112366,0.5939947962760925,-0.04478267952799797,0.6570989489555359,0.5224258303642273,0.002030398929491639,0.6355082392692566,0.4538400173187256,-0.020703911781311035,0.6062183976173401,0.44657620787620544,-0.03916164115071297,0.5825173854827881,0.45918333530426025,-0.048803362995386124,0.6709551811218262,0.5121105909347534,-0.006355192046612501,0.6433024406433105,0.4343179762363434,-0.029338840395212173,0.6053164005279541,0.43385863304138184,-0.045969158411026,0.5797100067138672,0.45539620518684387,-0.05283078923821449,0.6870009899139404,0.510796844959259,-0.01850329525768757,0.6594744920730591,0.4369935989379883,-0.03591921925544739,0.6196361780166626,0.4375329613685608,-0.04750099778175354,0.5922819972038269,0.45577847957611084,-0.051183491945266724,0.7047085165977478,0.5195941925048828,-0.03216870129108429,0.6740861535072327,0.4638465642929077,-0.04391755163669586,0.6407144069671631,0.45005616545677185,-0.051017168909311295,0.6147518754005432,0.4514436721801758,-0.05346061289310455
C,0.7367821931838989,0.6676117181777954,-1.956606752173684e-07,0.6838328242301941,0.666767954826355,-0.01013354305177927,0.6355887055397034,0.6355050206184387,-0.02117486111819744,0.5946699380874634,0.618837833404541,-0.035536542534828186,0.564038097858429,0.5950405597686768,-0.04864977300167084,0.6564563512802124,0.521303117275238,0.000728968414478004,0.6354254484176636,0.4538057744503021,-0.022342432290315628,0.6068371534347534,0.4456285536289215,-0.04140853136777878,0.5831020474433899,0.4576829671859741,-0.051426000893116,0.6710055470466614,0.5108630657196045,-0.006627629976719618,0.6443213224411011,0.4343828558921814,-0.029211919754743576,0.6077466011047363,0.4319535195827484,-0.04566967114806175,0.5814424753189087,0.4520803689956665,-0.05250360444188118,0.6875630617141724,0.5107644200325012,-0.01782234199345112,0.6601161956787109,0.43807902932167053,-0.03454502299427986,0.622205376625061,0.4364181160926819,-0.045349590480327606,0.5944767594337463,0.45263975858688354,-0.0486883744597435,0.7054208517074585,0.5222122073173523,-0.030694276094436646,0.6774774193763733,0.467940092086792,-0.04180627316236496,0.6475041508674622,0.45119649171829224,-0.04829701408743858,0.6225700378417969,0.44844287633895874,-0.05034391209483147
C,0.7376331686973572,0.6678860187530518,-2.135751202558822e-07,0.6844255924224854,0.6665968298912048,-0.0077596548944711685,0.6369510293006897,0.6347404718399048,-0.0176940206438303,0.5958364009857178,0.6185499429702759,-0.031734365969896317,0.5648757219314575,0.5949618816375732,-0.04459390416741371,0.6578913331031799,0.5204136371612549,0.004337197169661522,0.6360121965408325,0.45337265729904175,-0.017831437289714813,0.606837272644043,0.44686219096183777,-0.03607477247714996,0.5839210152626038,0.46065738797187805,-0.04557015001773834,0.6713447570800781,0.5102022886276245,-0.004582229536026716,0.6436975002288818,0.4337964951992035,-0.025970522314310074,0.606404721736908,0.4325423538684845,-0.0417022742331028,0.5812777280807495,0.45350074768066406,-0.04827379807829857,0.6870442628860474,0.5099952220916748,-0.01739959418773651,0.6585467457771301,0.4364596903324127,-0.033497050404548645,0.6197659969329834,0.43672841787338257,-0.04399588704109192,0.5934961438179016,0.45537522435188293,-0.04727908596396446,0.7039281129837036,0.5206838846206665,-0.03183077648282051,0.6742518544197083,0.46525463461875916,-0.04252174124121666,0.6422757506370544,0.45046424865722656,-0.048924241214990616,0.6173768043518066,0.45097777247428894,-0.051044974476099014
C,0.738174319267273,0.66900634765625,-2.1431532104543294e-07,0.6837584972381592,0.6666279435157776,-0.007183140143752098,0.6358224153518677,0.6344426870346069,-0.016440030187368393,0.5949717164039612,0.6175633072853088,-0.03002210147678852,0.5644752979278564,0.5942996740341187,-0.04238325357437134,0.6582760214805603,0.5209638476371765,0.006958229932934046,0.6373414397239685,0.4542075991630554,-0.01409502699971199,0.608247697353363,0.4470810294151306,-0.03205427527427673,0.5848885774612427,0.4592542350292206,-0.041650429368019104,0.6717521548271179,0.5103668570518494,-0.0021314285695552826,0.6448472142219543,0.4346269369125366,-0.022138504311442375,0.6070243716239929,0.4325833320617676,-0.037686314433813095,0.5813028812408447,0.45242828130722046,-0.04459250345826149,0.6876680850982666,0.5099047422409058,-0.015220848843455315,0.6594874858856201,0.43556565046310425,-0.030638983473181725,0.6199203729629517,0.4365895688533783,-0.04095132276415825,0.5935941338539124,0.45605534315109253,-0.04438139498233795,0.7046841382980347,0.520099401473999,-0.029931802302598953,0.6742773056030273,0.46428191661834717,-0.04017117619514465,0.6414795517921448,0.45248857140541077,-0.04605405032634735,0.61687833070755,0.45653289556503296,-0.04798997938632965
C,0.7400106191635132,0.6679613590240479,-2.091579034413371e-07,0.6823111176490784,0.6677048206329346,-0.0026266565546393394,0.6344091892242432,0.6357166767120361,-0.010042166337370872,0.5939199924468994,0.619331955909729,-0.023067988455295563,0.563849687576294,0.5932814478874207,-0.035538140684366226,0.6578752994537354,0.519659698009491,0.01206976454705,0.635998010635376,0.4529145658016205,-0.007499369792640209,0.6070529222488403,0.44564270973205566,-0.025461211800575256,0.5830401182174683,0.45825108885765076,-0.03572165220975876,0.6729004979133606,0.5096086263656616,-0.00036604440538212657,0.6431994438171387,0.43569767475128174,-0.02022746205329895,0.6052323579788208,0.43467724323272705,-0.03764322027564049,0.5794755220413208,0.4571651220321655,-0.046390365809202194,0.6894295811653137,0.5097982287406921,-0.016525981947779655,0.6596871018409729,0.4376000761985779,-0.03197670355439186,0.6189830899238586,0.4378848373889923,-0.044689349830150604,0.5910062193870544,0.457840234041214,-0.050321612507104874,0.7062747478485107,0.52057284116745,-0.03392944484949112,0.6753871440887451,0.4661737382411957,-0.04525182768702507,0.6414898633956909,0.4513738751411438,-0.05328928306698799,0.6143653988838196,0.45281827449798584,-0.05717487260699272
C,0.7367953062057495,0.667029857635498,-2.0970898617633793e-07,0.6823170185089111,0.6658138036727905,-0.0066456263884902,0.6350386142730713,0.6340541839599609,-0.01626748777925968,0.5945467352867126,0.6175950765609741,-0.030207635834813118,0.563948929309845,0.5939973592758179,-0.04316498711705208,0.6559106111526489,0.5192666053771973,0.0049619306810200214,0.6356561183929443,0.45187583565711975,-0.016618775203824043,0.6066803932189941,0.44634538888931274,-0.03496245667338371,0.5834176540374756,0.4600801169872284,-0.04488436132669449,0.6700794100761414,0.5094015598297119,-0.004513429943472147,0.6426459550857544,0.43344569206237793,-0.02578255906701088,0.6049307584762573,0.43373215198516846,-0.04232083633542061,0.5797548294067383,0.45618483424186707,-0.04981645941734314,0.6864829659461975,0.510054349899292,-0.01768779754638672,0.6583366394042969,0.4362618625164032,-0.03376540169119835,0.6193423867225647,0.43807780742645264,-0.04506820812821388,0.5929272174835205,0.4587007462978363,-0.049248453229665756,0.7038400173187256,0.5213828682899475,-0.03229646384716034,0.6754904389381409,0.4672251343727112,-0.04316730797290802,0.6441799998283386,0.4539058208465576,-0.05001376196742058,0.6194776296615601,0.4564953148365021,-0.052717916667461395
C,0.7410897016525269,0.6700527667999268,-2.1514796344490605e-07,0.6827482581138611,0.667231559753418,0.003067753976210952,0.6356486678123474,0.6350604295730591,-0.0022360014263540506,0.5951523780822754,0.6202573180198669,-0.014686597511172295,0.5643971562385559,0.5948348641395569,-0.027170643210411072,0.6576510667800903,0.5214040279388428,0.019788481295108795,0.6354144215583801,0.45689132809638977,0.0026917916256934404,0.6067682504653931,0.4480050206184387,-0.014131415635347366,0.5824634432792664,0.45796364545822144,-0.024148663505911827,0.6722062826156616,0.5103529095649719,0.003676887834444642,0.6445655226707458,0.4351077675819397,-0.01452729757875204,0.6065006256103516,0.43163856863975525,-0.03163990378379822,0.5791602730751038,0.45295655727386475,-0.040395330637693405,0.688209056854248,0.5098848342895508,-0.015947571024298668,0.6593677997589111,0.4385078251361847,-0.029971078038215637,0.6190277338027954,0.437680184841156,-0.042303409427404404,0.5906155109405518,0.45649969577789307,-0.048094917088747025,0.7042219042778015,0.5194780230522156,-0.03654202073812485,0.673259973526001,0.46491554379463196,-0.04634767025709152,0.6393271684646606,0.45162028074264526,-0.05351095274090767,0.6121181845664978,0.45414024591445923,-0.05734189972281456
C,0.7375451326370239,0.6692342758178711,-2.0599385663899739e-07,0.683712899684906,0.6665269136428833,-0.007494200486689806,0.6376563310623169,0.634782075881958,-0.017653727903962135,0.5971270799636841,0.6184182167053223,-0.03220111504197121,0.565070629119873,0.5961517095565796,-0.045761749148368835,0.6568172574043274,0.5203106999397278,0.0048737190663814545,0.6350310444831848,0.4535199701786041,-0.01786833442747593,0.6062037944793701,0.44573891162872314,-0.03703088313341141,0.5832132697105408,0.4575791656970978,-0.047446753829717636,0.6705756783485413,0.5102697014808655,-0.004947468172758818,0.6441713571548462,0.43358373641967773,-0.028053129091858864,0.6061940789222717,0.43236228823661804,-0.04544768109917641,0.5800365209579468,0.45379096269607544,-0.05304502323269844,0.6868165731430054,0.5106538534164429,-0.018670877441763878,0.6592732667922974,0.4379759728908539,-0.03625503554940224,0.6195077896118164,0.43880701065063477,-0.048431895673274994,0.5926229953765869,0.458382248878479,-0.05269644036889076,0.7040172219276428,0.5216197371482849,-0.033954888582229614,0.6757118105888367,0.4667743742465973,-0.045487239956855774,0.6435136795043945,0.4529212713241577,-0.05284198746085167,0.6184428930282593,0.4546286463737488,-0.05576698109507561
C,0.7382714152336121,0.6698138117790222,-2.251430828437151e-07,0.6841202974319458,0.6665038466453552,-0.006585818249732256,0.6362243890762329,0.6343538165092468,-0.01562448125332594,0.59566330909729,0.6182019114494324,-0.029112931340932846,0.5654318928718567,0.5948298573493958,-0.04145960509777069,0.657459557056427,0.5215484499931335,0.0066688223741948605,0.6364763379096985,0.4543115794658661,-0.014958738349378109,0.607153058052063,0.4480625092983246,-0.0331043004989624,0.5845714807510376,0.4610018730163574,-0.04282527416944504,0.6711183190345764,0.5111063718795776,-0.002959399949759245,0.645248293876648,0.4332467317581177,-0.02436503954231739,0.6071773171424866,0.4324130117893219,-0.04044823348522186,0.5819575190544128,0.4541627764701843,-0.04726892337203026,0.6870385408401489,0.5106890201568604,-0.016473444178700447,0.6594232320785522,0.43643930554389954,-0.03234396129846573,0.6195388436317444,0.43724438548088074,-0.04319322109222412,0.5933941006660461,0.45690345764160156,-0.04679461568593979,0.7042416334152222,0.5207825899124146,-0.03154991567134857,0.6744295954704285,0.4650208652019501,-0.04187222570180893,0.6414551138877869,0.4518423080444336,-0.04815616458654404,0.6165038347244263,0.4544495940208435,-0.05036728084087372
C,0.7382282018661499,0.6684536933898926,-2.2739089899914688e-07,0.6845553517341614,0.6672853827476501,-0.0068642389960587025,0.6372452974319458,0.6363681554794312,-0.016357338055968285,0.596837043762207,0.6200451850891113,-0.03026469610631466,0.5653464794158936,0.5969489812850952,-0.043036140501499176,0.6570919752120972,0.5209706425666809,0.006471602246165276,0.6352538466453552,0.4550091028213501,-0.015554418787360191,0.6052709221839905,0.4491608738899231,-0.03438932076096535,0.5817952156066895,0.4623672664165497,-0.044670965522527695,0.6703729033470154,0.510591447353363,-0.003211771138012409,0.6433833837509155,0.43408942222595215,-0.0249639879912138,0.6058355569839478,0.433396577835083,-0.04184700921177864,0.5806506276130676,0.4549778401851654,-0.04946525767445564,0.6858981251716614,0.5098409056663513,-0.016801530495285988,0.657498300075531,0.43700772523880005,-0.03276579827070236,0.6184267401695251,0.4373532235622406,-0.04426642507314682,0.5922831892967224,0.45652952790260315,-0.048592712730169296,0.7028418779373169,0.5191779732704163,-0.03201781213283539,0.673546314239502,0.46406838297843933,-0.04241152107715607,0.6412184238433838,0.45015689730644226,-0.049257829785346985,0.616165280342102,0.4519890248775482,-0.052108556032180786
C,0.7400291562080383,0.6705076694488525,-2.1454516740959662e-07,0.6861951947212219,0.6681407690048218,-0.010447144508361816,0.6378279328346252,0.6375770568847656,-0.02139182575047016,0.5966997146606445,0.6212813258171082,-0.035846464335918427,0.5657514333724976,0.5973356366157532,-0.04896363615989685,0.6585615873336792,0.5235449075698853,0.0025363683234900236,0.6355961561203003,0.45769286155700684,-0.02069750800728798,0.6063151359558105,0.44946810603141785,-0.040413737297058105,0.5825713276863098,0.4607301950454712,-0.0511670857667923,0.6720104813575745,0.5126233100891113,-0.005079616792500019,0.6430726647377014,0.4373089671134949,-0.02875656448304653,0.6059811115264893,0.4357040524482727,-0.04695688560605049,0.5798672437667847,0.4566238224506378,-0.05502157285809517,0.6877292990684509,0.5113356709480286,-0.016686374321579933,0.6590368151664734,0.43865421414375305,-0.03430101275444031,0.6204538941383362,0.4375810921192169,-0.046688348054885864,0.5931660532951355,0.4555855691432953,-0.050990983843803406,0.7050714492797852,0.5212791562080383,-0.03005296364426613,0.6753120422363281,0.4675321578979492,-0.041937172412872314,0.6446092128753662,0.44935470819473267,-0.04976806417107582,0.6198687553405762,0.44558829069137573,-0.05278550833463669
C,0.7385602593421936,0.6670652627944946,-2.2461236426352116e-07,0.6805086731910706,0.6672901511192322,-0.0015144411008805037,0.6331546306610107,0.6365153789520264,-0.008253219537436962,0.5932414531707764,0.6203973889350891,-0.020880751311779022,0.5637152791023254,0.59405517578125,-0.03308233618736267,0.6574506759643555,0.5220360159873962,0.012621371075510979,0.6353240609169006,0.45604947209358215,-0.006234786938875914,0.6062983870506287,0.4491485059261322,-0.023206235840916634,0.5830819606781006,0.46186625957489014,-0.032846398651599884,0.6714144945144653,0.5114226341247559,-0.00026152352802455425,0.6423142552375793,0.4372430443763733,-0.01963026262819767,0.6037243008613586,0.437772661447525,-0.036239948123693466,0.5786197781562805,0.4604485332965851,-0.04439310356974602,0.6869992017745972,0.5108383893966675,-0.016731921583414078,0.6585534811019897,0.43788260221481323,-0.03189454972743988,0.6171697378158569,0.4390698969364166,-0.04432704672217369,0.5896916389465332,0.45944899320602417,-0.04975435137748718,0.7028731107711792,0.5206895470619202,-0.03436534106731415,0.6731533408164978,0.46436670422554016,-0.04523448273539543,0.6383268237113953,0.4507284462451935,-0.053005706518888474,0.611099362373352,0.4541947543621063,-0.05680672079324722
C,0.7395241260528564,0.668463945388794,-2.1082030343677616e-07,0.6820750832557678,0.6692011952400208,-0.005186364054679871,0.6339814066886902,0.6373393535614014,-0.013077576644718647,0.5938317775726318,0.6202394366264343,-0.025817731395363808,0.5642703175544739,0.5943009853363037,-0.03755393624305725,0.6581024527549744,0.5228675007820129,0.009159237146377563,0.6356345415115356,0.45662739872932434,-0.011306984350085258,0.6063845157623291,0.4486122131347656,-0.029297389090061188,0.5826781392097473,0.46011877059936523,-0.03929344564676285,0.6718489527702332,0.5120261907577515,-0.001450557028874755,0.6426851153373718,0.43731486797332764,-0.022613616660237312,0.6043102741241455,0.43713292479515076,-0.03954753279685974,0.578908383846283,0.4593806266784668,-0.04730112850666046,0.6875359416007996,0.511247992515564,-0.015855584293603897,0.6589739918708801,0.43925389647483826,-0.03193916380405426,0.6186181902885437,0.44079214334487915,-0.043894000351428986,0.5914978981018066,0.4607082009315491,-0.04841690510511398,0.7042123675346375,0.5212399959564209,-0.03172940015792847,0.6749005913734436,0.4662872552871704,-0.04283084347844124,0.6418386101722717,0.45076847076416016,-0.05036003887653351,0.6156563758850098,0.45104384422302246,-0.05357887223362923
C,0.7376382350921631,0.670080304145813,-2.0537272860110534e-07,0.6824267506599426,0.6701719164848328,-0.008442511782050133,0.6343053579330444,0.6382073163986206,-0.017582301050424576,0.5940653681755066,0.6206717491149902,-0.030520668253302574,0.564592719078064,0.595416784286499,-0.042201247066259384,0.6579241752624512,0.5252286791801453,0.004342528525739908,0.6367029547691345,0.4587440490722656,-0.0171562060713768,0.6078355312347412,0.450213760137558,-0.03530636429786682,0.5841749310493469,0.4615482985973358,-0.045000799000263214,0.6712919473648071,0.514191210269928,-0.003639782080426812,0.6451289653778076,0.4375922679901123,-0.024952583014965057,0.6077767014503479,0.435175359249115,-0.041258517652750015,0.5816574096679688,0.4559420645236969,-0.048213258385658264,0.6867569088935852,0.5127117037773132,-0.015411676838994026,0.6593543291091919,0.43952834606170654,-0.03123154491186142,0.6196066737174988,0.4383549988269806,-0.04256333410739899,0.5915087461471558,0.45597705245018005,-0.046382565051317215,0.7033212184906006,0.5223214626312256,-0.028815561905503273,0.6738548278808594,0.46710968017578125,-0.039436858147382736,0.6417842507362366,0.4511207342147827,-0.046317748725414276,0.6159641146659851,0.45071423053741455,-0.04876543954014778
C,0.7397453188896179,0.6676082015037537,-2.1078746215152933e-07,0.6837447285652161,0.6682673692703247,-0.00740453926846385,0.6349126696586609,0.6369900703430176,-0.016212431713938713,0.5938727855682373,0.6195269823074341,-0.029179127886891365,0.5640342235565186,0.5946897864341736,-0.041008565574884415,0.6582152843475342,0.5250319242477417,0.005809043999761343,0.6361204385757446,0.4585525691509247,-0.014781132340431213,0.606967031955719,0.4504789710044861,-0.03229793533682823,0.5843295454978943,0.46248361468315125,-0.04194626212120056,0.6716204881668091,0.514526903629303,-0.0032071650493890047,0.6428346037864685,0.4383324384689331,-0.023775923997163773,0.6048294901847839,0.4376986026763916,-0.03972213715314865,0.5800718069076538,0.45928269624710083,-0.04700935259461403,0.6872812509536743,0.5133090019226074,-0.016089560464024544,0.6587801575660706,0.43849706649780273,-0.03193456307053566,0.6177403926849365,0.43977075815200806,-0.04333033040165901,0.5907643437385559,0.45974037051200867,-0.04766266047954559,0.7039763331413269,0.5223991870880127,-0.03056219220161438,0.6724336743354797,0.46676573157310486,-0.041935164481401443,0.637233555316925,0.45390254259109497,-0.049524031579494476,0.6105933785438538,0.4567274749279022,-0.05284033715724945
C,0.7390726208686829,0.6717492341995239,-2.1055311094642093e-07,0.6836792826652527,0.6695823669433594,-0.005657244473695755,0.6363057494163513,0.6377407908439636,-0.013769416138529778,0.5957545638084412,0.6210321187973022,-0.026547333225607872,0.5655542016029358,0.5964553356170654,-0.0384395532310009,0.6582832336425781,0.5256345272064209,0.00906343199312687,0.6377619504928589,0.4608501195907593,-0.010902384296059608,0.6095664501190186,0.4509273171424866,-0.02826797403395176,0.5859074592590332,0.46066802740097046,-0.03773137554526329,0.6715007424354553,0.513756275177002,-0.0007878225878812373,0.6452320218086243,0.43801847100257874,-0.02039370872080326,0.6087418794631958,0.4340861439704895,-0.03634990379214287,0.5820038914680481,0.4534521996974945,-0.043561507016420364,0.6868840456008911,0.5113648176193237,-0.0144555838778615,0.6586301922798157,0.4382684826850891,-0.029530484229326248,0.6195979118347168,0.4370468258857727,-0.04078444838523865,0.5916310548782349,0.4547520577907562,-0.04493509605526924,0.7031642198562622,0.5196878910064697,-0.02959536574780941,0.671518087387085,0.464778333902359,-0.03950733318924904,0.6390123963356018,0.45068326592445374,-0.04595568776130676,0.6129837036132812,0.45212435722351074,-0.04851368069648743
